user_id,product_id,action,timestamp
1,16,view,11/06/2025 0:20
1,16,click,11/06/2025 0:37
1,36,view,11/06/2025 1:14
1,7,search,11/06/2025 1:20
1,16,search,11/06/2025 1:56
1,15,view,11/06/2025 4:27
1,6,search,11/06/2025 7:02
1,15,view,11/06/2025 8:59
1,40,click,11/06/2025 9:12
1,47,add_to_cart,11/06/2025 9:39
1,11,add_to_cart,11/06/2025 11:16
1,1,search,11/06/2025 13:03
1,6,click,11/06/2025 14:53
1,6,click,11/06/2025 16:18
1,11,purchase,11/06/2025 18:39
1,26,search,11/06/2025 20:53
1,11,click,11/06/2025 22:52
1,49,click,11/07/2025 1:49
1,49,click,11/07/2025 3:07
1,6,add_to_cart,11/07/2025 4:35
1,49,view,11/07/2025 6:40
1,12,search,11/07/2025 9:03
1,22,search,11/07/2025 10:09
1,6,purchase,11/07/2025 12:54
1,22,view,11/07/2025 13:05
1,12,view,11/07/2025 14:27
1,47,purchase,11/07/2025 16:26
1,48,view,11/07/2025 18:51
1,22,view,11/07/2025 19:59
1,6,view,11/07/2025 20:58
1,47,view,11/07/2025 22:55
1,27,click,11/07/2025 23:27
1,12,click,11/07/2025 23:56
1,6,view,11/08/2025 0:42
1,4,click,11/08/2025 3:14
1,5,search,11/08/2025 4:28
1,47,click,11/08/2025 7:01
1,47,click,11/08/2025 9:59
1,22,search,11/08/2025 11:08
1,5,click,11/08/2025 13:26
1,26,search,11/08/2025 16:19
1,49,add_to_cart,11/08/2025 18:21
1,49,purchase,11/08/2025 20:18
1,11,rate,11/08/2025 21:01
1,7,view,11/08/2025 21:47
1,4,click,11/08/2025 23:18
1,39,search,11/09/2025 1:43
1,49,click,11/09/2025 2:15
1,39,add_to_cart,11/09/2025 4:40
1,49,add_to_cart,11/09/2025 4:57
1,39,update_quantity,11/09/2025 5:15
1,39,view,11/09/2025 8:08
1,37,click,11/09/2025 10:59
1,49,click,11/09/2025 13:19
1,39,purchase,11/09/2025 14:40
2,31,view,02/13/2026 9:47
2,31,add_to_cart,02/13/2026 11:49
2,31,view,02/13/2026 12:34
2,8,view,02/13/2026 13:15
2,31,view,02/13/2026 14:14
2,31,add_to_cart,02/13/2026 16:15
2,31,click,02/13/2026 16:45
2,37,search,02/13/2026 18:24
2,13,search,02/13/2026 20:15
2,11,click,02/13/2026 22:14
2,31,view,02/13/2026 22:22
2,31,update_quantity,02/13/2026 22:29
2,31,purchase,02/14/2026 0:14
2,26,view,02/14/2026 2:52
2,11,view,02/14/2026 5:42
2,1,search,02/14/2026 7:28
2,13,view,02/14/2026 8:39
2,3,add_to_cart,02/14/2026 10:52
2,38,search,02/14/2026 12:09
2,1,view,02/14/2026 14:02
2,19,view,02/14/2026 16:17
2,6,click,02/14/2026 16:19
2,12,search,02/14/2026 18:36
2,19,add_to_cart,02/14/2026 18:51
2,30,view,02/14/2026 19:23
2,8,add_to_cart,02/14/2026 20:42
2,30,click,02/14/2026 23:04
2,32,search,02/15/2026 1:42
2,32,click,02/15/2026 2:39
2,3,update_quantity,02/15/2026 5:35
2,30,click,02/15/2026 6:44
2,3,click,02/15/2026 9:13
2,14,search,02/15/2026 10:58
2,3,add_to_cart,02/15/2026 13:30
2,3,view,02/15/2026 15:42
2,19,update_quantity,02/15/2026 17:44
2,31,rate,02/15/2026 19:10
2,30,add_to_cart,02/15/2026 19:15
2,32,search,02/15/2026 20:55
2,14,search,02/15/2026 21:32
2,19,view,02/15/2026 22:46
2,36,search,02/16/2026 0:49
2,36,search,02/16/2026 3:36
2,23,search,02/16/2026 4:52
2,23,view,02/16/2026 6:43
2,36,add_to_cart,02/16/2026 6:50
2,36,view,02/16/2026 7:21
2,8,search,02/16/2026 8:09
3,27,view,12/21/2025 0:12
3,2,view,12/21/2025 1:28
3,27,search,12/21/2025 1:42
3,26,view,12/21/2025 3:52
3,2,add_to_cart,12/21/2025 4:55
3,2,update_quantity,12/21/2025 5:28
3,15,search,12/21/2025 6:19
3,2,remove_cart,12/21/2025 6:41
3,2,click,12/21/2025 8:49
3,27,view,12/21/2025 10:59
3,18,view,12/21/2025 12:44
3,2,click,12/21/2025 13:00
3,25,view,12/21/2025 15:27
3,18,search,12/21/2025 17:55
3,39,search,12/21/2025 19:50
3,25,click,12/21/2025 21:14
3,25,view,12/21/2025 22:59
3,9,add_to_cart,12/22/2025 1:26
3,25,click,12/22/2025 3:34
3,9,purchase,12/22/2025 5:57
3,48,search,12/22/2025 7:32
3,9,add_to_cart,12/22/2025 7:46
3,7,search,12/22/2025 8:17
3,9,remove_cart,12/22/2025 9:50
3,9,view,12/22/2025 11:39
3,12,click,12/22/2025 12:30
3,22,add_to_cart,12/22/2025 12:38
3,22,purchase,12/22/2025 13:41
3,28,search,12/22/2025 16:31
3,38,search,12/22/2025 19:07
3,7,view,12/22/2025 20:40
3,22,click,12/22/2025 22:36
3,22,view,12/22/2025 23:11
3,38,click,12/23/2025 0:37
3,44,view,12/23/2025 3:38
3,22,rate,12/23/2025 5:10
3,38,view,12/23/2025 7:33
3,22,search,12/23/2025 8:44
3,7,view,12/23/2025 11:20
3,44,click,12/23/2025 13:48
3,12,search,12/23/2025 14:13
3,42,search,12/23/2025 14:18
3,30,click,12/23/2025 17:00
3,35,view,12/23/2025 18:14
3,35,search,12/23/2025 20:38
3,22,add_to_cart,12/23/2025 21:40
3,6,search,12/23/2025 23:18
3,22,add_to_cart,12/24/2025 1:50
3,5,view,12/24/2025 3:22
3,6,click,12/24/2025 3:43
3,6,view,12/24/2025 5:52
3,5,view,12/24/2025 6:14
3,22,remove_cart,12/24/2025 8:12
3,27,add_to_cart,12/24/2025 9:53
3,5,view,12/24/2025 10:39
3,41,view,12/24/2025 13:25
3,27,purchase,12/24/2025 15:40
3,5,view,12/24/2025 17:56
3,5,click,12/24/2025 18:36
3,11,search,12/24/2025 19:16
3,45,view,12/24/2025 22:11
3,35,view,12/25/2025 0:57
3,11,view,12/25/2025 3:05
3,11,click,12/25/2025 3:37
3,27,rate,12/25/2025 4:05
3,31,search,12/25/2025 6:41
3,1,click,12/25/2025 8:04
3,41,view,12/25/2025 8:11
3,11,click,12/25/2025 10:00
3,48,search,12/25/2025 12:42
3,1,view,12/25/2025 14:21
3,27,add_to_cart,12/25/2025 17:13
3,9,rate,12/25/2025 18:10
3,27,click,12/25/2025 20:07
3,1,click,12/25/2025 20:53
3,27,remove_cart,12/25/2025 21:28
3,24,view,12/25/2025 22:40
4,45,add_to_cart,02/14/2026 10:09
4,46,click,02/14/2026 11:03
4,45,click,02/14/2026 11:59
4,45,remove_cart,02/14/2026 13:40
4,46,add_to_cart,02/14/2026 14:17
4,15,click,02/14/2026 15:54
4,46,update_quantity,02/14/2026 16:36
4,45,add_to_cart,02/14/2026 18:32
4,15,add_to_cart,02/14/2026 20:37
4,46,update_quantity,02/14/2026 20:45
4,46,view,02/14/2026 20:48
4,1,search,02/14/2026 23:36
4,15,update_quantity,02/15/2026 1:27
4,15,view,02/15/2026 3:09
4,47,add_to_cart,02/15/2026 3:38
4,1,view,02/15/2026 4:50
4,28,search,02/15/2026 5:30
4,15,update_quantity,02/15/2026 7:58
4,46,remove_cart,02/15/2026 10:25
4,1,add_to_cart,02/15/2026 10:42
4,45,purchase,02/15/2026 11:39
4,45,rate,02/15/2026 13:43
4,2,search,02/15/2026 14:40
4,50,search,02/15/2026 17:21
4,2,click,02/15/2026 17:35
4,45,add_to_cart,02/15/2026 20:25
4,1,view,02/15/2026 21:56
4,23,add_to_cart,02/15/2026 23:43
4,34,click,02/16/2026 1:31
4,24,search,02/16/2026 3:44
4,2,view,02/16/2026 5:40
4,5,add_to_cart,02/16/2026 6:13
4,5,click,02/16/2026 8:02
4,28,search,02/16/2026 10:04
4,5,view,02/16/2026 11:56
4,2,add_to_cart,02/16/2026 14:44
4,46,click,02/16/2026 15:31
4,38,search,02/16/2026 16:27
4,5,click,02/16/2026 18:59
4,2,click,02/16/2026 19:12
4,22,search,02/16/2026 19:29
4,5,click,02/16/2026 20:34
4,8,search,02/16/2026 21:57
4,47,purchase,02/16/2026 22:24
4,8,search,02/16/2026 23:41
4,15,add_to_cart,02/17/2026 0:04
4,23,purchase,02/17/2026 1:13
4,23,add_to_cart,02/17/2026 1:47
4,22,click,02/17/2026 4:39
4,29,click,02/17/2026 7:00
4,7,search,02/17/2026 7:58
4,44,view,02/17/2026 8:40
4,3,search,02/17/2026 10:15
4,25,view,02/17/2026 10:28
4,22,click,02/17/2026 12:07
4,48,search,02/17/2026 13:12
4,37,add_to_cart,02/17/2026 13:30
4,1,update_quantity,02/17/2026 14:30
4,48,view,02/17/2026 15:41
4,34,click,02/17/2026 18:16
4,22,view,02/17/2026 18:23
4,48,add_to_cart,02/17/2026 18:57
4,29,search,02/17/2026 20:03
4,47,rate,02/17/2026 21:37
4,25,search,02/17/2026 22:08
4,22,click,02/18/2026 0:27
4,22,view,02/18/2026 1:04
4,23,rate,02/18/2026 2:44
4,26,click,02/18/2026 3:42
4,37,view,02/18/2026 4:02
4,42,view,02/18/2026 7:00
4,45,update_quantity,02/18/2026 8:41
4,25,click,02/18/2026 9:56
4,25,add_to_cart,02/18/2026 12:37
4,45,purchase,02/18/2026 12:46
4,13,add_to_cart,02/18/2026 15:32
4,44,search,02/18/2026 17:23
4,13,update_quantity,02/18/2026 18:31
5,2,search,12/19/2025 2:21
5,2,click,12/19/2025 5:13
5,35,search,12/19/2025 6:24
5,36,add_to_cart,12/19/2025 7:13
5,36,add_to_cart,12/19/2025 7:55
5,43,search,12/19/2025 10:42
5,35,add_to_cart,12/19/2025 12:16
5,36,purchase,12/19/2025 14:32
5,35,purchase,12/19/2025 14:44
5,2,view,12/19/2025 16:50
5,42,search,12/19/2025 19:24
5,36,view,12/19/2025 20:20
5,2,search,12/19/2025 22:04
5,36,click,12/20/2025 0:30
5,35,click,12/20/2025 0:34
5,36,click,12/20/2025 3:33
5,36,click,12/20/2025 4:32
5,42,click,12/20/2025 6:31
5,7,search,12/20/2025 7:59
5,36,add_to_cart,12/20/2025 9:13
5,9,search,12/20/2025 9:24
5,36,purchase,12/20/2025 10:19
5,29,view,12/20/2025 10:42
5,17,add_to_cart,12/20/2025 13:18
5,36,click,12/20/2025 15:15
5,42,click,12/20/2025 17:24
5,11,view,12/20/2025 19:28
5,47,click,12/20/2025 20:52
5,20,click,12/20/2025 22:34
5,20,view,12/20/2025 22:39
5,36,rate,12/21/2025 1:26
5,20,add_to_cart,12/21/2025 2:58
5,20,click,12/21/2025 3:18
5,17,remove_cart,12/21/2025 3:20
5,20,purchase,12/21/2025 3:23
5,20,view,12/21/2025 5:51
5,46,search,12/21/2025 8:15
5,45,click,12/21/2025 9:21
5,41,view,12/21/2025 11:34
5,20,click,12/21/2025 12:42
5,17,click,12/21/2025 15:33
5,17,view,12/21/2025 17:43
5,17,view,12/21/2025 17:53
5,20,search,12/21/2025 18:56
5,41,view,12/21/2025 21:31
5,20,rate,12/21/2025 23:35
5,17,view,12/22/2025 0:23
5,10,click,12/22/2025 0:36
5,17,view,12/22/2025 1:28
5,36,view,12/22/2025 3:32
5,17,click,12/22/2025 5:57
5,23,view,12/22/2025 8:15
5,15,view,12/22/2025 10:10
5,36,view,12/22/2025 10:53
5,17,view,12/22/2025 11:45
5,15,view,12/22/2025 12:03
5,18,click,12/22/2025 14:50
5,24,view,12/22/2025 16:18
5,16,click,12/22/2025 17:57
5,34,add_to_cart,12/22/2025 19:11
5,34,remove_cart,12/22/2025 20:24
5,36,view,12/22/2025 22:53
6,12,view,11/01/2025 14:47
6,12,view,11/01/2025 17:08
6,12,click,11/01/2025 17:33
6,49,search,11/01/2025 17:42
6,39,view,11/01/2025 20:42
6,43,add_to_cart,11/01/2025 22:04
6,43,update_quantity,11/01/2025 22:27
6,43,click,11/02/2025 0:20
6,34,click,11/02/2025 1:26
6,49,view,11/02/2025 1:48
6,39,view,11/02/2025 4:16
6,39,view,11/02/2025 7:11
6,43,click,11/02/2025 9:09
6,43,view,11/02/2025 10:05
6,28,search,11/02/2025 11:11
6,2,click,11/02/2025 11:48
6,36,search,11/02/2025 14:46
6,15,search,11/02/2025 16:46
6,45,click,11/02/2025 18:18
6,28,view,11/02/2025 21:05
6,28,click,11/02/2025 21:55
6,28,click,11/02/2025 22:24
6,43,purchase,11/02/2025 23:46
6,15,add_to_cart,11/03/2025 1:00
6,38,search,11/03/2025 3:22
6,36,view,11/03/2025 4:20
6,22,search,11/03/2025 6:12
6,15,view,11/03/2025 8:10
6,15,remove_cart,11/03/2025 9:14
6,28,view,11/03/2025 12:11
6,22,add_to_cart,11/03/2025 12:17
6,31,search,11/03/2025 14:17
6,40,search,11/03/2025 15:52
6,44,click,11/03/2025 16:21
6,22,purchase,11/03/2025 18:50
6,26,search,11/03/2025 20:24
6,31,search,11/03/2025 23:07
6,16,search,11/04/2025 0:56
6,31,view,11/04/2025 1:08
6,22,rate,11/04/2025 2:02
6,42,search,11/04/2025 3:59
6,22,add_to_cart,11/04/2025 4:37
6,11,add_to_cart,11/04/2025 7:30
6,48,search,11/04/2025 8:06
6,2,click,11/04/2025 9:00
6,5,view,11/04/2025 10:06
6,11,update_quantity,11/04/2025 10:37
6,29,search,11/04/2025 12:34
6,11,remove_cart,11/04/2025 15:05
6,22,click,11/04/2025 15:16
6,47,click,11/04/2025 17:25
6,5,click,11/04/2025 20:11
6,22,remove_cart,11/04/2025 22:58
6,22,click,11/04/2025 23:41
6,26,click,11/05/2025 1:32
6,43,rate,11/05/2025 3:18
6,10,click,11/05/2025 5:33
7,30,click,11/07/2025 5:10
7,30,add_to_cart,11/07/2025 5:52
7,30,view,11/07/2025 6:27
7,25,add_to_cart,11/07/2025 7:50
7,30,purchase,11/07/2025 10:20
7,30,view,11/07/2025 10:24
7,22,search,11/07/2025 10:42
7,25,update_quantity,11/07/2025 10:54
7,40,click,11/07/2025 12:35
7,31,search,11/07/2025 15:08
7,25,purchase,11/07/2025 17:34
7,31,click,11/07/2025 17:39
7,31,view,11/07/2025 19:00
7,12,search,11/07/2025 21:43
7,50,search,11/08/2025 0:28
7,6,search,11/08/2025 2:11
7,50,click,11/08/2025 2:24
7,7,add_to_cart,11/08/2025 3:13
7,7,remove_cart,11/08/2025 4:08
7,27,click,11/08/2025 6:45
7,39,search,11/08/2025 9:01
7,22,search,11/08/2025 9:29
7,5,view,11/08/2025 11:09
7,25,view,11/08/2025 12:27
7,50,click,11/08/2025 12:52
7,7,click,11/08/2025 14:33
7,25,view,11/08/2025 16:53
7,50,view,11/08/2025 18:42
7,36,search,11/08/2025 21:07
7,50,click,11/08/2025 23:48
7,50,view,11/09/2025 0:13
7,28,click,11/09/2025 2:14
7,41,view,11/09/2025 3:09
7,36,add_to_cart,11/09/2025 3:37
7,16,add_to_cart,11/09/2025 4:08
7,16,remove_cart,11/09/2025 5:36
7,16,click,11/09/2025 7:28
7,39,search,11/09/2025 7:58
7,5,view,11/09/2025 10:01
7,39,click,11/09/2025 12:13
7,7,click,11/09/2025 12:34
7,36,search,11/09/2025 13:05
7,14,search,11/09/2025 15:29
7,33,view,11/09/2025 16:19
7,36,purchase,11/09/2025 18:54
7,39,add_to_cart,11/09/2025 19:09
7,48,search,11/09/2025 21:40
7,39,view,11/09/2025 22:54
7,8,search,11/09/2025 23:50
7,36,view,11/10/2025 2:19
7,39,view,11/10/2025 4:30
7,34,view,11/10/2025 5:15
7,36,view,11/10/2025 7:13
7,25,search,11/10/2025 9:31
7,32,search,11/10/2025 10:46
7,14,search,11/10/2025 12:36
7,39,update_quantity,11/10/2025 12:46
7,24,view,11/10/2025 12:51
7,25,add_to_cart,11/10/2025 14:17
7,20,search,11/10/2025 15:50
8,24,search,02/08/2026 9:29
8,44,view,02/08/2026 11:16
8,26,click,02/08/2026 11:57
8,24,view,02/08/2026 12:31
8,23,add_to_cart,02/08/2026 13:12
8,23,remove_cart,02/08/2026 15:21
8,3,search,02/08/2026 17:02
8,26,add_to_cart,02/08/2026 19:35
8,19,search,02/08/2026 19:51
8,36,click,02/08/2026 20:01
8,46,add_to_cart,02/08/2026 21:11
8,3,click,02/08/2026 23:36
8,3,add_to_cart,02/09/2026 1:06
8,49,add_to_cart,02/09/2026 2:53
8,3,view,02/09/2026 4:12
8,5,click,02/09/2026 5:13
8,19,click,02/09/2026 7:52
8,3,search,02/09/2026 9:09
8,29,click,02/09/2026 9:31
8,3,view,02/09/2026 9:54
8,3,update_quantity,02/09/2026 12:46
8,3,view,02/09/2026 13:41
8,20,search,02/09/2026 14:37
8,25,view,02/09/2026 16:57
8,3,click,02/09/2026 17:57
8,21,click,02/09/2026 19:37
8,20,view,02/09/2026 21:23
8,26,view,02/09/2026 22:04
8,3,view,02/09/2026 22:11
8,21,click,02/10/2026 0:35
8,3,click,02/10/2026 1:46
8,38,view,02/10/2026 4:41
8,42,search,02/10/2026 4:57
8,21,view,02/10/2026 6:42
8,23,click,02/10/2026 7:56
8,38,view,02/10/2026 8:48
8,46,purchase,02/10/2026 10:28
8,49,remove_cart,02/10/2026 12:47
8,38,view,02/10/2026 13:05
8,38,click,02/10/2026 15:35
8,3,purchase,02/10/2026 17:12
8,33,add_to_cart,02/10/2026 18:40
8,28,search,02/10/2026 21:39
8,38,view,02/10/2026 21:47
8,38,add_to_cart,02/10/2026 23:45
8,38,view,02/11/2026 2:45
8,38,view,02/11/2026 4:19
8,38,view,02/11/2026 6:17
8,38,purchase,02/11/2026 8:37
8,33,update_quantity,02/11/2026 9:29
8,25,search,02/11/2026 12:16
8,33,update_quantity,02/11/2026 13:00
8,2,view,02/11/2026 13:50
8,11,click,02/11/2026 16:07
8,26,purchase,02/11/2026 16:16
8,33,purchase,02/11/2026 17:12
8,25,add_to_cart,02/11/2026 18:28
8,25,purchase,02/11/2026 18:34
8,25,click,02/11/2026 20:28
8,18,view,02/11/2026 21:18
8,30,search,02/11/2026 22:02
8,35,search,02/11/2026 23:56
8,20,view,02/12/2026 2:54
9,1,view,02/15/2026 3:57
9,45,search,02/15/2026 6:21
9,45,view,02/15/2026 8:31
9,20,add_to_cart,02/15/2026 11:12
9,13,view,02/15/2026 14:03
9,11,view,02/15/2026 16:30
9,20,purchase,02/15/2026 16:55
9,13,add_to_cart,02/15/2026 18:48
9,48,add_to_cart,02/15/2026 18:51
9,7,search,02/15/2026 20:08
9,6,add_to_cart,02/15/2026 22:18
9,20,add_to_cart,02/16/2026 0:37
9,48,purchase,02/16/2026 3:24
9,48,add_to_cart,02/16/2026 5:39
9,7,add_to_cart,02/16/2026 7:16
9,1,search,02/16/2026 9:51
9,7,add_to_cart,02/16/2026 12:10
9,48,remove_cart,02/16/2026 12:14
9,13,remove_cart,02/16/2026 14:23
9,19,add_to_cart,02/16/2026 16:03
9,5,view,02/16/2026 16:19
9,38,search,02/16/2026 18:15
9,34,click,02/16/2026 20:40
9,20,rate,02/16/2026 21:18
9,12,search,02/16/2026 23:23
9,42,search,02/17/2026 1:48
9,12,view,02/17/2026 3:14
9,10,click,02/17/2026 3:36
9,5,view,02/17/2026 5:12
9,7,update_quantity,02/17/2026 5:52
9,8,search,02/17/2026 8:39
9,18,search,02/17/2026 10:16
9,7,remove_cart,02/17/2026 12:38
9,49,search,02/17/2026 14:24
9,8,search,02/17/2026 16:16
9,27,click,02/17/2026 17:41
9,17,view,02/17/2026 19:53
9,21,search,02/17/2026 20:25
9,30,view,02/17/2026 20:50
9,21,click,02/17/2026 22:52
9,37,add_to_cart,02/17/2026 23:32
9,37,purchase,02/18/2026 1:56
9,11,click,02/18/2026 3:22
9,37,view,02/18/2026 4:11
9,21,view,02/18/2026 4:24
9,11,view,02/18/2026 6:04
9,20,search,02/18/2026 6:39
9,20,update_quantity,02/18/2026 8:44
9,11,add_to_cart,02/18/2026 10:15
9,1,search,02/18/2026 11:01
9,11,add_to_cart,02/18/2026 12:21
10,36,view,11/17/2025 2:30
10,30,click,11/17/2025 2:43
10,36,add_to_cart,11/17/2025 4:06
10,23,search,11/17/2025 5:42
10,13,search,11/17/2025 8:26
10,23,view,11/17/2025 10:10
10,38,click,11/17/2025 11:20
10,36,remove_cart,11/17/2025 13:05
10,36,add_to_cart,11/17/2025 15:01
10,16,view,11/17/2025 15:42
10,45,view,11/17/2025 18:29
10,13,add_to_cart,11/17/2025 20:46
10,1,view,11/17/2025 23:39
10,36,update_quantity,11/18/2025 0:12
10,38,click,11/18/2025 0:59
10,50,search,11/18/2025 2:37
10,38,view,11/18/2025 5:34
10,36,remove_cart,11/18/2025 7:05
10,38,search,11/18/2025 9:56
10,14,click,11/18/2025 11:38
10,42,add_to_cart,11/18/2025 12:09
10,42,update_quantity,11/18/2025 14:57
10,50,search,11/18/2025 16:44
10,38,view,11/18/2025 18:53
10,42,remove_cart,11/18/2025 19:39
10,42,view,11/18/2025 22:21
10,50,view,11/19/2025 1:12
10,42,add_to_cart,11/19/2025 1:39
10,13,purchase,11/19/2025 3:49
10,42,update_quantity,11/19/2025 4:25
10,4,search,11/19/2025 7:04
10,22,click,11/19/2025 8:45
10,22,add_to_cart,11/19/2025 11:36
10,22,click,11/19/2025 12:05
10,13,rate,11/19/2025 14:04
10,32,search,11/19/2025 15:33
10,4,view,11/19/2025 16:24
10,33,click,11/19/2025 17:45
10,22,update_quantity,11/19/2025 19:35
10,13,add_to_cart,11/19/2025 21:53
10,4,add_to_cart,11/19/2025 23:48
10,20,view,11/20/2025 2:39
10,22,view,11/20/2025 3:35
10,48,add_to_cart,11/20/2025 4:03
10,48,purchase,11/20/2025 6:49
10,22,view,11/20/2025 8:08
10,45,search,11/20/2025 9:55
10,48,view,11/20/2025 10:37
10,48,rate,11/20/2025 12:17
10,6,search,11/20/2025 13:10
10,48,click,11/20/2025 14:00
10,22,click,11/20/2025 15:38
10,41,search,11/20/2025 16:08
10,10,add_to_cart,11/20/2025 17:35
10,31,search,11/20/2025 19:05
10,4,update_quantity,11/20/2025 21:42
10,24,view,11/20/2025 23:24
10,4,click,11/21/2025 1:21
10,42,remove_cart,11/21/2025 4:12
10,36,add_to_cart,11/21/2025 4:18
10,24,view,11/21/2025 6:28
10,12,click,11/21/2025 8:44
10,22,purchase,11/21/2025 8:48
10,24,view,11/21/2025 10:53
10,44,add_to_cart,11/21/2025 12:19
10,47,add_to_cart,11/21/2025 14:13
10,1,search,11/21/2025 15:42
10,22,view,11/21/2025 16:20
10,21,search,11/21/2025 17:59
10,24,view,11/21/2025 19:13
10,2,click,11/21/2025 19:46
10,24,view,11/21/2025 22:19
10,1,view,11/21/2025 23:25
10,2,view,11/22/2025 1:05
10,36,remove_cart,11/22/2025 1:37
10,30,view,11/22/2025 2:06
10,1,view,11/22/2025 3:53
11,49,view,02/02/2026 12:27
11,2,view,02/02/2026 12:36
11,49,click,02/02/2026 15:00
11,49,search,02/02/2026 15:04
11,49,add_to_cart,02/02/2026 16:29
11,49,add_to_cart,02/02/2026 19:06
11,49,view,02/02/2026 19:32
11,50,search,02/02/2026 20:12
11,23,click,02/02/2026 21:38
11,2,add_to_cart,02/02/2026 21:40
11,49,click,02/02/2026 22:47
11,7,search,02/03/2026 1:42
11,50,add_to_cart,02/03/2026 2:57
11,2,update_quantity,02/03/2026 4:01
11,49,remove_cart,02/03/2026 4:50
11,7,view,02/03/2026 5:53
11,42,search,02/03/2026 6:47
11,49,view,02/03/2026 8:24
11,47,search,02/03/2026 9:49
11,49,view,02/03/2026 11:28
11,2,view,02/03/2026 12:58
11,50,update_quantity,02/03/2026 15:17
11,31,click,02/03/2026 18:03
11,2,purchase,02/03/2026 19:00
11,16,click,02/03/2026 21:30
11,37,click,02/03/2026 22:27
11,2,add_to_cart,02/03/2026 23:19
11,2,update_quantity,02/03/2026 23:43
11,2,view,02/04/2026 1:18
11,30,click,02/04/2026 3:27
11,37,view,02/04/2026 5:25
11,16,add_to_cart,02/04/2026 5:58
11,27,search,02/04/2026 6:22
11,41,click,02/04/2026 7:31
11,2,purchase,02/04/2026 9:46
11,50,purchase,02/04/2026 10:59
11,37,view,02/04/2026 12:30
11,41,click,02/04/2026 12:40
11,38,view,02/04/2026 15:06
11,45,add_to_cart,02/04/2026 18:04
11,16,update_quantity,02/04/2026 21:01
11,6,add_to_cart,02/04/2026 23:48
11,2,add_to_cart,02/04/2026 23:52
11,16,view,02/05/2026 1:03
11,16,update_quantity,02/05/2026 3:56
11,22,view,02/05/2026 4:18
11,14,view,02/05/2026 7:09
11,2,view,02/05/2026 8:29
11,13,click,02/05/2026 8:55
11,20,view,02/05/2026 11:25
11,16,view,02/05/2026 12:34
11,27,search,02/05/2026 15:31
11,27,view,02/05/2026 17:40
11,27,view,02/05/2026 18:31
11,27,add_to_cart,02/05/2026 19:06
11,27,add_to_cart,02/05/2026 19:26
11,2,rate,02/05/2026 19:52
11,31,add_to_cart,02/05/2026 20:28
12,5,add_to_cart,02/16/2026 9:03
12,16,search,02/16/2026 9:56
12,45,search,02/16/2026 11:21
12,5,add_to_cart,02/16/2026 14:17
12,5,view,02/16/2026 15:06
12,5,remove_cart,02/16/2026 15:34
12,5,click,02/16/2026 16:12
12,24,add_to_cart,02/16/2026 16:54
12,24,purchase,02/16/2026 17:06
12,30,search,02/16/2026 18:28
12,22,search,02/16/2026 19:34
12,24,view,02/16/2026 22:16
12,24,click,02/16/2026 22:53
12,19,add_to_cart,02/16/2026 23:38
12,22,view,02/16/2026 23:48
12,24,click,02/17/2026 2:40
12,4,search,02/17/2026 3:21
12,24,view,02/17/2026 5:36
12,29,view,02/17/2026 7:26
12,41,add_to_cart,02/17/2026 10:07
12,41,purchase,02/17/2026 12:20
12,41,rate,02/17/2026 13:19
12,41,add_to_cart,02/17/2026 13:39
12,19,update_quantity,02/17/2026 14:52
12,12,view,02/17/2026 16:37
12,41,view,02/17/2026 17:58
12,41,add_to_cart,02/17/2026 18:33
12,1,view,02/17/2026 19:55
12,34,search,02/17/2026 21:22
12,6,search,02/17/2026 23:52
12,41,add_to_cart,02/18/2026 2:45
12,33,search,02/18/2026 4:58
12,34,view,02/18/2026 7:11
12,12,search,02/18/2026 8:37
12,49,click,02/18/2026 10:24
12,6,add_to_cart,02/18/2026 11:07
12,24,rate,02/18/2026 12:55
12,12,click,02/18/2026 14:26
12,12,view,02/18/2026 16:45
12,12,add_to_cart,02/18/2026 18:36
12,6,update_quantity,02/18/2026 19:30
12,39,search,02/18/2026 20:08
12,6,add_to_cart,02/18/2026 21:21
12,50,search,02/18/2026 23:48
12,36,search,02/19/2026 0:25
12,39,view,02/19/2026 0:32
12,36,view,02/19/2026 1:17
12,36,search,02/19/2026 1:33
12,6,click,02/19/2026 3:55
12,18,add_to_cart,02/19/2026 4:11
12,6,remove_cart,02/19/2026 6:07
12,50,view,02/19/2026 6:55
12,5,search,02/19/2026 8:12
12,6,click,02/19/2026 10:23
12,32,add_to_cart,02/19/2026 12:14
12,32,search,02/19/2026 14:34
12,2,search,02/19/2026 16:22
12,32,click,02/19/2026 18:37
12,32,click,02/19/2026 21:12
12,41,update_quantity,02/19/2026 23:21
12,32,update_quantity,02/20/2026 0:41
12,41,click,02/20/2026 2:05
13,38,view,01/13/2026 19:12
13,38,add_to_cart,01/13/2026 20:01
13,38,purchase,01/13/2026 20:58
13,38,rate,01/13/2026 23:37
13,1,view,01/14/2026 1:43
13,38,click,01/14/2026 4:10
13,38,view,01/14/2026 5:38
13,1,view,01/14/2026 8:36
13,3,click,01/14/2026 11:02
13,1,search,01/14/2026 12:08
13,33,search,01/14/2026 12:27
13,1,click,01/14/2026 15:01
13,38,view,01/14/2026 15:10
13,1,view,01/14/2026 16:43
13,1,add_to_cart,01/14/2026 18:26
13,1,view,01/14/2026 20:14
13,24,view,01/14/2026 21:55
13,1,click,01/14/2026 22:02
13,37,view,01/14/2026 23:37
13,1,add_to_cart,01/15/2026 2:35
13,1,purchase,01/15/2026 4:30
13,31,search,01/15/2026 5:06
13,1,add_to_cart,01/15/2026 8:05
13,48,add_to_cart,01/15/2026 8:42
13,1,update_quantity,01/15/2026 9:51
13,31,view,01/15/2026 11:43
13,38,search,01/15/2026 12:45
13,5,view,01/15/2026 15:13
13,48,purchase,01/15/2026 17:56
13,1,remove_cart,01/15/2026 20:07
13,1,view,01/15/2026 20:43
13,1,view,01/15/2026 22:10
13,27,search,01/15/2026 22:32
13,33,search,01/15/2026 22:49
13,28,click,01/16/2026 0:57
13,28,click,01/16/2026 1:58
13,26,view,01/16/2026 4:54
13,10,view,01/16/2026 6:52
13,22,click,01/16/2026 7:09
13,32,search,01/16/2026 9:35
13,19,add_to_cart,01/16/2026 11:23
13,19,view,01/16/2026 12:09
13,31,search,01/16/2026 14:51
13,19,update_quantity,01/16/2026 15:28
13,19,update_quantity,01/16/2026 17:56
13,27,view,01/16/2026 18:58
13,37,view,01/16/2026 19:57
13,14,search,01/16/2026 20:49
13,19,update_quantity,01/16/2026 22:38
13,19,view,01/16/2026 22:53
13,19,view,01/17/2026 0:42
13,27,click,01/17/2026 1:54
13,19,purchase,01/17/2026 4:12
13,25,click,01/17/2026 6:11
13,19,add_to_cart,01/17/2026 6:16
13,19,add_to_cart,01/17/2026 7:29
13,19,view,01/17/2026 7:52
13,27,add_to_cart,01/17/2026 8:17
13,6,search,01/17/2026 9:27
13,19,click,01/17/2026 11:30
13,19,purchase,01/17/2026 12:56
14,31,search,03/06/2026 18:49
14,31,click,03/06/2026 19:27
14,31,view,03/06/2026 21:56
14,31,click,03/06/2026 22:43
14,23,view,03/06/2026 23:18
14,35,view,03/07/2026 0:14
14,14,search,03/07/2026 2:31
14,14,view,03/07/2026 4:13
14,29,add_to_cart,03/07/2026 7:01
14,35,view,03/07/2026 8:45
14,29,click,03/07/2026 11:25
14,12,view,03/07/2026 13:23
14,23,click,03/07/2026 15:36
14,29,update_quantity,03/07/2026 16:06
14,11,search,03/07/2026 17:05
14,29,view,03/07/2026 17:57
14,45,click,03/07/2026 20:03
14,21,add_to_cart,03/07/2026 21:28
14,28,click,03/08/2026 0:22
14,13,click,03/08/2026 1:25
14,29,click,03/08/2026 2:03
14,29,view,03/08/2026 4:15
14,18,view,03/08/2026 7:10
14,45,click,03/08/2026 8:35
14,47,add_to_cart,03/08/2026 9:05
14,21,view,03/08/2026 9:42
14,28,click,03/08/2026 10:26
14,18,click,03/08/2026 13:12
14,18,add_to_cart,03/08/2026 13:15
14,2,search,03/08/2026 15:46
14,21,purchase,03/08/2026 17:36
14,47,view,03/08/2026 18:14
14,47,add_to_cart,03/08/2026 20:37
14,7,view,03/08/2026 22:27
14,47,click,03/09/2026 0:45
14,47,click,03/09/2026 2:31
14,47,purchase,03/09/2026 3:43
14,2,click,03/09/2026 3:47
14,7,click,03/09/2026 4:11
14,50,click,03/09/2026 5:46
14,3,click,03/09/2026 8:25
14,35,search,03/09/2026 8:27
14,3,view,03/09/2026 10:08
14,35,add_to_cart,03/09/2026 12:08
14,50,search,03/09/2026 14:40
14,50,click,03/09/2026 14:48
14,10,view,03/09/2026 17:17
14,50,click,03/09/2026 20:13
15,27,add_to_cart,01/29/2026 3:54
15,27,click,01/29/2026 4:43
15,27,add_to_cart,01/29/2026 7:41
15,34,view,01/29/2026 9:40
15,27,add_to_cart,01/29/2026 10:17
15,37,add_to_cart,01/29/2026 10:26
15,37,update_quantity,01/29/2026 11:35
15,37,add_to_cart,01/29/2026 12:13
15,29,search,01/29/2026 13:58
15,37,view,01/29/2026 16:12
15,29,click,01/29/2026 17:15
15,48,click,01/29/2026 17:44
15,3,search,01/29/2026 18:59
15,20,search,01/29/2026 20:00
15,27,search,01/29/2026 20:06
15,22,add_to_cart,01/29/2026 20:17
15,37,click,01/29/2026 22:12
15,48,search,01/30/2026 0:54
15,22,add_to_cart,01/30/2026 3:25
15,27,update_quantity,01/30/2026 5:39
15,27,add_to_cart,01/30/2026 8:19
15,42,click,01/30/2026 11:14
15,47,add_to_cart,01/30/2026 13:47
15,22,purchase,01/30/2026 14:14
15,22,view,01/30/2026 14:33
15,12,view,01/30/2026 15:08
15,47,update_quantity,01/30/2026 15:14
15,22,rate,01/30/2026 17:59
15,47,click,01/30/2026 20:44
15,39,search,01/30/2026 22:08
15,26,search,01/30/2026 23:46
15,34,search,01/31/2026 1:08
15,26,click,01/31/2026 3:13
15,37,purchase,01/31/2026 4:03
15,22,add_to_cart,01/31/2026 4:40
15,26,add_to_cart,01/31/2026 7:38
15,37,search,01/31/2026 9:08
15,27,update_quantity,01/31/2026 11:09
15,26,remove_cart,01/31/2026 14:00
15,22,update_quantity,01/31/2026 15:25
15,27,click,01/31/2026 16:36
15,27,add_to_cart,01/31/2026 16:42
15,26,search,01/31/2026 18:59
15,6,search,01/31/2026 20:26
15,44,view,01/31/2026 21:37
15,22,remove_cart,01/31/2026 22:11
15,8,search,01/31/2026 23:48
15,29,view,02/01/2026 1:39
15,27,click,02/01/2026 3:47
15,47,purchase,02/01/2026 4:45
15,43,search,02/01/2026 7:35
15,27,purchase,02/01/2026 7:56
15,47,click,02/01/2026 9:48
15,22,view,02/01/2026 10:25
15,23,view,02/01/2026 13:05
15,11,search,02/01/2026 15:59
15,47,click,02/01/2026 16:23
15,33,search,02/01/2026 16:46
15,22,click,02/01/2026 19:27
15,29,search,02/01/2026 22:25
15,33,add_to_cart,02/01/2026 22:31
15,11,view,02/02/2026 0:10
15,47,click,02/02/2026 0:13
15,33,view,02/02/2026 3:05
15,47,view,02/02/2026 3:49
15,21,search,02/02/2026 6:39
16,4,add_to_cart,02/13/2026 8:22
16,4,click,02/13/2026 10:41
16,4,purchase,02/13/2026 11:34
16,14,add_to_cart,02/13/2026 14:01
16,23,view,02/13/2026 16:15
16,4,view,02/13/2026 16:51
16,23,view,02/13/2026 17:09
16,4,click,02/13/2026 18:01
16,14,view,02/13/2026 19:39
16,4,add_to_cart,02/13/2026 20:10
16,4,purchase,02/13/2026 21:20
16,18,view,02/13/2026 22:32
16,23,add_to_cart,02/14/2026 1:05
16,14,purchase,02/14/2026 3:12
16,8,search,02/14/2026 4:13
16,23,remove_cart,02/14/2026 5:57
16,49,view,02/14/2026 8:02
16,26,search,02/14/2026 10:22
16,49,click,02/14/2026 12:07
16,23,view,02/14/2026 14:58
16,8,view,02/14/2026 15:39
16,50,search,02/14/2026 17:24
16,23,view,02/14/2026 17:40
16,33,view,02/14/2026 17:56
16,45,view,02/14/2026 19:43
16,21,click,02/14/2026 21:58
16,17,view,02/14/2026 23:29
16,45,add_to_cart,02/15/2026 0:56
16,4,search,02/15/2026 3:55
16,21,click,02/15/2026 5:21
16,21,view,02/15/2026 5:35
16,33,search,02/15/2026 7:39
16,21,click,02/15/2026 8:21
16,25,search,02/15/2026 10:56
16,4,view,02/15/2026 11:08
16,25,click,02/15/2026 11:57
16,45,purchase,02/15/2026 12:05
16,21,view,02/15/2026 13:54
16,48,add_to_cart,02/15/2026 14:56
16,48,purchase,02/15/2026 15:57
16,26,search,02/15/2026 17:48
16,23,search,02/15/2026 18:59
16,10,view,02/15/2026 20:07
16,10,click,02/15/2026 22:50
16,24,search,02/15/2026 23:03
16,26,view,02/16/2026 1:04
16,24,add_to_cart,02/16/2026 3:21
16,48,add_to_cart,02/16/2026 3:44
16,24,add_to_cart,02/16/2026 4:10
16,24,update_quantity,02/16/2026 4:54
16,24,remove_cart,02/16/2026 6:24
17,21,search,10/25/2025 11:54
17,32,view,10/25/2025 12:09
17,32,click,10/25/2025 12:28
17,21,add_to_cart,10/25/2025 13:18
17,21,remove_cart,10/25/2025 15:03
17,12,search,10/25/2025 16:02
17,32,view,10/25/2025 18:49
17,21,view,10/25/2025 21:01
17,28,search,10/25/2025 21:30
17,21,view,10/25/2025 21:47
17,21,view,10/26/2025 0:01
17,12,add_to_cart,10/26/2025 0:47
17,47,search,10/26/2025 2:22
17,28,add_to_cart,10/26/2025 4:57
17,28,update_quantity,10/26/2025 7:10
17,10,search,10/26/2025 7:25
17,12,purchase,10/26/2025 7:42
17,28,click,10/26/2025 10:30
17,28,update_quantity,10/26/2025 10:50
17,22,click,10/26/2025 13:33
17,28,update_quantity,10/26/2025 15:43
17,28,purchase,10/26/2025 15:48
17,28,add_to_cart,10/26/2025 18:17
17,17,search,10/26/2025 19:47
17,28,view,10/26/2025 20:29
17,17,click,10/26/2025 23:05
17,28,purchase,10/27/2025 1:18
17,44,view,10/27/2025 2:42
17,20,click,10/27/2025 4:12
17,32,search,10/27/2025 5:59
17,2,click,10/27/2025 8:37
17,28,rate,10/27/2025 8:43
17,30,click,10/27/2025 10:58
17,50,view,10/27/2025 11:04
17,2,click,10/27/2025 13:35
17,2,click,10/27/2025 15:55
17,27,search,10/27/2025 16:35
17,30,view,10/27/2025 17:10
17,2,add_to_cart,10/27/2025 19:51
17,24,search,10/27/2025 20:56
17,16,click,10/27/2025 22:06
17,26,add_to_cart,10/27/2025 22:58
17,2,add_to_cart,10/27/2025 23:49
17,2,view,10/28/2025 2:11
17,12,add_to_cart,10/28/2025 4:07
17,48,search,10/28/2025 6:37
17,2,view,10/28/2025 7:59
18,19,search,12/30/2025 2:32
18,33,view,12/30/2025 3:59
18,33,view,12/30/2025 4:13
18,44,search,12/30/2025 5:13
18,2,click,12/30/2025 7:47
18,6,search,12/30/2025 10:47
18,7,add_to_cart,12/30/2025 11:13
18,10,search,12/30/2025 13:04
18,33,add_to_cart,12/30/2025 15:34
18,22,search,12/30/2025 18:31
18,34,search,12/30/2025 20:02
18,24,view,12/30/2025 20:59
18,10,click,12/30/2025 21:39
18,50,search,12/30/2025 22:34
18,50,click,12/31/2025 0:52
18,40,view,12/31/2025 3:42
18,23,search,12/31/2025 3:51
18,12,search,12/31/2025 5:31
18,10,click,12/31/2025 6:09
18,49,search,12/31/2025 8:23
18,12,view,12/31/2025 10:54
18,22,view,12/31/2025 12:09
18,10,click,12/31/2025 13:24
18,33,update_quantity,12/31/2025 14:51
18,17,view,12/31/2025 15:42
18,17,add_to_cart,12/31/2025 18:30
18,44,search,12/31/2025 20:59
18,17,click,12/31/2025 21:44
18,34,search,12/31/2025 23:07
18,33,remove_cart,01/01/2026 0:53
18,17,remove_cart,01/01/2026 2:17
18,33,add_to_cart,01/01/2026 3:13
18,44,add_to_cart,01/01/2026 3:17
18,17,click,01/01/2026 5:25
18,33,view,01/01/2026 7:17
18,17,click,01/01/2026 9:27
18,33,view,01/01/2026 11:12
18,33,view,01/01/2026 12:15
18,33,add_to_cart,01/01/2026 14:30
18,33,add_to_cart,01/01/2026 17:07
18,33,purchase,01/01/2026 18:02
18,39,add_to_cart,01/01/2026 18:26
18,33,view,01/01/2026 18:37
18,17,click,01/01/2026 18:41
18,39,view,01/01/2026 19:12
18,37,view,01/01/2026 19:34
18,1,view,01/01/2026 20:02
18,7,update_quantity,01/01/2026 22:14
18,39,update_quantity,01/01/2026 23:25
18,7,add_to_cart,01/02/2026 1:19
18,17,view,01/02/2026 1:43
18,7,view,01/02/2026 3:59
18,24,search,01/02/2026 5:35
18,7,click,01/02/2026 7:22
18,46,search,01/02/2026 7:32
18,44,purchase,01/02/2026 10:18
18,44,rate,01/02/2026 10:29
18,37,click,01/02/2026 11:57
18,33,rate,01/02/2026 12:03
18,10,view,01/02/2026 12:42
18,44,click,01/02/2026 13:54
18,10,click,01/02/2026 15:44
18,7,update_quantity,01/02/2026 17:24
18,10,click,01/02/2026 19:04
18,10,view,01/02/2026 19:56
18,13,search,01/02/2026 20:26
18,7,update_quantity,01/02/2026 21:42
18,30,view,01/02/2026 23:38
18,10,click,01/03/2026 2:07
19,38,search,10/22/2025 2:28
19,38,add_to_cart,10/22/2025 5:25
19,15,add_to_cart,10/22/2025 7:28
19,38,click,10/22/2025 9:52
19,9,view,10/22/2025 11:35
19,27,click,10/22/2025 12:27
19,12,search,10/22/2025 13:26
19,29,click,10/22/2025 13:35
19,15,purchase,10/22/2025 14:18
19,23,view,10/22/2025 15:32
19,38,remove_cart,10/22/2025 15:50
19,26,view,10/22/2025 17:33
19,26,add_to_cart,10/22/2025 19:06
19,27,click,10/22/2025 20:24
19,26,click,10/22/2025 21:33
19,26,click,10/22/2025 23:54
19,26,purchase,10/23/2025 2:43
19,30,click,10/23/2025 3:24
19,27,add_to_cart,10/23/2025 4:03
19,27,purchase,10/23/2025 6:31
19,26,rate,10/23/2025 8:28
19,19,click,10/23/2025 8:31
19,35,click,10/23/2025 11:17
19,27,view,10/23/2025 13:50
19,26,click,10/23/2025 14:59
19,15,rate,10/23/2025 16:06
19,17,search,10/23/2025 17:33
19,3,view,10/23/2025 18:38
19,26,add_to_cart,10/23/2025 20:55
19,5,view,10/23/2025 23:53
19,27,view,10/24/2025 0:04
19,17,click,10/24/2025 1:40
19,26,purchase,10/24/2025 4:31
19,4,search,10/24/2025 5:03
19,27,view,10/24/2025 7:34
19,24,view,10/24/2025 8:21
19,17,add_to_cart,10/24/2025 9:10
19,17,remove_cart,10/24/2025 11:25
19,27,click,10/24/2025 13:40
19,19,add_to_cart,10/24/2025 16:12
19,19,purchase,10/24/2025 18:43
20,12,view,01/28/2026 3:04
20,45,add_to_cart,01/28/2026 4:56
20,23,view,01/28/2026 5:28
20,45,purchase,01/28/2026 7:33
20,45,rate,01/28/2026 8:40
20,37,add_to_cart,01/28/2026 10:20
20,37,view,01/28/2026 12:47
20,12,click,01/28/2026 13:18
20,37,remove_cart,01/28/2026 14:36
20,12,click,01/28/2026 16:50
20,12,view,01/28/2026 18:07
20,33,search,01/28/2026 20:48
20,12,click,01/28/2026 23:24
20,12,click,01/29/2026 0:50
20,12,search,01/29/2026 2:05
20,12,click,01/29/2026 3:00
20,8,search,01/29/2026 3:06
20,12,view,01/29/2026 4:32
20,11,view,01/29/2026 6:20
20,12,view,01/29/2026 7:35
20,12,add_to_cart,01/29/2026 10:15
20,8,add_to_cart,01/29/2026 11:54
20,8,update_quantity,01/29/2026 12:16
20,41,click,01/29/2026 13:33
20,12,view,01/29/2026 15:12
20,8,purchase,01/29/2026 17:39
20,8,rate,01/29/2026 20:29
20,8,view,01/29/2026 20:34
20,8,click,01/29/2026 22:07
20,32,search,01/29/2026 23:30
20,12,view,01/30/2026 2:14
20,8,add_to_cart,01/30/2026 3:47
20,12,view,01/30/2026 4:19
20,8,add_to_cart,01/30/2026 6:53
20,38,search,01/30/2026 7:30
20,12,remove_cart,01/30/2026 8:53
20,8,update_quantity,01/30/2026 11:20
20,38,view,01/30/2026 11:24
20,8,click,01/30/2026 12:48
21,50,search,03/10/2026 11:12
21,44,search,03/10/2026 12:03
21,35,search,03/10/2026 13:39
21,50,view,03/10/2026 16:33
21,41,search,03/10/2026 17:47
21,35,click,03/10/2026 20:11
21,33,view,03/10/2026 20:30
21,20,search,03/10/2026 22:30
21,28,add_to_cart,03/11/2026 0:06
21,41,view,03/11/2026 2:10
21,35,add_to_cart,03/11/2026 3:16
21,14,click,03/11/2026 4:16
21,20,search,03/11/2026 6:56
21,35,purchase,03/11/2026 9:25
21,20,search,03/11/2026 9:41
21,9,search,03/11/2026 9:50
21,33,search,03/11/2026 11:48
21,33,click,03/11/2026 12:38
21,35,rate,03/11/2026 13:34
21,11,view,03/11/2026 14:14
21,50,search,03/11/2026 14:33
21,28,remove_cart,03/11/2026 16:32
21,1,search,03/11/2026 19:32
21,32,click,03/11/2026 19:41
21,5,add_to_cart,03/11/2026 20:27
21,5,view,03/11/2026 23:18
21,32,add_to_cart,03/12/2026 0:43
21,32,purchase,03/12/2026 0:59
21,32,rate,03/12/2026 1:34
21,32,view,03/12/2026 4:24
21,5,update_quantity,03/12/2026 7:05
21,5,update_quantity,03/12/2026 8:33
21,46,add_to_cart,03/12/2026 9:47
21,5,remove_cart,03/12/2026 10:08
21,32,view,03/12/2026 11:03
21,43,add_to_cart,03/12/2026 12:06
21,5,add_to_cart,03/12/2026 12:42
21,46,update_quantity,03/12/2026 13:18
21,5,view,03/12/2026 15:23
21,12,search,03/12/2026 16:15
21,21,view,03/12/2026 18:26
21,5,add_to_cart,03/12/2026 18:45
21,22,search,03/12/2026 20:16
21,2,add_to_cart,03/12/2026 21:04
21,12,view,03/12/2026 23:05
21,5,add_to_cart,03/13/2026 0:07
21,12,click,03/13/2026 2:48
21,5,remove_cart,03/13/2026 4:08
21,12,click,03/13/2026 5:41
21,46,purchase,03/13/2026 7:58
21,22,add_to_cart,03/13/2026 10:03
21,35,search,03/13/2026 12:58
21,32,click,03/13/2026 13:04
21,46,view,03/13/2026 14:57
21,14,search,03/13/2026 15:58
21,20,search,03/13/2026 18:44
21,12,add_to_cart,03/13/2026 21:44
21,32,add_to_cart,03/13/2026 22:15
21,12,view,03/13/2026 22:29
21,14,add_to_cart,03/14/2026 1:18
21,2,purchase,03/14/2026 1:20
21,47,view,03/14/2026 1:23
22,21,search,01/21/2026 6:49
22,4,click,01/21/2026 6:54
22,21,click,01/21/2026 8:50
22,21,view,01/21/2026 10:47
22,16,search,01/21/2026 12:29
22,45,search,01/21/2026 15:30
22,4,click,01/21/2026 17:56
22,41,click,01/21/2026 19:14
22,16,view,01/21/2026 21:40
22,21,click,01/21/2026 22:41
22,9,click,01/22/2026 0:14
22,43,search,01/22/2026 0:55
22,30,view,01/22/2026 3:37
22,21,view,01/22/2026 5:43
22,8,view,01/22/2026 6:37
22,38,view,01/22/2026 8:32
22,21,search,01/22/2026 11:10
22,43,view,01/22/2026 12:29
22,21,search,01/22/2026 13:32
22,43,view,01/22/2026 14:14
22,43,click,01/22/2026 15:43
22,43,add_to_cart,01/22/2026 17:41
22,38,view,01/22/2026 20:20
22,18,search,01/22/2026 21:04
22,10,view,01/22/2026 23:17
22,10,click,01/23/2026 1:15
22,18,click,01/23/2026 3:44
22,5,view,01/23/2026 5:05
22,15,click,01/23/2026 5:08
22,10,click,01/23/2026 5:59
22,15,click,01/23/2026 6:29
22,7,search,01/23/2026 7:33
22,28,click,01/23/2026 7:58
22,7,click,01/23/2026 10:51
22,7,click,01/23/2026 13:35
22,15,view,01/23/2026 14:06
22,7,click,01/23/2026 14:34
22,43,update_quantity,01/23/2026 15:54
22,7,view,01/23/2026 16:43
22,7,click,01/23/2026 17:03
22,29,search,01/23/2026 18:35
22,7,click,01/23/2026 19:09
22,7,view,01/23/2026 20:08
22,7,view,01/23/2026 21:30
22,43,click,01/23/2026 23:37
22,43,purchase,01/24/2026 1:49
22,43,rate,01/24/2026 2:24
22,7,add_to_cart,01/24/2026 4:51
22,43,view,01/24/2026 7:06
22,7,remove_cart,01/24/2026 9:48
22,24,click,01/24/2026 12:13
23,11,view,02/05/2026 4:40
23,42,add_to_cart,02/05/2026 7:09
23,32,search,02/05/2026 8:33
23,41,search,02/05/2026 9:16
23,42,click,02/05/2026 9:19
23,42,add_to_cart,02/05/2026 11:20
23,42,view,02/05/2026 11:54
23,24,view,02/05/2026 13:21
23,14,add_to_cart,02/05/2026 14:41
23,8,search,02/05/2026 16:51
23,14,purchase,02/05/2026 19:10
23,42,view,02/05/2026 19:56
23,42,remove_cart,02/05/2026 22:25
23,42,click,02/05/2026 23:32
23,14,rate,02/06/2026 1:19
23,28,view,02/06/2026 1:40
23,42,click,02/06/2026 2:01
23,42,view,02/06/2026 3:52
23,48,add_to_cart,02/06/2026 5:44
23,8,view,02/06/2026 6:10
23,26,add_to_cart,02/06/2026 7:10
23,18,view,02/06/2026 8:26
23,48,view,02/06/2026 11:06
23,42,add_to_cart,02/06/2026 13:56
23,44,search,02/06/2026 14:27
23,48,click,02/06/2026 15:40
23,44,view,02/06/2026 16:44
23,26,view,02/06/2026 19:28
23,46,add_to_cart,02/06/2026 21:52
23,44,click,02/06/2026 22:11
23,26,view,02/07/2026 0:00
23,21,view,02/07/2026 2:54
23,46,click,02/07/2026 3:03
23,44,click,02/07/2026 4:21
23,50,search,02/07/2026 6:55
23,22,search,02/07/2026 8:14
24,38,view,11/23/2025 9:16
24,15,click,11/23/2025 10:20
24,38,add_to_cart,11/23/2025 11:49
24,20,view,11/23/2025 14:09
24,38,click,11/23/2025 16:03
24,6,add_to_cart,11/23/2025 17:16
24,38,add_to_cart,11/23/2025 19:46
24,42,click,11/23/2025 22:28
24,27,click,11/24/2025 1:12
24,8,view,11/24/2025 3:31
24,43,search,11/24/2025 3:36
24,21,add_to_cart,11/24/2025 6:02
24,21,search,11/24/2025 7:15
24,12,click,11/24/2025 8:30
24,38,purchase,11/24/2025 11:14
24,21,view,11/24/2025 13:27
24,6,purchase,11/24/2025 15:14
24,8,search,11/24/2025 16:55
24,21,click,11/24/2025 19:25
24,21,view,11/24/2025 22:19
24,6,add_to_cart,11/25/2025 0:40
24,8,view,11/25/2025 1:44
24,8,view,11/25/2025 3:38
24,21,click,11/25/2025 4:57
24,34,click,11/25/2025 7:20
24,18,click,11/25/2025 7:37
24,7,search,11/25/2025 7:49
24,40,search,11/25/2025 8:10
24,41,view,11/25/2025 8:41
24,9,click,11/25/2025 11:15
24,6,purchase,11/25/2025 11:18
24,18,click,11/25/2025 14:02
24,4,view,11/25/2025 16:56
24,41,add_to_cart,11/25/2025 18:17
24,41,add_to_cart,11/25/2025 18:32
24,17,search,11/25/2025 20:01
24,41,add_to_cart,11/25/2025 22:47
24,13,view,11/25/2025 23:08
24,42,search,11/26/2025 1:54
24,42,click,11/26/2025 3:22
24,41,click,11/26/2025 4:10
24,13,view,11/26/2025 5:49
24,13,click,11/26/2025 6:45
24,28,view,11/26/2025 7:01
24,20,click,11/26/2025 10:01
24,40,click,11/26/2025 12:23
24,21,update_quantity,11/26/2025 14:39
25,31,click,03/01/2026 20:03
25,31,view,03/01/2026 22:36
25,31,view,03/02/2026 0:46
25,36,view,03/02/2026 1:19
25,36,click,03/02/2026 4:14
25,42,search,03/02/2026 5:44
25,42,view,03/02/2026 7:16
25,22,add_to_cart,03/02/2026 7:36
25,14,search,03/02/2026 9:15
25,13,search,03/02/2026 10:27
25,31,click,03/02/2026 11:06
25,13,view,03/02/2026 11:31
25,22,update_quantity,03/02/2026 12:06
25,42,click,03/02/2026 14:20
25,42,view,03/02/2026 15:43
25,39,click,03/02/2026 18:17
25,42,click,03/02/2026 21:05
25,22,update_quantity,03/02/2026 21:53
25,4,search,03/03/2026 0:11
25,27,view,03/03/2026 1:43
25,29,view,03/03/2026 3:39
25,42,view,03/03/2026 4:24
25,27,click,03/03/2026 6:38
25,4,add_to_cart,03/03/2026 9:02
25,4,click,03/03/2026 10:19
25,27,view,03/03/2026 10:59
25,27,click,03/03/2026 13:18
25,42,click,03/03/2026 13:29
25,22,update_quantity,03/03/2026 15:10
25,22,update_quantity,03/03/2026 17:15
25,42,search,03/03/2026 19:27
25,18,search,03/03/2026 19:32
25,2,click,03/03/2026 19:48
25,48,view,03/03/2026 21:10
25,16,search,03/03/2026 22:09
25,22,add_to_cart,03/03/2026 22:12
25,22,add_to_cart,03/04/2026 0:09
25,22,purchase,03/04/2026 0:38
25,18,click,03/04/2026 1:25
25,22,rate,03/04/2026 3:36
25,22,click,03/04/2026 5:29
25,19,add_to_cart,03/04/2026 7:20
25,19,view,03/04/2026 7:42
25,37,click,03/04/2026 9:04
25,4,remove_cart,03/04/2026 9:40
25,33,click,03/04/2026 11:04
25,14,view,03/04/2026 13:32
25,37,search,03/04/2026 14:26
25,37,click,03/04/2026 14:56
25,19,purchase,03/04/2026 17:57
25,4,view,03/04/2026 18:23
25,37,click,03/04/2026 18:59
25,37,add_to_cart,03/04/2026 19:12
25,50,search,03/04/2026 20:08
25,37,update_quantity,03/04/2026 21:47
25,15,add_to_cart,03/05/2026 0:04
25,37,click,03/05/2026 0:26
25,37,view,03/05/2026 1:40
25,50,click,03/05/2026 1:56
25,15,update_quantity,03/05/2026 4:28
25,37,purchase,03/05/2026 6:13
25,2,search,03/05/2026 6:30
25,15,purchase,03/05/2026 7:59
25,47,search,03/05/2026 9:05
25,15,add_to_cart,03/05/2026 9:17
25,15,add_to_cart,03/05/2026 10:20
25,11,search,03/05/2026 11:20
25,2,view,03/05/2026 14:14
25,6,click,03/05/2026 14:31
25,37,rate,03/05/2026 15:06
25,44,click,03/05/2026 16:56
25,16,add_to_cart,03/05/2026 17:00
25,40,view,03/05/2026 19:42
25,16,remove_cart,03/05/2026 21:51
25,15,rate,03/05/2026 23:25
26,30,search,12/25/2025 16:39
26,30,click,12/25/2025 17:37
26,30,view,12/25/2025 18:13
26,30,view,12/25/2025 19:28
26,43,view,12/25/2025 21:25
26,21,add_to_cart,12/25/2025 23:32
26,21,click,12/25/2025 23:35
26,30,click,12/26/2025 0:04
26,30,click,12/26/2025 2:49
26,31,search,12/26/2025 5:21
26,30,click,12/26/2025 7:57
26,21,purchase,12/26/2025 8:14
26,20,view,12/26/2025 9:36
26,20,view,12/26/2025 11:09
26,27,search,12/26/2025 12:20
26,37,search,12/26/2025 14:38
26,35,search,12/26/2025 15:17
26,27,view,12/26/2025 16:15
26,14,click,12/26/2025 17:25
26,14,view,12/26/2025 19:54
26,19,view,12/26/2025 21:18
26,20,click,12/26/2025 22:05
26,37,click,12/26/2025 22:22
26,6,search,12/26/2025 22:44
26,38,search,12/26/2025 23:35
26,27,view,12/26/2025 23:46
26,27,add_to_cart,12/27/2025 1:36
26,19,add_to_cart,12/27/2025 3:18
26,19,remove_cart,12/27/2025 6:00
26,41,add_to_cart,12/27/2025 6:50
26,19,view,12/27/2025 8:21
26,32,search,12/27/2025 9:31
26,19,view,12/27/2025 11:07
26,4,search,12/27/2025 12:45
26,10,search,12/27/2025 14:23
26,19,add_to_cart,12/27/2025 15:46
26,41,click,12/27/2025 16:31
26,49,click,12/27/2025 17:44
26,48,search,12/27/2025 19:35
26,41,view,12/27/2025 22:03
26,40,search,12/27/2025 23:53
26,41,click,12/28/2025 2:38
26,21,rate,12/28/2025 4:59
26,21,view,12/28/2025 5:58
26,27,update_quantity,12/28/2025 8:25
26,32,view,12/28/2025 10:45
26,40,view,12/28/2025 12:33
26,8,search,12/28/2025 14:05
26,41,view,12/28/2025 16:02
26,19,update_quantity,12/28/2025 18:21
26,27,view,12/28/2025 21:16
26,13,search,12/28/2025 23:17
26,41,view,12/29/2025 1:15
26,41,add_to_cart,12/29/2025 1:49
26,42,click,12/29/2025 2:13
26,38,view,12/29/2025 3:49
26,28,search,12/29/2025 5:22
26,20,search,12/29/2025 6:11
26,41,add_to_cart,12/29/2025 8:51
27,11,add_to_cart,03/08/2026 20:42
27,11,click,03/08/2026 22:50
27,11,add_to_cart,03/09/2026 0:21
27,11,remove_cart,03/09/2026 0:36
27,11,add_to_cart,03/09/2026 2:18
27,11,update_quantity,03/09/2026 2:41
27,11,view,03/09/2026 2:47
27,24,search,03/09/2026 3:05
27,5,search,03/09/2026 4:49
27,30,view,03/09/2026 5:09
27,11,add_to_cart,03/09/2026 6:26
27,11,remove_cart,03/09/2026 7:43
27,11,view,03/09/2026 8:43
27,27,search,03/09/2026 9:47
27,28,view,03/09/2026 10:09
27,1,view,03/09/2026 11:55
27,27,add_to_cart,03/09/2026 12:44
27,29,click,03/09/2026 13:19
27,39,search,03/09/2026 13:50
27,27,update_quantity,03/09/2026 15:22
27,7,view,03/09/2026 16:36
27,1,view,03/09/2026 19:07
27,22,search,03/09/2026 21:18
27,1,click,03/09/2026 21:57
27,17,view,03/09/2026 22:22
27,27,purchase,03/10/2026 0:53
27,27,rate,03/10/2026 1:52
27,10,view,03/10/2026 4:53
27,38,add_to_cart,03/10/2026 5:06
27,1,add_to_cart,03/10/2026 5:10
27,28,add_to_cart,03/10/2026 5:48
27,28,add_to_cart,03/10/2026 8:36
27,42,add_to_cart,03/10/2026 10:01
27,28,view,03/10/2026 12:09
27,28,view,03/10/2026 14:04
28,36,search,01/18/2026 5:36
28,11,search,01/18/2026 6:32
28,36,view,01/18/2026 8:46
28,17,view,01/18/2026 10:53
28,11,view,01/18/2026 13:33
28,13,search,01/18/2026 15:09
28,11,view,01/18/2026 16:01
28,12,click,01/18/2026 16:31
28,36,add_to_cart,01/18/2026 17:11
28,36,update_quantity,01/18/2026 19:42
28,11,add_to_cart,01/18/2026 22:19
28,36,purchase,01/19/2026 0:18
28,12,add_to_cart,01/19/2026 0:49
28,11,add_to_cart,01/19/2026 1:12
28,38,search,01/19/2026 1:53
28,11,purchase,01/19/2026 2:57
28,11,view,01/19/2026 5:14
28,36,click,01/19/2026 8:14
28,9,view,01/19/2026 8:52
28,12,update_quantity,01/19/2026 10:44
28,11,view,01/19/2026 11:09
28,12,add_to_cart,01/19/2026 11:48
28,12,remove_cart,01/19/2026 13:10
28,36,click,01/19/2026 13:14
28,12,click,01/19/2026 13:56
28,9,view,01/19/2026 14:16
28,27,search,01/19/2026 14:28
28,10,view,01/19/2026 17:20
28,8,search,01/19/2026 18:39
28,10,click,01/19/2026 19:21
28,9,view,01/19/2026 19:35
28,10,click,01/19/2026 19:43
28,10,search,01/19/2026 21:37
28,9,click,01/19/2026 23:06
28,10,add_to_cart,01/20/2026 1:15
28,10,purchase,01/20/2026 1:55
28,9,view,01/20/2026 2:07
29,16,click,11/24/2025 14:30
29,16,view,11/24/2025 17:15
29,16,add_to_cart,11/24/2025 20:03
29,16,purchase,11/24/2025 20:10
29,18,search,11/24/2025 22:01
29,26,click,11/24/2025 23:25
29,16,rate,11/25/2025 1:16
29,26,click,11/25/2025 3:11
29,18,view,11/25/2025 4:05
29,49,view,11/25/2025 5:35
29,29,search,11/25/2025 7:21
29,29,view,11/25/2025 9:20
29,12,add_to_cart,11/25/2025 11:27
29,12,purchase,11/25/2025 12:10
29,26,view,11/25/2025 12:35
29,24,click,11/25/2025 13:54
29,20,search,11/25/2025 14:52
29,7,add_to_cart,11/25/2025 17:40
29,12,view,11/25/2025 18:22
29,12,add_to_cart,11/25/2025 19:51
29,20,add_to_cart,11/25/2025 22:08
29,20,view,11/26/2025 0:42
29,20,click,11/26/2025 3:30
29,20,view,11/26/2025 4:11
29,12,remove_cart,11/26/2025 6:24
29,12,rate,11/26/2025 9:14
29,20,remove_cart,11/26/2025 11:05
29,32,search,11/26/2025 13:25
29,26,click,11/26/2025 13:52
29,24,search,11/26/2025 16:16
29,32,view,11/26/2025 17:03
29,26,view,11/26/2025 19:51
29,26,click,11/26/2025 21:00
29,26,view,11/26/2025 22:57
29,26,click,11/27/2025 0:33
29,26,click,11/27/2025 0:50
29,26,view,11/27/2025 1:25
29,12,click,11/27/2025 2:23
29,7,update_quantity,11/27/2025 3:20
29,12,view,11/27/2025 5:11
29,26,add_to_cart,11/27/2025 5:54
29,26,purchase,11/27/2025 8:13
29,20,search,11/27/2025 9:22
29,26,add_to_cart,11/27/2025 11:58
29,20,search,11/27/2025 13:33
29,20,click,11/27/2025 14:41
29,49,view,11/27/2025 15:08
29,20,click,11/27/2025 17:48
29,26,remove_cart,11/27/2025 18:45
29,7,update_quantity,11/27/2025 21:34
29,37,add_to_cart,11/27/2025 22:42
29,37,purchase,11/28/2025 0:05
29,30,search,11/28/2025 2:41
29,23,view,11/28/2025 3:56
29,39,add_to_cart,11/28/2025 5:35
29,17,view,11/28/2025 6:28
29,23,search,11/28/2025 7:16
29,39,update_quantity,11/28/2025 9:44
29,12,view,11/28/2025 12:05
29,29,search,11/28/2025 12:49
29,19,view,11/28/2025 15:26
29,22,search,11/28/2025 18:04
29,7,update_quantity,11/28/2025 19:00
29,23,click,11/28/2025 20:53
29,29,view,11/28/2025 21:06
29,29,view,11/28/2025 22:34
29,11,search,11/29/2025 1:31
29,41,view,11/29/2025 4:15
29,23,view,11/29/2025 6:44
29,23,add_to_cart,11/29/2025 7:35
29,46,view,11/29/2025 8:56
29,15,search,11/29/2025 11:57
29,26,rate,11/29/2025 14:21
29,26,add_to_cart,11/29/2025 15:29
29,8,view,11/29/2025 17:14
29,4,view,11/29/2025 18:09
29,8,add_to_cart,11/29/2025 20:40
30,31,add_to_cart,11/20/2025 18:00
30,31,click,11/20/2025 20:15
30,23,search,11/20/2025 21:07
30,31,purchase,11/20/2025 22:41
30,9,view,11/21/2025 0:12
30,31,view,11/21/2025 2:14
30,27,add_to_cart,11/21/2025 3:20
30,9,view,11/21/2025 4:12
30,27,view,11/21/2025 6:07
30,11,search,11/21/2025 8:58
30,24,search,11/21/2025 11:37
30,32,search,11/21/2025 13:38
30,24,click,11/21/2025 15:12
30,31,add_to_cart,11/21/2025 16:07
30,5,click,11/21/2025 16:30
30,41,search,11/21/2025 18:30
30,24,view,11/21/2025 20:00
30,19,click,11/21/2025 20:43
30,27,view,11/21/2025 21:58
30,7,search,11/21/2025 22:45
30,41,view,11/22/2025 1:09
30,24,view,11/22/2025 1:21
30,5,click,11/22/2025 2:19
30,5,click,11/22/2025 4:34
30,24,add_to_cart,11/22/2025 5:17
30,31,update_quantity,11/22/2025 5:27
30,5,add_to_cart,11/22/2025 8:11
30,5,purchase,11/22/2025 10:53
30,31,remove_cart,11/22/2025 11:20
30,27,remove_cart,11/22/2025 13:26
30,33,add_to_cart,11/22/2025 13:28
30,15,search,11/22/2025 15:52
30,15,view,11/22/2025 17:12
30,5,click,11/22/2025 19:06
30,32,view,11/22/2025 20:50
30,47,click,11/22/2025 22:03
30,21,search,11/23/2025 0:24
30,6,click,11/23/2025 3:20
30,21,click,11/23/2025 4:56
30,46,add_to_cart,11/23/2025 6:33
30,47,view,11/23/2025 7:57
30,47,view,11/23/2025 9:27
30,46,add_to_cart,11/23/2025 11:51
30,47,add_to_cart,11/23/2025 12:33
30,24,update_quantity,11/23/2025 13:57
30,46,add_to_cart,11/23/2025 15:28
30,46,click,11/23/2025 16:10
30,25,view,11/23/2025 18:26
30,46,click,11/23/2025 21:05
30,46,click,11/23/2025 23:00
30,46,update_quantity,11/24/2025 1:17
30,24,add_to_cart,11/24/2025 2:51
30,50,add_to_cart,11/24/2025 5:28
30,50,update_quantity,11/24/2025 7:08
30,43,click,11/24/2025 7:54
30,2,view,11/24/2025 9:46
30,43,add_to_cart,11/24/2025 12:19
30,46,view,11/24/2025 12:32
30,43,click,11/24/2025 13:23
31,6,view,12/19/2025 13:29
31,6,click,12/19/2025 16:15
31,37,view,12/19/2025 18:28
31,6,click,12/19/2025 19:24
31,5,click,12/19/2025 19:36
31,27,click,12/19/2025 20:52
31,6,click,12/19/2025 21:08
31,6,click,12/19/2025 21:58
31,27,click,12/20/2025 0:27
31,49,search,12/20/2025 1:59
31,41,search,12/20/2025 4:27
31,6,view,12/20/2025 5:21
31,21,search,12/20/2025 6:04
31,1,search,12/20/2025 8:25
31,39,search,12/20/2025 10:26
31,49,view,12/20/2025 10:51
31,49,click,12/20/2025 12:12
31,12,search,12/20/2025 14:30
31,24,click,12/20/2025 14:32
31,38,view,12/20/2025 14:36
31,50,view,12/20/2025 16:34
31,49,view,12/20/2025 16:55
31,38,add_to_cart,12/20/2025 19:05
31,39,search,12/20/2025 21:05
31,26,add_to_cart,12/20/2025 21:50
31,38,purchase,12/20/2025 22:43
31,50,view,12/20/2025 23:50
31,50,click,12/21/2025 1:09
31,26,update_quantity,12/21/2025 4:02
31,4,search,12/21/2025 6:14
31,4,view,12/21/2025 7:34
31,26,update_quantity,12/21/2025 8:59
31,35,view,12/21/2025 11:25
31,50,click,12/21/2025 13:16
31,31,click,12/21/2025 13:41
31,50,add_to_cart,12/21/2025 14:32
31,49,view,12/21/2025 15:16
31,50,view,12/21/2025 17:05
31,31,add_to_cart,12/21/2025 17:44
31,25,view,12/21/2025 20:37
31,3,search,12/21/2025 21:12
31,50,add_to_cart,12/21/2025 23:40
31,31,purchase,12/22/2025 1:42
31,38,rate,12/22/2025 3:48
31,31,search,12/22/2025 5:31
31,41,search,12/22/2025 7:25
31,38,click,12/22/2025 8:50
32,12,click,11/26/2025 6:16
32,37,view,11/26/2025 8:51
32,15,search,11/26/2025 11:10
32,46,view,11/26/2025 13:36
32,39,add_to_cart,11/26/2025 15:46
32,23,search,11/26/2025 17:13
32,16,click,11/26/2025 17:39
32,16,click,11/26/2025 18:21
32,39,update_quantity,11/26/2025 18:50
32,37,view,11/26/2025 20:18
32,39,purchase,11/26/2025 21:54
32,40,search,11/26/2025 22:57
32,9,add_to_cart,11/27/2025 1:50
32,2,search,11/27/2025 2:41
32,39,click,11/27/2025 2:47
32,39,view,11/27/2025 3:24
32,17,view,11/27/2025 5:57
32,12,click,11/27/2025 7:08
32,39,add_to_cart,11/27/2025 9:17
32,18,view,11/27/2025 11:14
32,39,view,11/27/2025 13:41
32,24,search,11/27/2025 14:36
32,36,click,11/27/2025 14:56
32,39,rate,11/27/2025 14:58
32,39,add_to_cart,11/27/2025 17:01
32,3,view,11/27/2025 19:52
32,18,view,11/27/2025 20:07
32,3,click,11/27/2025 22:43
32,9,update_quantity,11/28/2025 1:42
32,24,add_to_cart,11/28/2025 3:33
32,27,click,11/28/2025 4:19
32,18,view,11/28/2025 7:16
32,24,view,11/28/2025 7:28
32,10,search,11/28/2025 9:25
32,2,view,11/28/2025 10:38
32,10,click,11/28/2025 10:48
32,24,view,11/28/2025 13:44
32,40,search,11/28/2025 16:34
32,24,view,11/28/2025 19:00
32,24,view,11/28/2025 20:57
32,25,search,11/28/2025 23:04
32,12,search,11/29/2025 1:26
32,12,view,11/29/2025 2:56
32,12,view,11/29/2025 5:36
32,24,update_quantity,11/29/2025 8:04
32,12,click,11/29/2025 9:28
32,24,remove_cart,11/29/2025 10:29
32,24,view,11/29/2025 11:02
32,11,search,11/29/2025 11:30
32,12,click,11/29/2025 14:12
32,12,view,11/29/2025 16:07
32,12,view,11/29/2025 17:39
32,40,search,11/29/2025 18:57
32,25,search,11/29/2025 20:30
32,8,search,11/29/2025 20:34
32,33,click,11/29/2025 22:41
32,11,click,11/29/2025 23:24
32,39,update_quantity,11/30/2025 1:39
32,9,update_quantity,11/30/2025 3:07
32,33,view,11/30/2025 3:55
32,36,view,11/30/2025 6:49
33,45,view,11/03/2025 10:34
33,10,search,11/03/2025 12:06
33,29,view,11/03/2025 12:26
33,9,view,11/03/2025 14:46
33,15,click,11/03/2025 14:56
33,6,view,11/03/2025 15:50
33,44,add_to_cart,11/03/2025 16:56
33,44,purchase,11/03/2025 19:39
33,49,search,11/03/2025 21:06
33,41,view,11/03/2025 21:10
33,24,search,11/03/2025 21:53
33,17,search,11/03/2025 23:29
33,49,click,11/04/2025 1:48
33,47,click,11/04/2025 3:52
33,24,click,11/04/2025 5:30
33,24,add_to_cart,11/04/2025 6:41
33,15,add_to_cart,11/04/2025 7:25
33,49,view,11/04/2025 9:45
33,30,click,11/04/2025 12:05
33,47,view,11/04/2025 13:19
33,13,view,11/04/2025 15:30
33,49,view,11/04/2025 18:23
33,30,view,11/04/2025 19:53
33,44,rate,11/04/2025 19:55
33,44,click,11/04/2025 20:18
33,22,add_to_cart,11/04/2025 23:17
33,47,click,11/04/2025 23:53
33,44,add_to_cart,11/05/2025 2:00
33,21,view,11/05/2025 2:31
33,27,search,11/05/2025 3:21
33,42,search,11/05/2025 4:38
33,21,view,11/05/2025 5:20
33,21,click,11/05/2025 7:26
33,47,view,11/05/2025 9:22
33,46,add_to_cart,11/05/2025 11:23
33,49,click,11/05/2025 12:05
33,27,add_to_cart,11/05/2025 13:52
33,24,update_quantity,11/05/2025 15:03
33,42,add_to_cart,11/05/2025 16:14
33,42,purchase,11/05/2025 18:09
33,46,add_to_cart,11/05/2025 19:22
33,39,view,11/05/2025 20:16
33,46,remove_cart,11/05/2025 22:02
33,20,add_to_cart,11/05/2025 22:34
33,42,view,11/06/2025 1:21
33,46,view,11/06/2025 3:56
33,44,search,11/06/2025 5:26
33,24,update_quantity,11/06/2025 8:16
33,22,remove_cart,11/06/2025 11:13
33,39,click,11/06/2025 13:13
33,16,search,11/06/2025 14:28
33,13,add_to_cart,11/06/2025 16:43
33,16,click,11/06/2025 18:42
33,44,click,11/06/2025 20:15
33,20,search,11/06/2025 22:18
33,2,search,11/06/2025 22:46
33,16,click,11/06/2025 23:27
33,13,remove_cart,11/07/2025 0:22
34,19,search,12/13/2025 10:22
34,19,click,12/13/2025 13:21
34,19,click,12/13/2025 13:57
34,33,search,12/13/2025 14:39
34,18,view,12/13/2025 16:13
34,19,add_to_cart,12/13/2025 19:12
34,40,search,12/13/2025 20:55
34,19,view,12/13/2025 22:13
34,43,search,12/13/2025 23:29
34,6,search,12/13/2025 23:35
34,19,view,12/14/2025 0:32
34,6,click,12/14/2025 2:13
34,36,search,12/14/2025 2:59
34,26,view,12/14/2025 5:36
34,40,add_to_cart,12/14/2025 6:18
34,40,view,12/14/2025 6:30
34,40,click,12/14/2025 7:03
34,8,view,12/14/2025 9:41
34,50,click,12/14/2025 10:57
34,40,add_to_cart,12/14/2025 12:16
34,50,click,12/14/2025 12:33
34,38,search,12/14/2025 14:33
34,38,view,12/14/2025 15:17
34,50,add_to_cart,12/14/2025 17:10
34,40,update_quantity,12/14/2025 19:00
34,19,purchase,12/14/2025 21:57
34,40,remove_cart,12/15/2025 0:26
34,19,view,12/15/2025 0:40
34,39,search,12/15/2025 2:35
34,14,search,12/15/2025 3:04
34,50,remove_cart,12/15/2025 3:16
34,13,search,12/15/2025 4:08
34,19,view,12/15/2025 4:12
34,36,add_to_cart,12/15/2025 5:48
34,50,search,12/15/2025 8:28
34,46,search,12/15/2025 8:57
34,50,view,12/15/2025 10:57
34,36,click,12/15/2025 12:47
34,36,view,12/15/2025 15:46
34,36,view,12/15/2025 17:16
34,22,add_to_cart,12/15/2025 20:05
34,46,click,12/15/2025 22:16
34,10,view,12/15/2025 23:41
34,36,view,12/16/2025 0:16
34,10,add_to_cart,12/16/2025 2:03
34,19,rate,12/16/2025 2:27
34,39,add_to_cart,12/16/2025 4:06
34,22,update_quantity,12/16/2025 5:26
34,46,click,12/16/2025 5:44
34,39,update_quantity,12/16/2025 7:26
34,18,search,12/16/2025 8:35
35,22,search,03/06/2026 14:07
35,22,view,03/06/2026 15:13
35,22,add_to_cart,03/06/2026 16:31
35,22,click,03/06/2026 18:16
35,14,add_to_cart,03/06/2026 20:09
35,3,view,03/06/2026 22:14
35,24,search,03/06/2026 23:23
35,22,click,03/07/2026 1:39
35,24,add_to_cart,03/07/2026 2:34
35,46,click,03/07/2026 2:39
35,22,remove_cart,03/07/2026 3:22
35,46,click,03/07/2026 6:21
35,22,search,03/07/2026 8:20
35,1,search,03/07/2026 8:39
35,22,add_to_cart,03/07/2026 10:55
35,14,update_quantity,03/07/2026 11:05
35,1,add_to_cart,03/07/2026 13:26
35,43,view,03/07/2026 13:33
35,37,search,03/07/2026 15:08
35,22,add_to_cart,03/07/2026 16:54
35,22,update_quantity,03/07/2026 19:29
35,1,remove_cart,03/07/2026 21:48
35,14,click,03/08/2026 0:00
35,22,click,03/08/2026 2:32
35,22,click,03/08/2026 3:36
35,31,search,03/08/2026 4:52
35,37,click,03/08/2026 6:27
35,14,update_quantity,03/08/2026 7:39
35,24,purchase,03/08/2026 9:43
35,14,click,03/08/2026 10:24
35,7,view,03/08/2026 12:50
35,49,search,03/08/2026 13:12
35,40,search,03/08/2026 14:22
35,6,view,03/08/2026 16:00
35,7,view,03/08/2026 18:37
35,22,update_quantity,03/08/2026 19:27
35,32,view,03/08/2026 21:34
35,14,update_quantity,03/08/2026 23:02
35,7,add_to_cart,03/09/2026 2:00
35,40,add_to_cart,03/09/2026 2:15
35,40,click,03/09/2026 4:44
35,28,view,03/09/2026 6:39
35,40,remove_cart,03/09/2026 8:25
35,24,search,03/09/2026 8:51
35,49,add_to_cart,03/09/2026 11:29
35,49,purchase,03/09/2026 12:41
35,22,purchase,03/09/2026 14:10
35,40,add_to_cart,03/09/2026 15:44
35,22,add_to_cart,03/09/2026 15:58
35,14,update_quantity,03/09/2026 16:26
35,22,update_quantity,03/09/2026 17:08
35,40,purchase,03/09/2026 18:12
35,40,rate,03/09/2026 19:18
35,14,click,03/09/2026 20:05
35,14,purchase,03/09/2026 22:17
35,7,remove_cart,03/09/2026 23:57
35,28,add_to_cart,03/10/2026 0:36
35,7,add_to_cart,03/10/2026 0:58
35,40,click,03/10/2026 1:03
35,28,view,03/10/2026 1:23
35,28,view,03/10/2026 2:27
35,22,search,03/10/2026 5:23
35,14,click,03/10/2026 5:40
35,7,click,03/10/2026 7:14
35,7,remove_cart,03/10/2026 8:29
35,28,update_quantity,03/10/2026 9:38
36,26,search,10/26/2025 4:27
36,34,click,10/26/2025 7:03
36,20,click,10/26/2025 7:28
36,14,add_to_cart,10/26/2025 8:35
36,46,search,10/26/2025 8:45
36,20,view,10/26/2025 10:07
36,10,search,10/26/2025 10:58
36,14,update_quantity,10/26/2025 12:27
36,14,remove_cart,10/26/2025 14:36
36,20,click,10/26/2025 14:56
36,20,click,10/26/2025 16:06
36,2,view,10/26/2025 17:32
36,46,view,10/26/2025 17:45
36,10,view,10/26/2025 20:32
36,14,add_to_cart,10/26/2025 21:21
36,2,click,10/27/2025 0:22
36,14,purchase,10/27/2025 2:42
36,10,view,10/27/2025 5:11
36,34,search,10/27/2025 7:00
36,14,view,10/27/2025 7:43
36,14,add_to_cart,10/27/2025 10:22
36,14,remove_cart,10/27/2025 12:45
36,14,view,10/27/2025 14:17
36,14,click,10/27/2025 16:15
36,14,view,10/27/2025 18:34
36,10,add_to_cart,10/27/2025 21:16
36,7,add_to_cart,10/28/2025 0:16
36,42,search,10/28/2025 0:52
36,14,click,10/28/2025 2:17
36,14,add_to_cart,10/28/2025 3:23
36,14,view,10/28/2025 4:27
36,7,add_to_cart,10/28/2025 6:36
36,42,view,10/28/2025 7:22
36,14,rate,10/28/2025 7:57
36,14,view,10/28/2025 10:05
36,7,add_to_cart,10/28/2025 11:01
36,14,click,10/28/2025 11:38
36,14,remove_cart,10/28/2025 12:58
36,10,remove_cart,10/28/2025 13:58
36,14,view,10/28/2025 15:37
36,14,click,10/28/2025 16:30
36,14,view,10/28/2025 17:58
36,14,click,10/28/2025 18:47
36,14,click,10/28/2025 19:33
36,47,search,10/28/2025 21:40
36,7,remove_cart,10/28/2025 22:51
36,14,click,10/29/2025 1:04
36,12,search,10/29/2025 4:01
36,37,search,10/29/2025 4:12
36,14,click,10/29/2025 5:19
36,6,search,10/29/2025 5:26
36,14,add_to_cart,10/29/2025 8:22
36,36,search,10/29/2025 10:50
36,14,add_to_cart,10/29/2025 11:21
36,7,click,10/29/2025 13:17
36,42,search,10/29/2025 13:53
36,12,search,10/29/2025 14:55
36,14,remove_cart,10/29/2025 15:55
36,12,view,10/29/2025 18:16
36,26,search,10/29/2025 20:54
36,7,click,10/29/2025 21:58
36,14,click,10/30/2025 0:06
36,28,search,10/30/2025 2:46
36,5,search,10/30/2025 3:00
36,3,view,10/30/2025 4:52
36,1,click,10/30/2025 7:45
36,28,add_to_cart,10/30/2025 9:34
36,28,purchase,10/30/2025 10:01
36,11,add_to_cart,10/30/2025 12:06
36,48,view,10/30/2025 12:57
36,11,purchase,10/30/2025 13:28
36,47,search,10/30/2025 14:45
36,1,add_to_cart,10/30/2025 17:31
36,42,search,10/30/2025 17:38
36,1,update_quantity,10/30/2025 19:58
36,1,remove_cart,10/30/2025 20:10
36,42,view,10/30/2025 21:57
37,40,view,12/22/2025 16:34
37,40,add_to_cart,12/22/2025 17:34
37,40,add_to_cart,12/22/2025 20:24
37,49,click,12/22/2025 22:57
37,48,add_to_cart,12/23/2025 1:50
37,40,purchase,12/23/2025 3:23
37,40,view,12/23/2025 4:05
37,40,click,12/23/2025 5:40
37,36,search,12/23/2025 8:12
37,40,click,12/23/2025 9:21
37,48,purchase,12/23/2025 11:33
37,40,rate,12/23/2025 12:27
37,36,search,12/23/2025 13:07
37,36,click,12/23/2025 13:13
37,48,view,12/23/2025 14:24
37,9,click,12/23/2025 14:44
37,40,view,12/23/2025 15:50
37,48,add_to_cart,12/23/2025 18:02
37,40,add_to_cart,12/23/2025 19:14
37,25,view,12/23/2025 20:23
37,40,click,12/23/2025 23:17
37,48,update_quantity,12/24/2025 0:10
37,48,remove_cart,12/24/2025 1:41
37,40,remove_cart,12/24/2025 2:58
37,24,add_to_cart,12/24/2025 4:26
37,48,add_to_cart,12/24/2025 6:03
37,48,add_to_cart,12/24/2025 8:34
37,48,purchase,12/24/2025 10:37
37,24,purchase,12/24/2025 13:18
37,14,click,12/24/2025 14:57
37,36,search,12/24/2025 15:23
37,48,view,12/24/2025 15:34
37,48,click,12/24/2025 15:44
37,48,add_to_cart,12/24/2025 15:47
37,11,add_to_cart,12/24/2025 17:07
37,48,update_quantity,12/24/2025 18:45
37,48,view,12/24/2025 21:38
37,48,add_to_cart,12/24/2025 23:48
37,27,click,12/25/2025 2:35
37,44,search,12/25/2025 4:32
37,22,search,12/25/2025 7:27
37,48,add_to_cart,12/25/2025 8:15
37,11,view,12/25/2025 8:32
37,29,search,12/25/2025 10:11
37,1,search,12/25/2025 11:35
37,22,view,12/25/2025 12:49
37,29,click,12/25/2025 14:55
37,1,add_to_cart,12/25/2025 16:04
37,1,view,12/25/2025 18:10
37,45,search,12/25/2025 19:54
37,1,view,12/25/2025 22:53
38,3,click,12/30/2025 9:50
38,15,search,12/30/2025 9:55
38,26,click,12/30/2025 12:15
38,10,view,12/30/2025 14:05
38,10,click,12/30/2025 17:02
38,10,add_to_cart,12/30/2025 19:57
38,39,search,12/30/2025 21:15
38,11,view,12/30/2025 22:58
38,26,view,12/31/2025 1:28
38,41,search,12/31/2025 1:53
38,22,search,12/31/2025 2:16
38,25,search,12/31/2025 4:10
38,10,update_quantity,12/31/2025 5:56
38,50,search,12/31/2025 7:04
38,22,view,12/31/2025 7:55
38,8,click,12/31/2025 8:09
38,31,view,12/31/2025 9:58
38,3,view,12/31/2025 10:29
38,29,search,12/31/2025 12:14
38,10,remove_cart,12/31/2025 13:22
38,11,view,12/31/2025 14:13
38,50,add_to_cart,12/31/2025 14:41
38,22,add_to_cart,12/31/2025 16:46
38,50,search,12/31/2025 19:01
38,31,add_to_cart,12/31/2025 20:09
38,11,add_to_cart,12/31/2025 21:57
38,32,view,12/31/2025 22:30
38,49,add_to_cart,12/31/2025 23:38
38,49,view,01/01/2026 2:26
38,50,view,01/01/2026 3:47
38,14,search,01/01/2026 6:34
38,47,search,01/01/2026 7:22
38,31,click,01/01/2026 9:02
38,32,add_to_cart,01/01/2026 9:12
38,13,click,01/01/2026 9:45
38,31,add_to_cart,01/01/2026 10:01
38,22,purchase,01/01/2026 11:44
38,22,rate,01/01/2026 13:12
38,11,remove_cart,01/01/2026 13:43
38,49,update_quantity,01/01/2026 15:16
38,13,view,01/01/2026 15:29
38,32,purchase,01/01/2026 15:38
38,32,rate,01/01/2026 17:12
38,50,purchase,01/01/2026 17:15
38,49,purchase,01/01/2026 19:23
38,8,view,01/01/2026 20:45
38,8,add_to_cart,01/01/2026 21:08
38,49,view,01/01/2026 22:32
38,6,click,01/02/2026 1:27
38,49,view,01/02/2026 2:08
38,29,add_to_cart,01/02/2026 3:52
38,49,add_to_cart,01/02/2026 5:50
38,13,add_to_cart,01/02/2026 6:43
38,49,click,01/02/2026 9:09
38,12,add_to_cart,01/02/2026 9:54
38,49,click,01/02/2026 10:48
38,12,purchase,01/02/2026 11:43
38,35,click,01/02/2026 12:46
38,49,view,01/02/2026 14:31
38,13,view,01/02/2026 16:14
38,8,remove_cart,01/02/2026 19:11
38,29,search,01/02/2026 19:17
38,12,add_to_cart,01/02/2026 22:03
38,29,view,01/03/2026 0:49
38,24,search,01/03/2026 2:21
38,5,view,01/03/2026 4:17
38,42,search,01/03/2026 6:03
38,15,click,01/03/2026 7:02
38,35,view,01/03/2026 9:09
38,3,search,01/03/2026 10:11
39,3,view,12/21/2025 2:58
39,17,view,12/21/2025 4:16
39,1,search,12/21/2025 6:33
39,26,search,12/21/2025 9:30
39,17,view,12/21/2025 9:59
39,21,view,12/21/2025 11:19
39,13,view,12/21/2025 14:19
39,26,click,12/21/2025 16:10
39,17,view,12/21/2025 16:24
39,26,click,12/21/2025 18:22
39,29,search,12/21/2025 18:24
39,1,search,12/21/2025 19:07
39,26,view,12/21/2025 22:07
39,14,search,12/21/2025 22:32
39,47,click,12/21/2025 23:17
39,1,click,12/21/2025 23:37
39,1,add_to_cart,12/22/2025 1:08
39,47,search,12/22/2025 2:00
39,26,click,12/22/2025 4:24
39,44,add_to_cart,12/22/2025 7:02
39,26,click,12/22/2025 8:36
39,38,add_to_cart,12/22/2025 9:02
39,9,add_to_cart,12/22/2025 11:14
39,44,purchase,12/22/2025 12:12
39,37,add_to_cart,12/22/2025 14:13
39,46,click,12/22/2025 16:54
39,9,purchase,12/22/2025 19:15
39,26,click,12/22/2025 19:28
39,39,click,12/22/2025 21:25
39,38,purchase,12/23/2025 0:06
39,1,view,12/23/2025 2:49
39,37,purchase,12/23/2025 5:14
39,4,view,12/23/2025 7:06
39,26,view,12/23/2025 9:01
39,1,view,12/23/2025 10:58
39,37,view,12/23/2025 12:36
39,1,view,12/23/2025 15:13
39,22,click,12/23/2025 16:46
39,49,click,12/23/2025 16:51
39,13,search,12/23/2025 16:55
39,4,click,12/23/2025 19:48
39,40,add_to_cart,12/23/2025 20:04
39,4,add_to_cart,12/23/2025 20:15
39,37,click,12/23/2025 21:11
39,13,add_to_cart,12/23/2025 23:20
39,11,search,12/24/2025 2:07
39,1,remove_cart,12/24/2025 2:39
39,4,view,12/24/2025 3:33
39,42,click,12/24/2025 6:25
39,49,view,12/24/2025 8:28
39,4,click,12/24/2025 10:06
39,37,click,12/24/2025 13:07
39,40,update_quantity,12/24/2025 14:47
39,20,click,12/24/2025 16:22
39,13,update_quantity,12/24/2025 17:56
39,4,search,12/24/2025 20:14
39,40,remove_cart,12/24/2025 22:43
39,13,view,12/25/2025 1:04
39,13,update_quantity,12/25/2025 3:21
39,13,click,12/25/2025 6:13
39,37,add_to_cart,12/25/2025 7:24
39,1,search,12/25/2025 7:35
39,21,click,12/25/2025 8:21
39,37,click,12/25/2025 9:08
39,29,search,12/25/2025 10:16
39,37,view,12/25/2025 12:13
39,39,view,12/25/2025 15:03
40,28,view,03/09/2026 20:05
40,2,view,03/09/2026 22:58
40,9,click,03/10/2026 0:37
40,10,search,03/10/2026 0:56
40,28,search,03/10/2026 1:32
40,13,view,03/10/2026 1:51
40,28,click,03/10/2026 2:56
40,28,add_to_cart,03/10/2026 5:37
40,28,view,03/10/2026 5:48
40,22,search,03/10/2026 7:13
40,22,click,03/10/2026 9:51
40,34,search,03/10/2026 11:56
40,22,click,03/10/2026 12:18
40,28,add_to_cart,03/10/2026 13:14
40,16,search,03/10/2026 14:20
40,12,view,03/10/2026 17:15
40,22,add_to_cart,03/10/2026 19:59
40,22,remove_cart,03/10/2026 22:33
40,12,add_to_cart,03/11/2026 0:34
40,45,search,03/11/2026 1:39
40,22,view,03/11/2026 3:50
40,22,view,03/11/2026 6:21
40,1,click,03/11/2026 8:17
40,24,add_to_cart,03/11/2026 8:37
40,31,add_to_cart,03/11/2026 10:36
40,24,add_to_cart,03/11/2026 10:52
40,40,view,03/11/2026 11:07
40,24,view,03/11/2026 12:46
40,24,add_to_cart,03/11/2026 13:26
40,1,click,03/11/2026 14:28
40,1,add_to_cart,03/11/2026 16:09
40,1,view,03/11/2026 17:16
40,16,search,03/11/2026 18:44
40,31,remove_cart,03/11/2026 21:32
40,12,purchase,03/12/2026 0:29
40,1,view,03/12/2026 2:53
40,28,purchase,03/12/2026 3:49
40,1,add_to_cart,03/12/2026 4:38
40,1,add_to_cart,03/12/2026 5:36
40,1,view,03/12/2026 6:32
40,31,click,03/12/2026 9:03
40,6,search,03/12/2026 12:02
40,47,click,03/12/2026 13:12
40,24,update_quantity,03/12/2026 13:17
40,28,add_to_cart,03/12/2026 15:57
40,1,remove_cart,03/12/2026 15:59
40,40,search,03/12/2026 17:47
40,20,view,03/12/2026 18:04
40,8,view,03/12/2026 18:46
40,24,purchase,03/12/2026 21:41
40,40,click,03/12/2026 23:16
40,28,remove_cart,03/12/2026 23:22
40,42,search,03/12/2026 23:56
40,47,search,03/13/2026 2:09
40,8,add_to_cart,03/13/2026 4:14
41,8,search,01/22/2026 21:42
41,7,search,01/22/2026 23:39
41,8,view,01/22/2026 23:59
41,8,click,01/23/2026 2:35
41,7,view,01/23/2026 5:10
41,8,click,01/23/2026 7:25
41,8,add_to_cart,01/23/2026 8:03
41,8,purchase,01/23/2026 9:56
41,35,view,01/23/2026 11:38
41,35,add_to_cart,01/23/2026 13:59
41,35,purchase,01/23/2026 15:51
41,31,search,01/23/2026 16:51
41,19,search,01/23/2026 19:22
41,21,view,01/23/2026 19:49
41,35,view,01/23/2026 20:42
41,22,view,01/23/2026 20:45
41,35,add_to_cart,01/23/2026 22:37
41,14,add_to_cart,01/23/2026 23:55
41,31,click,01/24/2026 0:16
41,19,add_to_cart,01/24/2026 1:36
41,10,view,01/24/2026 2:00
41,9,add_to_cart,01/24/2026 2:42
41,10,view,01/24/2026 4:23
41,19,purchase,01/24/2026 5:07
41,35,view,01/24/2026 6:30
41,16,click,01/24/2026 8:41
41,9,add_to_cart,01/24/2026 9:45
41,14,update_quantity,01/24/2026 10:48
41,16,click,01/24/2026 13:04
41,10,view,01/24/2026 13:28
41,19,view,01/24/2026 13:33
41,8,search,01/24/2026 14:57
41,10,add_to_cart,01/24/2026 16:55
41,10,purchase,01/24/2026 18:58
41,10,click,01/24/2026 20:08
41,15,view,01/24/2026 21:09
41,14,purchase,01/24/2026 21:20
41,35,remove_cart,01/25/2026 0:20
41,10,rate,01/25/2026 2:58
41,25,view,01/25/2026 5:42
42,37,add_to_cart,02/17/2026 5:57
42,37,add_to_cart,02/17/2026 8:55
42,37,update_quantity,02/17/2026 11:02
42,37,click,02/17/2026 12:38
42,28,add_to_cart,02/17/2026 15:34
42,28,update_quantity,02/17/2026 18:18
42,28,remove_cart,02/17/2026 19:25
42,37,purchase,02/17/2026 20:01
42,18,add_to_cart,02/17/2026 20:23
42,30,search,02/17/2026 21:18
42,30,view,02/17/2026 22:07
42,30,view,02/17/2026 23:07
42,21,click,02/18/2026 2:03
42,18,search,02/18/2026 4:55
42,18,view,02/18/2026 6:22
42,41,search,02/18/2026 8:51
42,37,rate,02/18/2026 11:11
42,44,click,02/18/2026 13:54
42,41,add_to_cart,02/18/2026 14:39
42,21,add_to_cart,02/18/2026 14:52
42,18,purchase,02/18/2026 17:42
42,45,click,02/18/2026 19:44
42,45,view,02/18/2026 19:57
42,41,remove_cart,02/18/2026 20:24
42,23,click,02/18/2026 21:35
42,21,purchase,02/18/2026 21:42
42,7,click,02/18/2026 23:19
42,7,click,02/19/2026 2:15
42,8,add_to_cart,02/19/2026 2:45
42,42,search,02/19/2026 4:44
42,31,search,02/19/2026 5:17
42,36,search,02/19/2026 5:50
42,21,click,02/19/2026 7:31
42,43,search,02/19/2026 9:37
42,2,search,02/19/2026 9:57
42,29,view,02/19/2026 12:01
42,21,view,02/19/2026 14:53
42,33,search,02/19/2026 17:37
42,7,add_to_cart,02/19/2026 18:03
42,16,view,02/19/2026 18:17
42,7,view,02/19/2026 19:35
42,29,view,02/19/2026 21:13
42,7,view,02/19/2026 23:19
42,7,click,02/19/2026 23:32
42,10,view,02/20/2026 0:05
42,7,click,02/20/2026 1:04
42,40,search,02/20/2026 2:07
42,6,search,02/20/2026 5:07
42,50,view,02/20/2026 7:59
42,50,click,02/20/2026 9:15
42,7,click,02/20/2026 10:59
42,10,search,02/20/2026 11:51
42,7,click,02/20/2026 13:59
42,21,rate,02/20/2026 15:43
42,32,click,02/20/2026 17:13
42,26,search,02/20/2026 17:31
42,37,click,02/20/2026 17:43
42,8,update_quantity,02/20/2026 19:49
42,46,search,02/20/2026 22:44
42,37,click,02/21/2026 0:14
42,46,view,02/21/2026 2:12
42,8,update_quantity,02/21/2026 4:29
42,26,view,02/21/2026 7:04
42,8,remove_cart,02/21/2026 9:47
43,23,click,02/28/2026 17:59
43,23,view,02/28/2026 19:24
43,23,click,02/28/2026 21:31
43,22,click,02/28/2026 21:41
43,22,add_to_cart,02/28/2026 22:00
43,22,update_quantity,02/28/2026 22:08
43,40,view,02/28/2026 22:19
43,22,purchase,03/01/2026 0:15
43,23,view,03/01/2026 2:17
43,41,search,03/01/2026 5:14
43,27,view,03/01/2026 5:45
43,22,add_to_cart,03/01/2026 7:32
43,9,search,03/01/2026 8:46
43,22,remove_cart,03/01/2026 9:25
43,50,view,03/01/2026 11:16
43,45,view,03/01/2026 11:22
43,24,view,03/01/2026 13:34
43,41,view,03/01/2026 14:58
43,35,view,03/01/2026 15:26
43,6,search,03/01/2026 15:43
43,12,search,03/01/2026 16:07
43,22,search,03/01/2026 17:18
43,18,search,03/01/2026 19:47
43,35,view,03/01/2026 21:27
43,29,click,03/01/2026 22:10
43,33,search,03/02/2026 0:36
43,10,search,03/02/2026 2:37
43,35,add_to_cart,03/02/2026 2:58
43,18,add_to_cart,03/02/2026 4:27
43,35,update_quantity,03/02/2026 6:08
43,35,click,03/02/2026 8:49
43,23,search,03/02/2026 10:58
43,35,update_quantity,03/02/2026 13:25
43,33,add_to_cart,03/02/2026 15:11
43,35,view,03/02/2026 16:34
43,35,click,03/02/2026 18:05
43,35,click,03/02/2026 20:15
43,43,search,03/02/2026 22:56
43,35,click,03/02/2026 23:03
43,43,view,03/02/2026 23:45
43,35,click,03/03/2026 2:25
43,35,remove_cart,03/03/2026 3:21
43,43,add_to_cart,03/03/2026 4:48
43,4,click,03/03/2026 6:28
43,35,view,03/03/2026 8:28
43,33,update_quantity,03/03/2026 10:46
43,43,view,03/03/2026 12:35
43,35,view,03/03/2026 15:14
43,43,click,03/03/2026 15:36
43,35,view,03/03/2026 15:49
43,33,purchase,03/03/2026 18:24
43,33,add_to_cart,03/03/2026 19:45
43,35,view,03/03/2026 22:42
43,50,search,03/03/2026 23:31
43,35,add_to_cart,03/04/2026 0:01
43,35,click,03/04/2026 1:41
43,48,search,03/04/2026 3:57
43,23,click,03/04/2026 6:20
43,47,add_to_cart,03/04/2026 8:35
43,33,click,03/04/2026 11:31
43,46,click,03/04/2026 12:00
43,12,search,03/04/2026 14:56
44,41,view,12/24/2025 22:20
44,41,click,12/24/2025 23:09
44,33,add_to_cart,12/25/2025 0:20
44,8,search,12/25/2025 2:46
44,32,view,12/25/2025 4:28
44,41,view,12/25/2025 7:00
44,5,search,12/25/2025 7:06
44,32,view,12/25/2025 8:25
44,4,click,12/25/2025 10:36
44,37,search,12/25/2025 12:55
44,4,view,12/25/2025 13:26
44,20,search,12/25/2025 15:13
44,33,purchase,12/25/2025 18:01
44,33,view,12/25/2025 20:11
44,11,search,12/25/2025 22:50
44,33,add_to_cart,12/25/2025 23:24
44,37,view,12/26/2025 1:33
44,49,view,12/26/2025 4:15
44,35,search,12/26/2025 6:45
44,4,search,12/26/2025 6:47
44,33,remove_cart,12/26/2025 8:56
44,37,view,12/26/2025 11:52
44,34,search,12/26/2025 12:21
44,49,view,12/26/2025 14:16
44,49,view,12/26/2025 16:52
44,43,click,12/26/2025 18:45
44,36,view,12/26/2025 20:47
44,30,click,12/26/2025 23:25
44,23,click,12/27/2025 0:49
44,41,click,12/27/2025 2:06
44,34,click,12/27/2025 2:14
44,14,search,12/27/2025 4:11
44,31,click,12/27/2025 4:31
44,33,search,12/27/2025 6:33
44,42,search,12/27/2025 8:30
44,5,add_to_cart,12/27/2025 8:41
44,14,click,12/27/2025 10:40
44,5,remove_cart,12/27/2025 12:14
44,15,search,12/27/2025 12:43
44,29,search,12/27/2025 13:43
44,15,click,12/27/2025 15:30
44,5,view,12/27/2025 17:12
44,50,search,12/27/2025 17:53
44,5,view,12/27/2025 19:58
44,50,click,12/27/2025 22:45
44,13,search,12/28/2025 0:32
44,15,click,12/28/2025 2:23
44,32,view,12/28/2025 2:34
44,15,click,12/28/2025 5:17
44,41,search,12/28/2025 6:06
44,11,view,12/28/2025 7:11
44,28,view,12/28/2025 9:44
44,33,rate,12/28/2025 11:37
44,41,search,12/28/2025 14:34
44,33,view,12/28/2025 17:11
44,33,view,12/28/2025 19:10
44,3,add_to_cart,12/28/2025 20:48
44,11,view,12/28/2025 23:01
44,38,search,12/28/2025 23:15
44,3,remove_cart,12/28/2025 23:45
44,29,click,12/29/2025 0:25
44,38,search,12/29/2025 0:35
44,33,view,12/29/2025 2:22
44,11,view,12/29/2025 3:05
44,3,view,12/29/2025 4:05
44,4,click,12/29/2025 6:49
44,13,search,12/29/2025 7:30
44,29,view,12/29/2025 7:47
44,4,view,12/29/2025 10:07
44,37,click,12/29/2025 11:32
44,1,view,12/29/2025 13:24
44,13,click,12/29/2025 15:49
44,6,add_to_cart,12/29/2025 15:54
44,6,purchase,12/29/2025 18:23
44,6,view,12/29/2025 21:20
44,4,add_to_cart,12/29/2025 23:55
44,35,add_to_cart,12/30/2025 1:35
45,40,click,11/23/2025 11:59
45,50,view,11/23/2025 12:19
45,50,view,11/23/2025 13:36
45,46,click,11/23/2025 16:14
45,42,search,11/23/2025 17:36
45,46,view,11/23/2025 19:31
45,40,view,11/23/2025 20:44
45,1,search,11/23/2025 23:29
45,42,add_to_cart,11/23/2025 23:50
45,42,update_quantity,11/23/2025 23:55
45,32,view,11/24/2025 1:07
45,45,view,11/24/2025 2:49
45,1,view,11/24/2025 4:20
45,42,purchase,11/24/2025 7:08
45,45,view,11/24/2025 8:09
45,27,search,11/24/2025 8:22
45,32,view,11/24/2025 9:41
45,33,view,11/24/2025 12:31
45,42,add_to_cart,11/24/2025 13:53
45,42,purchase,11/24/2025 14:54
45,42,click,11/24/2025 16:50
45,4,search,11/24/2025 16:57
45,33,view,11/24/2025 18:11
45,42,view,11/24/2025 18:46
45,4,view,11/24/2025 21:36
45,42,view,11/24/2025 22:00
45,15,add_to_cart,11/24/2025 23:48
45,15,update_quantity,11/25/2025 0:23
45,15,remove_cart,11/25/2025 2:50
45,32,view,11/25/2025 5:08
45,42,view,11/25/2025 7:28
45,15,add_to_cart,11/25/2025 7:47
45,32,add_to_cart,11/25/2025 9:01
45,1,search,11/25/2025 9:47
45,32,update_quantity,11/25/2025 10:23
45,32,view,11/25/2025 11:39
45,1,view,11/25/2025 11:59
45,42,rate,11/25/2025 14:59
45,32,view,11/25/2025 15:38
45,41,search,11/25/2025 17:52
45,32,click,11/25/2025 20:37
45,32,add_to_cart,11/25/2025 22:48
45,32,purchase,11/26/2025 0:25
45,32,rate,11/26/2025 0:40
45,15,update_quantity,11/26/2025 3:05
45,20,search,11/26/2025 4:45
45,15,view,11/26/2025 7:31
45,32,view,11/26/2025 10:15
45,15,update_quantity,11/26/2025 13:04
45,10,view,11/26/2025 14:53
45,15,remove_cart,11/26/2025 16:34
45,32,view,11/26/2025 19:29
45,4,view,11/26/2025 20:10
45,20,add_to_cart,11/26/2025 21:46
45,10,view,11/26/2025 23:39
45,5,search,11/27/2025 1:03
45,4,add_to_cart,11/27/2025 1:09
45,20,add_to_cart,11/27/2025 4:05
45,10,click,11/27/2025 5:09
45,27,click,11/27/2025 7:34
45,20,remove_cart,11/27/2025 8:21
45,29,click,11/27/2025 8:42
45,5,add_to_cart,11/27/2025 10:02
45,50,search,11/27/2025 11:23
45,4,purchase,11/27/2025 12:35
45,4,rate,11/27/2025 12:57
45,49,view,11/27/2025 13:11
46,14,view,12/31/2025 5:14
46,44,click,12/31/2025 7:54
46,1,view,12/31/2025 8:40
46,44,view,12/31/2025 10:09
46,14,add_to_cart,12/31/2025 11:58
46,48,search,12/31/2025 14:07
46,48,click,12/31/2025 15:35
46,44,add_to_cart,12/31/2025 16:33
46,14,purchase,12/31/2025 18:55
46,14,click,12/31/2025 19:44
46,37,add_to_cart,12/31/2025 21:23
46,1,view,01/01/2026 0:07
46,14,search,01/01/2026 0:17
46,37,purchase,01/01/2026 2:41
46,29,search,01/01/2026 4:24
46,14,view,01/01/2026 6:37
46,43,view,01/01/2026 8:58
46,14,view,01/01/2026 9:00
46,14,view,01/01/2026 11:28
46,29,view,01/01/2026 11:57
46,37,add_to_cart,01/01/2026 12:51
46,37,click,01/01/2026 12:58
46,13,click,01/01/2026 14:56
46,13,view,01/01/2026 15:45
46,21,search,01/01/2026 16:49
46,19,view,01/01/2026 19:35
46,44,purchase,01/01/2026 21:59
46,9,search,01/02/2026 0:02
46,37,purchase,01/02/2026 0:43
46,44,rate,01/02/2026 2:41
46,18,search,01/02/2026 3:39
46,44,view,01/02/2026 4:59
46,18,add_to_cart,01/02/2026 5:58
46,18,update_quantity,01/02/2026 8:19
46,18,update_quantity,01/02/2026 11:10
46,37,rate,01/02/2026 13:53
46,18,click,01/02/2026 15:49
46,18,update_quantity,01/02/2026 15:57
46,42,add_to_cart,01/02/2026 17:15
46,18,view,01/02/2026 17:20
46,42,search,01/02/2026 18:20
46,18,add_to_cart,01/02/2026 21:19
46,18,add_to_cart,01/02/2026 21:55
46,42,click,01/02/2026 23:52
46,42,purchase,01/03/2026 1:30
46,18,update_quantity,01/03/2026 3:02
46,22,view,01/03/2026 4:20
46,27,view,01/03/2026 6:35
46,9,view,01/03/2026 7:45
46,18,purchase,01/03/2026 9:24
46,42,add_to_cart,01/03/2026 11:45
46,33,view,01/03/2026 12:33
46,23,search,01/03/2026 12:54
46,27,view,01/03/2026 14:02
46,33,view,01/03/2026 16:25
46,42,purchase,01/03/2026 19:04
46,33,click,01/03/2026 20:46
46,13,search,01/03/2026 21:56
46,42,click,01/03/2026 22:37
46,42,add_to_cart,01/04/2026 1:04
46,42,update_quantity,01/04/2026 2:55
46,42,purchase,01/04/2026 3:57
46,24,view,01/04/2026 6:29
46,36,add_to_cart,01/04/2026 9:29
46,33,click,01/04/2026 10:27
46,13,click,01/04/2026 13:17
46,23,add_to_cart,01/04/2026 13:48
46,19,search,01/04/2026 16:30
46,23,purchase,01/04/2026 16:36
46,36,update_quantity,01/04/2026 19:25
46,14,rate,01/04/2026 20:28
46,1,click,01/04/2026 22:19
46,19,view,01/05/2026 0:09
46,28,add_to_cart,01/05/2026 1:28
46,42,rate,01/05/2026 2:30
46,42,add_to_cart,01/05/2026 4:11
46,42,click,01/05/2026 4:59
47,1,click,01/06/2026 19:52
47,1,view,01/06/2026 22:31
47,1,add_to_cart,01/06/2026 23:47
47,48,click,01/07/2026 0:22
47,19,view,01/07/2026 0:38
47,19,view,01/07/2026 3:11
47,19,add_to_cart,01/07/2026 5:55
47,42,search,01/07/2026 8:11
47,19,remove_cart,01/07/2026 10:12
47,19,view,01/07/2026 11:36
47,26,click,01/07/2026 12:50
47,41,click,01/07/2026 14:35
47,42,click,01/07/2026 17:21
47,19,view,01/07/2026 19:29
47,22,view,01/07/2026 20:59
47,26,click,01/07/2026 21:45
47,26,search,01/08/2026 0:05
47,45,add_to_cart,01/08/2026 3:05
47,1,add_to_cart,01/08/2026 6:03
47,42,search,01/08/2026 6:59
47,27,search,01/08/2026 7:17
47,22,click,01/08/2026 8:30
47,22,click,01/08/2026 10:48
47,1,remove_cart,01/08/2026 13:47
47,41,search,01/08/2026 16:21
47,22,view,01/08/2026 16:37
47,10,search,01/08/2026 18:26
47,31,search,01/08/2026 19:45
47,43,view,01/08/2026 22:39
47,30,add_to_cart,01/09/2026 1:01
47,50,add_to_cart,01/09/2026 3:14
47,50,update_quantity,01/09/2026 4:07
47,45,update_quantity,01/09/2026 6:16
47,13,search,01/09/2026 7:40
47,29,view,01/09/2026 8:27
47,45,update_quantity,01/09/2026 10:51
47,45,click,01/09/2026 12:07
47,45,add_to_cart,01/09/2026 12:23
47,13,click,01/09/2026 13:16
47,24,search,01/09/2026 15:30
47,13,click,01/09/2026 18:20
47,45,click,01/09/2026 19:36
47,35,search,01/09/2026 21:45
47,13,view,01/09/2026 23:33
47,50,update_quantity,01/10/2026 0:28
48,50,add_to_cart,11/15/2025 0:32
48,2,search,11/15/2025 3:23
48,43,search,11/15/2025 4:21
48,44,view,11/15/2025 4:34
48,48,add_to_cart,11/15/2025 7:17
48,19,search,11/15/2025 8:57
48,50,click,11/15/2025 10:55
48,31,view,11/15/2025 13:32
48,43,add_to_cart,11/15/2025 14:19
48,12,search,11/15/2025 17:10
48,50,view,11/15/2025 18:46
48,43,update_quantity,11/15/2025 19:09
48,43,click,11/15/2025 21:36
48,2,search,11/15/2025 23:46
48,31,view,11/16/2025 0:51
48,43,view,11/16/2025 2:42
48,12,click,11/16/2025 4:30
48,12,click,11/16/2025 6:29
48,45,view,11/16/2025 8:32
48,48,purchase,11/16/2025 9:27
48,49,search,11/16/2025 11:28
48,29,view,11/16/2025 12:04
48,31,add_to_cart,11/16/2025 14:00
48,5,view,11/16/2025 15:24
48,4,add_to_cart,11/16/2025 17:11
48,5,view,11/16/2025 18:20
48,43,purchase,11/16/2025 20:12
48,48,search,11/16/2025 21:45
48,27,add_to_cart,11/16/2025 23:39
48,48,search,11/17/2025 1:23
48,9,view,11/17/2025 3:32
48,5,view,11/17/2025 4:56
48,48,view,11/17/2025 7:03
48,48,view,11/17/2025 7:20
48,9,view,11/17/2025 8:20
48,31,purchase,11/17/2025 10:44
48,45,click,11/17/2025 13:37
48,4,purchase,11/17/2025 14:20
48,27,update_quantity,11/17/2025 14:25
48,50,update_quantity,11/17/2025 17:17
48,4,view,11/17/2025 17:53
48,31,view,11/17/2025 20:42
48,27,update_quantity,11/17/2025 22:28
48,4,add_to_cart,11/17/2025 22:40
48,39,search,11/17/2025 23:40
48,10,search,11/18/2025 0:00
48,42,view,11/18/2025 0:35
48,40,view,11/18/2025 3:18
48,31,click,11/18/2025 3:34
48,26,search,11/18/2025 4:28
48,12,search,11/18/2025 6:32
48,40,view,11/18/2025 8:27
48,27,update_quantity,11/18/2025 8:52
48,11,view,11/18/2025 11:22
48,31,click,11/18/2025 13:53
48,31,view,11/18/2025 14:47
48,31,view,11/18/2025 16:33
48,27,add_to_cart,11/18/2025 18:38
48,36,click,11/18/2025 20:45
48,5,add_to_cart,11/18/2025 22:09
48,36,add_to_cart,11/18/2025 22:29
48,26,search,11/19/2025 0:37
48,26,click,11/19/2025 1:44
48,26,add_to_cart,11/19/2025 4:17
48,36,purchase,11/19/2025 5:14
49,25,view,03/05/2026 9:27
49,30,search,03/05/2026 11:18
49,48,view,03/05/2026 12:06
49,3,view,03/05/2026 13:37
49,3,add_to_cart,03/05/2026 13:51
49,3,purchase,03/05/2026 14:41
49,3,rate,03/05/2026 17:30
49,39,click,03/05/2026 20:03
49,9,search,03/05/2026 22:25
49,12,click,03/05/2026 23:14
49,23,click,03/06/2026 1:32
49,17,search,03/06/2026 2:54
49,27,search,03/06/2026 3:15
49,46,search,03/06/2026 6:07
49,30,search,03/06/2026 9:04
49,23,add_to_cart,03/06/2026 11:47
49,50,search,03/06/2026 12:09
49,11,search,03/06/2026 13:01
49,44,view,03/06/2026 14:56
49,11,add_to_cart,03/06/2026 16:55
49,11,purchase,03/06/2026 19:12
49,14,click,03/06/2026 21:07
49,11,view,03/06/2026 22:15
49,14,view,03/07/2026 0:55
49,11,click,03/07/2026 2:22
49,11,add_to_cart,03/07/2026 5:04
49,11,purchase,03/07/2026 6:19
49,14,add_to_cart,03/07/2026 6:54
49,23,update_quantity,03/07/2026 7:02
49,14,view,03/07/2026 7:20
49,33,search,03/07/2026 9:36
49,14,remove_cart,03/07/2026 12:10
49,15,click,03/07/2026 13:15
49,23,purchase,03/07/2026 15:45
49,33,click,03/07/2026 16:03
49,33,click,03/07/2026 17:26
49,15,add_to_cart,03/07/2026 20:07
49,15,remove_cart,03/07/2026 20:43
49,47,view,03/07/2026 21:07
49,28,view,03/08/2026 0:00
49,15,view,03/08/2026 1:55
49,18,click,03/08/2026 2:06
49,36,view,03/08/2026 4:01
49,33,add_to_cart,03/08/2026 4:42
49,33,view,03/08/2026 6:16
49,36,search,03/08/2026 6:38
49,33,update_quantity,03/08/2026 9:17
49,28,view,03/08/2026 10:36
49,33,purchase,03/08/2026 12:59
49,33,click,03/08/2026 14:05
49,36,view,03/08/2026 17:02
49,39,search,03/08/2026 18:03
49,34,click,03/08/2026 19:41
49,33,view,03/08/2026 22:01
49,22,click,03/08/2026 23:51
49,16,view,03/09/2026 2:42
49,49,click,03/09/2026 4:08
49,39,view,03/09/2026 6:58
49,36,view,03/09/2026 8:28
49,33,rate,03/09/2026 10:10
49,39,view,03/09/2026 11:08
49,32,view,03/09/2026 13:06
49,49,add_to_cart,03/09/2026 14:41
49,8,view,03/09/2026 14:58
49,12,search,03/09/2026 16:36
49,39,click,03/09/2026 18:44
49,23,search,03/09/2026 19:16
49,14,view,03/09/2026 21:53
49,12,click,03/10/2026 0:46
50,6,view,01/31/2026 7:55
50,6,view,01/31/2026 8:48
50,6,click,01/31/2026 10:22
50,6,view,01/31/2026 12:04
50,26,view,01/31/2026 15:01
50,6,add_to_cart,01/31/2026 15:27
50,27,search,01/31/2026 16:56
50,6,purchase,01/31/2026 17:01
50,4,search,01/31/2026 19:12
50,38,view,01/31/2026 19:15
50,4,click,01/31/2026 21:06
50,6,view,01/31/2026 22:31
50,26,view,02/01/2026 0:32
50,42,click,02/01/2026 1:59
50,16,add_to_cart,02/01/2026 4:38
50,46,view,02/01/2026 5:41
50,7,view,02/01/2026 6:18
50,46,view,02/01/2026 6:38
50,46,add_to_cart,02/01/2026 9:31
50,6,rate,02/01/2026 11:39
50,16,view,02/01/2026 12:11
50,45,add_to_cart,02/01/2026 13:04
50,48,click,02/01/2026 14:16
50,40,search,02/01/2026 14:26
50,16,remove_cart,02/01/2026 14:54
50,28,view,02/01/2026 16:18
50,18,add_to_cart,02/01/2026 17:34
50,40,view,02/01/2026 18:14
50,46,update_quantity,02/01/2026 18:35
50,29,search,02/01/2026 18:44
50,27,search,02/01/2026 21:05
50,46,click,02/01/2026 23:13
50,27,add_to_cart,02/02/2026 0:13
50,40,click,02/02/2026 1:31
50,46,view,02/02/2026 2:04
50,40,click,02/02/2026 2:29
50,46,click,02/02/2026 2:46
50,27,update_quantity,02/02/2026 3:21
50,40,view,02/02/2026 5:22
50,40,click,02/02/2026 6:51
50,45,remove_cart,02/02/2026 7:00
50,46,purchase,02/02/2026 8:00
50,27,view,02/02/2026 10:36
50,42,search,02/02/2026 12:42
50,45,view,02/02/2026 12:55
50,41,search,02/02/2026 15:02
50,18,view,02/02/2026 17:04
50,41,click,02/02/2026 18:24
50,46,rate,02/02/2026 21:13
50,15,click,02/02/2026 22:56
50,6,search,02/02/2026 23:12
50,34,click,02/03/2026 1:39
50,8,view,02/03/2026 3:17
50,47,click,02/03/2026 5:10
50,46,view,02/03/2026 6:33
50,18,update_quantity,02/03/2026 7:30
50,34,view,02/03/2026 10:05
50,15,click,02/03/2026 12:58
50,47,search,02/03/2026 13:26
50,15,add_to_cart,02/03/2026 15:17
50,8,add_to_cart,02/03/2026 18:08
50,18,update_quantity,02/03/2026 18:43
50,47,view,02/03/2026 19:52
50,18,purchase,02/03/2026 20:24
50,40,search,02/03/2026 20:32
50,8,view,02/03/2026 23:27
50,26,view,02/04/2026 0:09
50,15,update_quantity,02/04/2026 0:17
50,15,add_to_cart,02/04/2026 0:33
50,18,search,02/04/2026 2:36
50,47,view,02/04/2026 4:27
50,26,add_to_cart,02/04/2026 5:24
50,40,add_to_cart,02/04/2026 5:36
51,2,add_to_cart,11/05/2025 11:39
51,2,view,11/05/2025 13:04
51,49,search,11/05/2025 13:13
51,10,search,11/05/2025 15:55
51,13,search,11/05/2025 17:32
51,5,view,11/05/2025 19:40
51,17,search,11/05/2025 21:00
51,13,view,11/05/2025 23:32
51,29,click,11/05/2025 23:48
51,43,search,11/06/2025 2:17
51,29,view,11/06/2025 2:43
51,2,purchase,11/06/2025 3:00
51,2,rate,11/06/2025 3:19
51,18,search,11/06/2025 5:23
51,36,click,11/06/2025 7:16
51,28,view,11/06/2025 9:26
51,45,add_to_cart,11/06/2025 9:30
51,18,view,11/06/2025 10:53
51,45,purchase,11/06/2025 12:56
51,23,add_to_cart,11/06/2025 14:58
51,23,view,11/06/2025 17:17
51,25,search,11/06/2025 18:51
51,28,add_to_cart,11/06/2025 20:54
51,23,view,11/06/2025 22:56
51,28,remove_cart,11/07/2025 0:02
51,15,view,11/07/2025 2:50
51,23,purchase,11/07/2025 5:33
51,22,click,11/07/2025 6:59
51,27,click,11/07/2025 8:05
51,40,view,11/07/2025 10:55
51,36,search,11/07/2025 11:14
51,40,view,11/07/2025 11:29
51,15,search,11/07/2025 12:07
51,36,click,11/07/2025 13:44
51,2,add_to_cart,11/07/2025 15:12
51,43,click,11/07/2025 15:29
51,43,add_to_cart,11/07/2025 16:51
51,4,view,11/07/2025 17:01
51,43,update_quantity,11/07/2025 19:19
51,36,view,11/07/2025 21:00
51,27,view,11/07/2025 22:09
51,40,view,11/08/2025 0:41
51,35,view,11/08/2025 3:00
51,43,click,11/08/2025 4:19
52,32,click,01/21/2026 17:22
52,32,add_to_cart,01/21/2026 19:34
52,17,search,01/21/2026 20:06
52,17,add_to_cart,01/21/2026 21:26
52,9,view,01/21/2026 21:38
52,32,view,01/21/2026 22:59
52,23,view,01/21/2026 23:10
52,17,view,01/21/2026 23:12
52,17,click,01/22/2026 0:08
52,22,view,01/22/2026 1:32
52,32,add_to_cart,01/22/2026 2:11
52,32,update_quantity,01/22/2026 2:40
52,48,search,01/22/2026 4:12
52,32,click,01/22/2026 6:06
52,17,remove_cart,01/22/2026 9:01
52,32,purchase,01/22/2026 10:53
52,38,view,01/22/2026 12:53
52,30,view,01/22/2026 13:09
52,8,view,01/22/2026 14:35
52,48,view,01/22/2026 16:49
52,48,view,01/22/2026 19:37
52,48,click,01/22/2026 21:35
52,34,search,01/22/2026 23:54
52,31,view,01/23/2026 1:31
52,34,click,01/23/2026 4:18
52,31,click,01/23/2026 7:01
52,31,click,01/23/2026 7:42
52,4,view,01/23/2026 10:29
52,3,search,01/23/2026 10:39
52,1,search,01/23/2026 10:49
52,34,view,01/23/2026 13:03
52,34,click,01/23/2026 15:08
52,4,view,01/23/2026 16:30
52,34,click,01/23/2026 16:32
52,4,view,01/23/2026 19:04
52,47,view,01/23/2026 20:53
52,36,view,01/23/2026 22:03
52,7,view,01/23/2026 22:10
53,19,search,02/17/2026 21:08
53,43,view,02/17/2026 22:48
53,36,add_to_cart,02/18/2026 1:12
53,36,view,02/18/2026 2:52
53,43,view,02/18/2026 4:14
53,19,view,02/18/2026 6:44
53,19,view,02/18/2026 7:33
53,42,click,02/18/2026 8:50
53,8,search,02/18/2026 9:35
53,8,click,02/18/2026 12:10
53,42,view,02/18/2026 13:17
53,36,purchase,02/18/2026 16:07
53,31,view,02/18/2026 17:54
53,6,search,02/18/2026 20:01
53,42,add_to_cart,02/18/2026 22:27
53,21,search,02/18/2026 22:46
53,6,add_to_cart,02/19/2026 0:42
53,33,search,02/19/2026 1:19
53,20,click,02/19/2026 1:29
53,6,view,02/19/2026 4:02
53,19,search,02/19/2026 5:59
53,21,view,02/19/2026 7:54
53,19,add_to_cart,02/19/2026 10:37
53,42,remove_cart,02/19/2026 11:45
53,42,add_to_cart,02/19/2026 11:48
53,19,click,02/19/2026 12:19
53,42,add_to_cart,02/19/2026 14:38
53,30,search,02/19/2026 15:03
53,30,click,02/19/2026 15:41
53,12,search,02/19/2026 16:33
53,42,view,02/19/2026 18:21
53,12,view,02/19/2026 20:05
53,19,view,02/19/2026 22:50
53,30,view,02/20/2026 1:50
53,42,view,02/20/2026 2:02
53,42,click,02/20/2026 2:08
53,6,remove_cart,02/20/2026 2:41
53,42,purchase,02/20/2026 4:00
53,4,view,02/20/2026 4:42
53,6,view,02/20/2026 6:40
53,42,add_to_cart,02/20/2026 7:15
53,42,click,02/20/2026 9:03
53,42,click,02/20/2026 9:14
53,19,purchase,02/20/2026 10:14
53,26,search,02/20/2026 12:46
53,34,search,02/20/2026 13:31
53,42,click,02/20/2026 14:13
53,42,view,02/20/2026 16:05
53,42,purchase,02/20/2026 16:48
53,19,rate,02/20/2026 18:21
53,26,view,02/20/2026 18:37
53,42,add_to_cart,02/20/2026 19:47
53,42,update_quantity,02/20/2026 20:42
53,42,click,02/20/2026 21:14
53,42,update_quantity,02/20/2026 21:18
53,42,update_quantity,02/20/2026 23:50
53,5,click,02/21/2026 2:12
53,10,add_to_cart,02/21/2026 3:03
54,17,add_to_cart,12/25/2025 12:35
54,17,click,12/25/2025 14:58
54,17,add_to_cart,12/25/2025 17:10
54,17,click,12/25/2025 17:55
54,17,click,12/25/2025 17:58
54,7,view,12/25/2025 18:16
54,17,click,12/25/2025 19:20
54,4,click,12/25/2025 22:17
54,17,view,12/26/2025 0:47
54,14,search,12/26/2025 2:00
54,28,view,12/26/2025 2:20
54,4,add_to_cart,12/26/2025 4:38
54,38,search,12/26/2025 6:20
54,17,update_quantity,12/26/2025 9:21
54,38,view,12/26/2025 12:10
54,17,view,12/26/2025 12:54
54,4,remove_cart,12/26/2025 15:14
54,4,view,12/26/2025 17:36
54,17,update_quantity,12/26/2025 19:47
54,44,search,12/26/2025 19:53
54,17,click,12/26/2025 20:25
54,17,update_quantity,12/26/2025 22:47
54,17,add_to_cart,12/27/2025 0:10
54,17,view,12/27/2025 1:17
54,25,view,12/27/2025 4:17
54,4,search,12/27/2025 6:32
54,27,search,12/27/2025 7:17
54,19,view,12/27/2025 9:20
54,30,add_to_cart,12/27/2025 10:38
54,17,click,12/27/2025 12:09
54,33,search,12/27/2025 13:23
54,33,click,12/27/2025 14:50
54,27,view,12/27/2025 17:50
54,19,add_to_cart,12/27/2025 20:08
54,18,click,12/27/2025 21:10
54,30,view,12/27/2025 21:49
54,17,remove_cart,12/28/2025 0:45
54,33,add_to_cart,12/28/2025 3:26
54,29,search,12/28/2025 4:39
54,35,search,12/28/2025 6:13
54,27,click,12/28/2025 6:15
54,19,add_to_cart,12/28/2025 6:48
54,33,update_quantity,12/28/2025 6:56
54,47,add_to_cart,12/28/2025 9:26
54,27,click,12/28/2025 11:54
54,33,view,12/28/2025 13:02
54,49,view,12/28/2025 14:47
54,44,click,12/28/2025 17:02
54,19,click,12/28/2025 17:29
54,49,view,12/28/2025 19:11
54,46,view,12/28/2025 22:10
54,24,click,12/29/2025 0:59
54,44,click,12/29/2025 2:29
54,38,click,12/29/2025 3:37
54,33,update_quantity,12/29/2025 5:19
54,19,click,12/29/2025 5:37
54,19,purchase,12/29/2025 7:17
54,19,rate,12/29/2025 9:21
54,3,view,12/29/2025 9:34
54,24,click,12/29/2025 11:18
54,40,search,12/29/2025 12:41
54,40,click,12/29/2025 14:57
54,19,view,12/29/2025 17:19
55,17,view,10/22/2025 20:37
55,17,click,10/22/2025 21:58
55,31,search,10/22/2025 23:22
55,28,search,10/23/2025 0:42
55,31,add_to_cart,10/23/2025 3:35
55,37,add_to_cart,10/23/2025 5:48
55,31,update_quantity,10/23/2025 7:52
55,31,view,10/23/2025 8:00
55,14,search,10/23/2025 8:15
55,31,view,10/23/2025 11:00
55,28,view,10/23/2025 11:17
55,38,add_to_cart,10/23/2025 12:24
55,14,add_to_cart,10/23/2025 14:57
55,31,view,10/23/2025 16:21
55,39,view,10/23/2025 17:38
55,28,view,10/23/2025 18:19
55,39,add_to_cart,10/23/2025 19:54
55,49,search,10/23/2025 20:49
55,49,view,10/23/2025 23:27
55,38,update_quantity,10/23/2025 23:39
55,30,add_to_cart,10/24/2025 0:54
55,49,view,10/24/2025 1:40
55,39,view,10/24/2025 4:39
55,49,view,10/24/2025 5:11
55,49,click,10/24/2025 6:48
55,33,click,10/24/2025 7:02
55,49,add_to_cart,10/24/2025 8:36
55,34,view,10/24/2025 11:13
55,17,click,10/24/2025 13:06
55,37,update_quantity,10/24/2025 15:00
55,39,purchase,10/24/2025 16:02
55,49,purchase,10/24/2025 18:04
55,37,view,10/24/2025 20:13
55,14,purchase,10/24/2025 21:38
55,34,add_to_cart,10/24/2025 22:55
55,37,view,10/24/2025 23:49
55,40,click,10/25/2025 1:31
55,18,add_to_cart,10/25/2025 3:24
55,14,click,10/25/2025 4:09
55,37,search,10/25/2025 7:04
55,41,search,10/25/2025 9:04
55,34,click,10/25/2025 9:28
55,37,add_to_cart,10/25/2025 9:39
55,18,add_to_cart,10/25/2025 10:56
55,37,purchase,10/25/2025 11:09
55,15,view,10/25/2025 12:07
55,15,view,10/25/2025 14:20
55,41,click,10/25/2025 17:15
55,37,view,10/25/2025 18:00
55,34,add_to_cart,10/25/2025 18:43
55,31,purchase,10/25/2025 20:12
55,34,view,10/25/2025 21:03
56,46,view,01/20/2026 18:46
56,25,view,01/20/2026 19:36
56,6,view,01/20/2026 19:59
56,20,view,01/20/2026 20:44
56,13,click,01/20/2026 23:17
56,20,click,01/21/2026 0:15
56,50,click,01/21/2026 1:53
56,30,view,01/21/2026 4:03
56,20,view,01/21/2026 5:01
56,35,click,01/21/2026 7:41
56,20,click,01/21/2026 8:49
56,16,search,01/21/2026 10:48
56,35,click,01/21/2026 12:05
56,50,add_to_cart,01/21/2026 13:08
56,44,search,01/21/2026 13:38
56,35,view,01/21/2026 16:30
56,44,add_to_cart,01/21/2026 18:43
56,36,search,01/21/2026 19:57
56,16,view,01/21/2026 21:53
56,35,click,01/21/2026 22:21
56,3,search,01/22/2026 1:21
56,44,click,01/22/2026 2:52
56,11,search,01/22/2026 3:14
56,35,view,01/22/2026 3:29
56,4,search,01/22/2026 5:22
56,36,add_to_cart,01/22/2026 7:01
56,4,view,01/22/2026 7:15
56,35,view,01/22/2026 9:43
56,50,update_quantity,01/22/2026 10:03
56,43,view,01/22/2026 12:43
56,50,update_quantity,01/22/2026 15:14
56,17,search,01/22/2026 15:36
56,50,click,01/22/2026 16:50
56,44,update_quantity,01/22/2026 18:56
56,44,update_quantity,01/22/2026 20:48
56,44,view,01/22/2026 21:27
56,13,click,01/23/2026 0:12
56,43,add_to_cart,01/23/2026 1:16
57,27,view,02/25/2026 13:58
57,34,search,02/25/2026 16:32
57,34,click,02/25/2026 18:57
57,34,view,02/25/2026 21:17
57,31,click,02/25/2026 23:52
57,34,view,02/26/2026 1:28
57,34,view,02/26/2026 2:35
57,34,add_to_cart,02/26/2026 4:47
57,41,view,02/26/2026 5:15
57,39,search,02/26/2026 6:07
57,40,search,02/26/2026 8:59
57,39,click,02/26/2026 10:53
57,28,click,02/26/2026 11:47
57,34,view,02/26/2026 13:32
57,34,view,02/26/2026 16:24
57,34,purchase,02/26/2026 17:20
57,25,click,02/26/2026 18:05
57,34,view,02/26/2026 20:52
57,46,search,02/26/2026 21:41
57,9,view,02/26/2026 23:13
57,46,click,02/27/2026 2:04
57,45,view,02/27/2026 2:49
57,31,search,02/27/2026 3:18
57,9,click,02/27/2026 4:25
57,44,search,02/27/2026 5:17
57,46,add_to_cart,02/27/2026 6:27
57,13,view,02/27/2026 7:31
57,49,search,02/27/2026 9:09
57,8,add_to_cart,02/27/2026 11:52
57,8,purchase,02/27/2026 14:36
57,46,view,02/27/2026 15:22
57,26,view,02/27/2026 17:00
57,8,rate,02/27/2026 19:57
57,15,search,02/27/2026 21:17
57,3,search,02/28/2026 0:05
57,26,add_to_cart,02/28/2026 1:50
57,34,rate,02/28/2026 4:11
57,47,search,02/28/2026 6:36
57,3,add_to_cart,02/28/2026 7:18
57,34,click,02/28/2026 9:06
57,35,add_to_cart,02/28/2026 11:32
57,12,search,02/28/2026 12:03
57,26,click,02/28/2026 13:01
57,17,search,02/28/2026 15:23
57,10,add_to_cart,02/28/2026 16:38
57,5,view,02/28/2026 19:21
57,5,click,02/28/2026 20:20
57,45,view,02/28/2026 22:54
57,12,view,03/01/2026 0:58
57,17,add_to_cart,03/01/2026 2:58
57,9,view,03/01/2026 4:17
57,10,purchase,03/01/2026 5:04
57,17,click,03/01/2026 7:49
58,9,add_to_cart,01/24/2026 13:16
58,9,view,01/24/2026 14:33
58,9,click,01/24/2026 16:29
58,4,search,01/24/2026 16:41
58,4,click,01/24/2026 16:59
58,15,search,01/24/2026 17:54
58,21,search,01/24/2026 18:10
58,15,add_to_cart,01/24/2026 19:41
58,9,purchase,01/24/2026 19:51
58,15,update_quantity,01/24/2026 22:07
58,34,view,01/25/2026 0:32
58,15,purchase,01/25/2026 2:38
58,32,view,01/25/2026 4:08
58,48,click,01/25/2026 6:56
58,44,search,01/25/2026 7:40
58,49,view,01/25/2026 8:42
58,48,add_to_cart,01/25/2026 9:16
58,32,search,01/25/2026 9:24
58,27,click,01/25/2026 9:33
58,32,search,01/25/2026 10:45
58,48,remove_cart,01/25/2026 12:40
58,13,view,01/25/2026 14:21
58,27,add_to_cart,01/25/2026 16:09
58,48,add_to_cart,01/25/2026 18:25
58,9,rate,01/25/2026 19:53
58,32,add_to_cart,01/25/2026 20:07
58,13,view,01/25/2026 21:50
58,13,click,01/26/2026 0:21
58,27,add_to_cart,01/26/2026 0:55
58,5,search,01/26/2026 2:06
58,47,search,01/26/2026 3:57
58,12,view,01/26/2026 6:46
58,32,click,01/26/2026 8:26
58,24,search,01/26/2026 9:53
58,19,search,01/26/2026 10:12
58,19,search,01/26/2026 11:22
58,10,search,01/26/2026 13:44
58,40,search,01/26/2026 15:00
58,24,view,01/26/2026 15:04
58,15,rate,01/26/2026 17:06
58,24,click,01/26/2026 19:56
58,40,add_to_cart,01/26/2026 22:52
58,15,add_to_cart,01/26/2026 23:40
58,39,view,01/27/2026 1:17
58,24,view,01/27/2026 2:05
58,1,add_to_cart,01/27/2026 5:00
58,50,view,01/27/2026 7:23
58,27,update_quantity,01/27/2026 9:04
58,11,view,01/27/2026 12:02
58,40,update_quantity,01/27/2026 13:08
59,22,click,11/03/2025 18:37
59,22,add_to_cart,11/03/2025 19:24
59,22,view,11/03/2025 22:05
59,22,click,11/03/2025 23:31
59,22,click,11/04/2025 2:18
59,22,view,11/04/2025 4:01
59,8,add_to_cart,11/04/2025 4:25
59,36,search,11/04/2025 5:35
59,40,search,11/04/2025 6:09
59,8,add_to_cart,11/04/2025 7:10
59,37,view,11/04/2025 7:46
59,22,remove_cart,11/04/2025 9:35
59,37,click,11/04/2025 11:02
59,43,search,11/04/2025 12:56
59,3,add_to_cart,11/04/2025 13:00
59,3,update_quantity,11/04/2025 14:59
59,3,remove_cart,11/04/2025 17:45
59,23,search,11/04/2025 18:36
59,37,add_to_cart,11/04/2025 21:11
59,40,click,11/04/2025 23:32
59,37,view,11/04/2025 23:38
59,37,update_quantity,11/05/2025 1:37
59,21,search,11/05/2025 3:43
59,41,search,11/05/2025 5:50
59,40,click,11/05/2025 8:42
59,37,view,11/05/2025 9:51
59,36,search,11/05/2025 11:44
59,19,click,11/05/2025 11:46
59,49,add_to_cart,11/05/2025 14:34
59,40,view,11/05/2025 17:17
59,40,view,11/05/2025 19:55
59,8,purchase,11/05/2025 21:45
59,49,add_to_cart,11/05/2025 23:09
59,49,purchase,11/06/2025 1:07
59,49,rate,11/06/2025 2:49
59,29,view,11/06/2025 4:48
59,37,purchase,11/06/2025 6:04
59,45,click,11/06/2025 6:33
59,45,view,11/06/2025 7:42
59,10,click,11/06/2025 10:06
59,29,add_to_cart,11/06/2025 12:27
60,10,view,01/13/2026 9:02
60,10,add_to_cart,01/13/2026 11:03
60,10,update_quantity,01/13/2026 12:40
60,10,update_quantity,01/13/2026 15:10
60,11,add_to_cart,01/13/2026 18:02
60,11,purchase,01/13/2026 20:55
60,16,search,01/13/2026 21:49
60,34,add_to_cart,01/14/2026 0:46
60,34,purchase,01/14/2026 2:12
60,10,view,01/14/2026 2:50
60,10,view,01/14/2026 4:25
60,30,click,01/14/2026 4:27
60,8,view,01/14/2026 5:02
60,34,rate,01/14/2026 6:20
60,41,add_to_cart,01/14/2026 6:49
60,10,view,01/14/2026 8:11
60,10,purchase,01/14/2026 10:23
60,10,add_to_cart,01/14/2026 12:42
60,10,click,01/14/2026 14:15
60,10,view,01/14/2026 16:53
60,45,search,01/14/2026 17:17
60,10,view,01/14/2026 19:57
60,10,view,01/14/2026 20:02
60,10,view,01/14/2026 20:47
60,45,click,01/14/2026 22:51
60,45,click,01/15/2026 0:22
60,27,search,01/15/2026 2:33
60,41,search,01/15/2026 4:02
60,45,view,01/15/2026 5:35
60,40,add_to_cart,01/15/2026 7:23
60,40,update_quantity,01/15/2026 7:57
60,41,add_to_cart,01/15/2026 8:48
60,41,purchase,01/15/2026 9:45
60,41,view,01/15/2026 12:04
60,40,click,01/15/2026 13:28
60,40,view,01/15/2026 16:21
60,40,update_quantity,01/15/2026 17:08
60,29,click,01/15/2026 17:38
60,41,view,01/15/2026 20:31
61,32,search,11/25/2025 16:57
61,32,click,11/25/2025 17:20
61,32,view,11/25/2025 17:44
61,27,add_to_cart,11/25/2025 18:32
61,32,view,11/25/2025 18:35
61,27,purchase,11/25/2025 19:39
61,32,view,11/25/2025 22:04
61,27,click,11/25/2025 22:24
61,24,search,11/25/2025 23:50
61,25,search,11/26/2025 2:12
61,16,click,11/26/2025 2:36
61,27,view,11/26/2025 4:12
61,14,view,11/26/2025 7:00
61,25,view,11/26/2025 8:28
61,27,rate,11/26/2025 9:36
61,27,add_to_cart,11/26/2025 11:46
61,25,click,11/26/2025 14:41
61,25,view,11/26/2025 17:32
61,27,update_quantity,11/26/2025 17:50
61,27,view,11/26/2025 20:27
61,14,view,11/26/2025 22:16
61,27,purchase,11/27/2025 0:15
61,27,view,11/27/2025 1:13
61,35,add_to_cart,11/27/2025 2:04
61,25,click,11/27/2025 2:52
61,27,view,11/27/2025 4:10
61,27,add_to_cart,11/27/2025 4:58
61,35,update_quantity,11/27/2025 7:17
61,35,add_to_cart,11/27/2025 8:49
61,27,view,11/27/2025 10:04
61,25,view,11/27/2025 11:27
61,10,add_to_cart,11/27/2025 13:07
61,8,view,11/27/2025 13:36
61,10,update_quantity,11/27/2025 13:49
61,25,view,11/27/2025 15:22
61,35,update_quantity,11/27/2025 18:05
61,45,view,11/27/2025 19:08
61,4,view,11/27/2025 21:06
61,10,remove_cart,11/27/2025 23:18
61,3,view,11/28/2025 0:26
61,23,search,11/28/2025 3:22
61,25,click,11/28/2025 4:19
61,27,remove_cart,11/28/2025 7:15
61,3,view,11/28/2025 10:05
61,3,view,11/28/2025 10:14
61,35,remove_cart,11/28/2025 10:44
61,3,view,11/28/2025 11:07
61,22,view,11/28/2025 11:20
61,24,search,11/28/2025 12:49
61,3,view,11/28/2025 15:23
61,3,view,11/28/2025 17:16
61,30,search,11/28/2025 17:35
61,14,add_to_cart,11/28/2025 17:38
61,36,search,11/28/2025 19:20
61,24,view,11/28/2025 20:35
61,35,search,11/28/2025 22:19
61,3,search,11/29/2025 1:19
61,14,purchase,11/29/2025 4:18
61,3,view,11/29/2025 5:00
61,14,rate,11/29/2025 6:25
61,40,view,11/29/2025 7:10
61,36,click,11/29/2025 9:59
62,38,view,01/07/2026 0:39
62,1,search,01/07/2026 0:58
62,35,search,01/07/2026 2:29
62,35,click,01/07/2026 3:57
62,35,add_to_cart,01/07/2026 4:56
62,44,search,01/07/2026 5:59
62,25,add_to_cart,01/07/2026 8:46
62,34,view,01/07/2026 10:46
62,25,click,01/07/2026 11:03
62,8,view,01/07/2026 12:38
62,49,view,01/07/2026 12:48
62,45,view,01/07/2026 13:20
62,13,add_to_cart,01/07/2026 15:18
62,50,view,01/07/2026 17:37
62,8,click,01/07/2026 18:54
62,44,search,01/07/2026 19:34
62,34,view,01/07/2026 22:23
62,6,add_to_cart,01/08/2026 0:50
62,45,add_to_cart,01/08/2026 0:54
62,13,update_quantity,01/08/2026 0:58
62,40,search,01/08/2026 3:41
62,45,click,01/08/2026 3:45
62,45,view,01/08/2026 6:08
62,8,search,01/08/2026 6:47
62,8,view,01/08/2026 7:59
62,11,add_to_cart,01/08/2026 8:36
62,42,search,01/08/2026 10:07
62,13,update_quantity,01/08/2026 12:05
62,49,click,01/08/2026 12:18
62,45,update_quantity,01/08/2026 14:49
62,25,remove_cart,01/08/2026 16:33
62,42,click,01/08/2026 19:29
62,42,view,01/08/2026 21:14
62,13,update_quantity,01/08/2026 22:57
62,11,remove_cart,01/09/2026 0:59
62,9,view,01/09/2026 1:05
62,25,view,01/09/2026 1:51
62,7,search,01/09/2026 2:50
62,43,search,01/09/2026 5:30
62,2,search,01/09/2026 7:37
62,9,add_to_cart,01/09/2026 9:24
62,43,view,01/09/2026 10:20
62,9,add_to_cart,01/09/2026 11:21
62,9,add_to_cart,01/09/2026 13:12
62,5,click,01/09/2026 15:18
62,43,click,01/09/2026 16:51
62,21,search,01/09/2026 17:15
62,10,add_to_cart,01/09/2026 18:30
62,10,search,01/09/2026 20:28
62,9,add_to_cart,01/09/2026 23:29
62,6,update_quantity,01/10/2026 1:13
62,32,view,01/10/2026 3:29
62,10,add_to_cart,01/10/2026 5:49
62,43,add_to_cart,01/10/2026 5:59
62,18,search,01/10/2026 6:27
62,45,purchase,01/10/2026 8:15
62,10,add_to_cart,01/10/2026 11:02
62,7,click,01/10/2026 13:46
62,10,view,01/10/2026 15:23
62,50,add_to_cart,01/10/2026 18:03
62,7,view,01/10/2026 19:25
62,15,search,01/10/2026 20:02
62,7,view,01/10/2026 22:33
62,15,click,01/10/2026 23:06
62,10,update_quantity,01/11/2026 1:24
62,21,view,01/11/2026 3:38
62,13,remove_cart,01/11/2026 3:50
62,7,add_to_cart,01/11/2026 6:47
62,48,view,01/11/2026 7:30
62,37,view,01/11/2026 10:09
62,37,view,01/11/2026 10:25
62,6,purchase,01/11/2026 10:30
62,7,purchase,01/11/2026 10:42
62,10,purchase,01/11/2026 11:20
62,37,view,01/11/2026 13:35
62,21,click,01/11/2026 15:49
62,50,purchase,01/11/2026 16:47
62,1,view,01/11/2026 17:32
62,7,view,01/11/2026 18:09
63,11,view,12/31/2025 19:14
63,11,view,12/31/2025 19:20
63,11,view,12/31/2025 21:53
63,11,click,12/31/2025 22:14
63,28,add_to_cart,01/01/2026 0:01
63,4,click,01/01/2026 2:27
63,28,purchase,01/01/2026 4:06
63,26,search,01/01/2026 6:54
63,4,click,01/01/2026 7:54
63,18,add_to_cart,01/01/2026 9:07
63,28,rate,01/01/2026 11:40
63,18,click,01/01/2026 14:23
63,18,purchase,01/01/2026 15:06
63,16,view,01/01/2026 15:15
63,5,view,01/01/2026 16:15
63,27,add_to_cart,01/01/2026 16:46
63,28,add_to_cart,01/01/2026 17:29
63,9,click,01/01/2026 19:39
63,28,view,01/01/2026 19:48
63,24,search,01/01/2026 20:04
63,9,click,01/01/2026 21:51
63,24,click,01/01/2026 23:07
63,10,click,01/02/2026 0:42
63,19,view,01/02/2026 3:10
63,1,search,01/02/2026 5:44
63,28,update_quantity,01/02/2026 8:24
63,30,add_to_cart,01/02/2026 9:26
63,1,view,01/02/2026 11:36
63,49,add_to_cart,01/02/2026 11:48
63,1,add_to_cart,01/02/2026 13:10
63,42,view,01/02/2026 14:48
63,29,search,01/02/2026 16:21
63,49,view,01/02/2026 16:35
63,49,view,01/02/2026 18:10
63,49,click,01/02/2026 19:43
63,42,view,01/02/2026 19:55
63,23,click,01/02/2026 20:45
63,36,click,01/02/2026 23:26
63,28,update_quantity,01/03/2026 1:32
63,36,view,01/03/2026 4:26
64,28,search,01/03/2026 20:49
64,28,view,01/03/2026 21:18
64,28,click,01/03/2026 23:52
64,22,click,01/04/2026 0:45
64,28,view,01/04/2026 3:12
64,28,click,01/04/2026 3:34
64,10,search,01/04/2026 5:33
64,37,view,01/04/2026 7:08
64,10,view,01/04/2026 8:31
64,41,search,01/04/2026 10:03
64,45,add_to_cart,01/04/2026 12:17
64,45,remove_cart,01/04/2026 12:46
64,28,view,01/04/2026 13:49
64,41,view,01/04/2026 14:56
64,41,click,01/04/2026 16:22
64,10,search,01/04/2026 16:43
64,25,search,01/04/2026 17:34
64,45,view,01/04/2026 20:31
64,25,view,01/04/2026 23:17
64,41,click,01/05/2026 1:36
64,45,view,01/05/2026 1:42
64,45,view,01/05/2026 2:22
64,25,click,01/05/2026 3:52
64,45,add_to_cart,01/05/2026 4:00
64,25,click,01/05/2026 5:23
64,45,remove_cart,01/05/2026 6:37
64,41,add_to_cart,01/05/2026 8:51
64,25,view,01/05/2026 9:26
64,7,search,01/05/2026 11:20
64,6,click,01/05/2026 12:12
64,17,click,01/05/2026 13:40
64,41,update_quantity,01/05/2026 16:29
64,50,view,01/05/2026 19:27
64,41,purchase,01/05/2026 21:56
64,25,view,01/05/2026 23:49
64,13,add_to_cart,01/05/2026 23:52
64,38,search,01/05/2026 23:58
64,13,view,01/06/2026 1:16
64,31,search,01/06/2026 2:10
64,20,search,01/06/2026 3:02
64,13,update_quantity,01/06/2026 3:46
64,20,view,01/06/2026 3:48
64,24,search,01/06/2026 6:39
64,37,add_to_cart,01/06/2026 9:05
64,26,search,01/06/2026 11:54
64,20,view,01/06/2026 12:26
64,37,remove_cart,01/06/2026 15:06
64,20,add_to_cart,01/06/2026 17:20
64,35,add_to_cart,01/06/2026 18:23
64,21,view,01/06/2026 18:36
64,17,search,01/06/2026 19:30
64,37,view,01/06/2026 20:42
64,22,add_to_cart,01/06/2026 22:42
64,35,update_quantity,01/07/2026 1:25
64,31,click,01/07/2026 4:21
64,31,view,01/07/2026 7:13
64,35,view,01/07/2026 7:18
64,35,click,01/07/2026 7:45
64,35,view,01/07/2026 10:10
64,45,view,01/07/2026 11:13
64,17,add_to_cart,01/07/2026 13:46
64,35,click,01/07/2026 16:33
64,35,click,01/07/2026 17:12
65,23,view,12/01/2025 5:43
65,15,click,12/01/2025 8:42
65,31,click,12/01/2025 8:58
65,7,view,12/01/2025 10:45
65,34,view,12/01/2025 11:52
65,17,search,12/01/2025 14:05
65,31,view,12/01/2025 14:36
65,31,add_to_cart,12/01/2025 16:16
65,23,search,12/01/2025 17:01
65,31,view,12/01/2025 17:33
65,23,view,12/01/2025 18:22
65,42,search,12/01/2025 19:55
65,8,view,12/01/2025 21:57
65,17,click,12/01/2025 23:28
65,31,remove_cart,12/02/2025 2:19
65,31,click,12/02/2025 3:45
65,34,click,12/02/2025 3:49
65,17,view,12/02/2025 6:39
65,15,view,12/02/2025 7:15
65,48,add_to_cart,12/02/2025 7:53
65,27,view,12/02/2025 9:19
65,44,add_to_cart,12/02/2025 11:40
65,34,view,12/02/2025 13:56
65,6,view,12/02/2025 14:23
65,34,add_to_cart,12/02/2025 17:19
65,48,view,12/02/2025 19:00
65,33,search,12/02/2025 21:58
65,44,click,12/03/2025 0:11
65,23,search,12/03/2025 2:39
65,3,add_to_cart,12/03/2025 4:22
65,44,purchase,12/03/2025 4:36
65,44,view,12/03/2025 7:20
65,34,remove_cart,12/03/2025 9:17
65,48,view,12/03/2025 10:40
65,44,click,12/03/2025 13:16
65,48,update_quantity,12/03/2025 16:16
65,3,purchase,12/03/2025 17:13
65,3,rate,12/03/2025 17:39
65,48,view,12/03/2025 18:31
65,40,search,12/03/2025 19:22
65,3,click,12/03/2025 19:38
65,44,view,12/03/2025 20:35
65,45,search,12/03/2025 21:21
65,44,view,12/03/2025 23:03
65,44,add_to_cart,12/04/2025 1:52
65,3,click,12/04/2025 3:46
65,48,purchase,12/04/2025 4:57
65,48,rate,12/04/2025 7:45
65,45,click,12/04/2025 10:30
65,2,search,12/04/2025 12:37
65,3,view,12/04/2025 14:53
65,44,purchase,12/04/2025 15:38
65,6,search,12/04/2025 18:16
65,35,click,12/04/2025 20:06
65,17,click,12/04/2025 22:46
65,2,search,12/04/2025 23:34
65,15,search,12/05/2025 1:18
65,6,search,12/05/2025 4:15
65,15,view,12/05/2025 5:32
65,44,add_to_cart,12/05/2025 8:20
65,13,view,12/05/2025 9:53
65,44,purchase,12/05/2025 12:24
65,44,rate,12/05/2025 14:01
65,13,add_to_cart,12/05/2025 15:05
65,44,view,12/05/2025 16:46
65,13,purchase,12/05/2025 19:42
65,44,view,12/05/2025 19:45
66,46,view,12/08/2025 16:39
66,46,add_to_cart,12/08/2025 18:06
66,46,click,12/08/2025 21:05
66,12,add_to_cart,12/08/2025 23:59
66,46,click,12/09/2025 0:53
66,12,purchase,12/09/2025 1:16
66,17,click,12/09/2025 3:06
66,46,view,12/09/2025 4:25
66,47,click,12/09/2025 6:12
66,46,purchase,12/09/2025 7:16
66,46,view,12/09/2025 9:57
66,8,search,12/09/2025 11:09
66,12,click,12/09/2025 13:17
66,9,add_to_cart,12/09/2025 14:25
66,39,search,12/09/2025 15:17
66,50,search,12/09/2025 18:04
66,9,remove_cart,12/09/2025 20:59
66,4,search,12/09/2025 23:15
66,31,search,12/09/2025 23:54
66,8,view,12/10/2025 0:04
66,4,click,12/10/2025 2:44
66,4,view,12/10/2025 5:02
66,4,click,12/10/2025 6:32
66,4,click,12/10/2025 8:22
66,4,click,12/10/2025 9:50
66,11,search,12/10/2025 12:07
66,4,view,12/10/2025 13:24
66,11,add_to_cart,12/10/2025 15:36
66,11,update_quantity,12/10/2025 16:01
66,14,view,12/10/2025 18:13
66,27,click,12/10/2025 18:56
66,11,view,12/10/2025 19:53
66,11,purchase,12/10/2025 22:01
66,11,click,12/10/2025 22:40
66,27,view,12/10/2025 23:17
66,11,click,12/10/2025 23:32
66,18,click,12/10/2025 23:46
66,27,add_to_cart,12/11/2025 0:51
66,15,search,12/11/2025 2:55
66,7,click,12/11/2025 3:51
66,48,add_to_cart,12/11/2025 4:25
66,48,update_quantity,12/11/2025 6:07
66,27,add_to_cart,12/11/2025 8:13
67,25,view,11/25/2025 22:58
67,25,view,11/26/2025 0:07
67,25,click,11/26/2025 2:50
67,25,view,11/26/2025 4:46
67,28,search,11/26/2025 7:03
67,47,click,11/26/2025 9:27
67,25,view,11/26/2025 10:54
67,9,add_to_cart,11/26/2025 11:10
67,11,view,11/26/2025 11:22
67,34,click,11/26/2025 12:14
67,9,remove_cart,11/26/2025 13:42
67,9,add_to_cart,11/26/2025 16:07
67,9,purchase,11/26/2025 17:20
67,5,view,11/26/2025 19:50
67,5,view,11/26/2025 20:07
67,39,search,11/26/2025 21:58
67,18,search,11/26/2025 22:56
67,41,search,11/27/2025 0:05
67,9,click,11/27/2025 1:31
67,13,view,11/27/2025 3:28
67,15,search,11/27/2025 3:57
67,9,view,11/27/2025 6:31
67,39,click,11/27/2025 8:42
67,16,search,11/27/2025 11:41
67,30,view,11/27/2025 14:40
67,9,add_to_cart,11/27/2025 15:03
67,38,search,11/27/2025 16:50
67,28,add_to_cart,11/27/2025 17:27
67,28,purchase,11/27/2025 17:36
67,9,remove_cart,11/27/2025 19:39
67,1,click,11/27/2025 20:53
67,28,view,11/27/2025 21:32
67,7,click,11/27/2025 23:33
67,20,search,11/27/2025 23:43
67,50,click,11/28/2025 2:30
67,33,view,11/28/2025 2:55
67,9,rate,11/28/2025 3:57
67,2,search,11/28/2025 4:06
67,49,add_to_cart,11/28/2025 6:35
67,49,remove_cart,11/28/2025 8:55
67,2,add_to_cart,11/28/2025 10:58
67,12,view,11/28/2025 11:26
67,50,view,11/28/2025 13:53
67,45,add_to_cart,11/28/2025 15:54
67,2,purchase,11/28/2025 18:45
67,12,view,11/28/2025 19:30
68,38,add_to_cart,12/27/2025 20:54
68,36,click,12/27/2025 21:24
68,38,click,12/28/2025 0:11
68,15,add_to_cart,12/28/2025 0:51
68,49,view,12/28/2025 3:27
68,15,update_quantity,12/28/2025 5:50
68,36,view,12/28/2025 6:28
68,38,update_quantity,12/28/2025 9:17
68,36,view,12/28/2025 12:07
68,39,search,12/28/2025 12:38
68,36,view,12/28/2025 13:06
68,38,click,12/28/2025 15:08
68,36,view,12/28/2025 15:40
68,36,click,12/28/2025 17:16
68,36,click,12/28/2025 20:16
68,36,view,12/28/2025 22:17
68,36,add_to_cart,12/28/2025 23:30
68,27,add_to_cart,12/29/2025 0:25
68,27,view,12/29/2025 2:41
68,38,click,12/29/2025 3:41
68,36,view,12/29/2025 6:34
68,36,click,12/29/2025 8:21
68,38,view,12/29/2025 9:24
68,28,search,12/29/2025 9:48
68,36,remove_cart,12/29/2025 10:48
68,2,click,12/29/2025 13:43
68,40,search,12/29/2025 16:20
68,35,click,12/29/2025 18:47
68,8,search,12/29/2025 18:53
68,2,search,12/29/2025 19:42
68,28,click,12/29/2025 21:14
68,15,update_quantity,12/29/2025 23:22
68,36,search,12/30/2025 0:45
68,15,remove_cart,12/30/2025 2:04
68,5,click,12/30/2025 4:54
68,16,search,12/30/2025 7:06
68,10,view,12/30/2025 7:26
68,2,add_to_cart,12/30/2025 8:04
68,15,view,12/30/2025 10:30
68,49,view,12/30/2025 11:13
68,16,add_to_cart,12/30/2025 12:54
68,26,add_to_cart,12/30/2025 15:06
68,26,view,12/30/2025 16:07
68,26,update_quantity,12/30/2025 17:32
68,2,click,12/30/2025 18:00
68,50,search,12/30/2025 18:53
68,16,click,12/30/2025 19:31
68,47,view,12/30/2025 21:55
68,26,add_to_cart,12/31/2025 0:53
68,37,view,12/31/2025 1:47
68,15,view,12/31/2025 2:10
68,29,click,12/31/2025 3:46
68,9,click,12/31/2025 5:49
68,47,view,12/31/2025 8:44
68,15,search,12/31/2025 10:12
68,8,view,12/31/2025 12:24
68,15,add_to_cart,12/31/2025 13:34
68,37,add_to_cart,12/31/2025 16:05
68,28,search,12/31/2025 17:59
68,23,click,12/31/2025 19:51
68,8,view,12/31/2025 20:26
68,37,view,12/31/2025 23:05
68,15,view,01/01/2026 2:06
68,16,update_quantity,01/01/2026 4:01
68,12,view,01/01/2026 5:20
68,30,view,01/01/2026 6:01
68,33,search,01/01/2026 6:47
68,16,click,01/01/2026 7:00
68,30,view,01/01/2026 9:27
69,37,view,10/26/2025 9:34
69,37,add_to_cart,10/26/2025 10:03
69,5,search,10/26/2025 10:14
69,4,add_to_cart,10/26/2025 10:51
69,37,add_to_cart,10/26/2025 12:35
69,37,purchase,10/26/2025 14:19
69,7,click,10/26/2025 15:59
69,4,purchase,10/26/2025 16:36
69,4,click,10/26/2025 17:50
69,37,view,10/26/2025 20:42
69,37,click,10/26/2025 21:46
69,11,view,10/26/2025 21:50
69,37,view,10/26/2025 22:21
69,37,view,10/27/2025 0:21
69,43,add_to_cart,10/27/2025 2:45
69,37,view,10/27/2025 3:39
69,16,click,10/27/2025 5:11
69,37,click,10/27/2025 7:26
69,37,view,10/27/2025 9:23
69,37,add_to_cart,10/27/2025 12:13
69,37,remove_cart,10/27/2025 12:27
69,37,view,10/27/2025 12:46
69,18,click,10/27/2025 14:44
69,37,view,10/27/2025 16:41
69,49,click,10/27/2025 17:24
69,37,view,10/27/2025 19:14
69,29,click,10/27/2025 20:13
69,18,view,10/27/2025 21:21
69,49,click,10/27/2025 21:50
69,16,click,10/27/2025 23:45
69,6,search,10/28/2025 0:00
69,42,search,10/28/2025 2:15
69,3,view,10/28/2025 3:30
69,44,search,10/28/2025 6:26
69,1,view,10/28/2025 7:45
69,33,search,10/28/2025 9:02
69,44,click,10/28/2025 11:52
69,43,purchase,10/28/2025 12:52
69,27,search,10/28/2025 15:08
69,17,click,10/28/2025 17:14
69,34,add_to_cart,10/28/2025 20:09
69,44,click,10/28/2025 21:09
69,6,search,10/28/2025 22:49
69,44,add_to_cart,10/28/2025 22:58
69,34,update_quantity,10/29/2025 0:41
69,20,view,10/29/2025 1:48
69,17,view,10/29/2025 3:27
69,34,add_to_cart,10/29/2025 6:25
69,31,search,10/29/2025 7:25
69,44,update_quantity,10/29/2025 8:30
69,39,search,10/29/2025 10:53
69,32,search,10/29/2025 11:41
69,39,search,10/29/2025 11:57
69,44,click,10/29/2025 13:26
69,39,click,10/29/2025 15:06
69,32,click,10/29/2025 16:38
69,5,search,10/29/2025 18:46
69,32,click,10/29/2025 20:00
70,3,click,03/01/2026 19:16
70,3,add_to_cart,03/01/2026 21:05
70,3,purchase,03/01/2026 22:14
70,34,search,03/01/2026 23:33
70,32,search,03/02/2026 0:48
70,48,view,03/02/2026 1:04
70,29,search,03/02/2026 1:11
70,11,click,03/02/2026 3:39
70,49,view,03/02/2026 4:02
70,34,view,03/02/2026 6:27
70,34,view,03/02/2026 7:28
70,29,click,03/02/2026 8:35
70,32,click,03/02/2026 9:10
70,42,click,03/02/2026 10:51
70,29,click,03/02/2026 13:20
70,28,search,03/02/2026 13:37
70,49,view,03/02/2026 13:44
70,49,view,03/02/2026 14:22
70,29,click,03/02/2026 17:16
70,27,search,03/02/2026 19:26
70,30,add_to_cart,03/02/2026 22:12
70,29,view,03/02/2026 22:29
70,30,view,03/02/2026 22:41
70,49,click,03/02/2026 23:47
70,49,click,03/02/2026 23:52
70,30,update_quantity,03/03/2026 0:05
70,29,view,03/03/2026 1:03
70,30,click,03/03/2026 1:47
70,30,remove_cart,03/03/2026 4:14
70,29,add_to_cart,03/03/2026 4:55
70,29,add_to_cart,03/03/2026 6:15
70,30,add_to_cart,03/03/2026 8:05
70,30,view,03/03/2026 9:30
70,30,click,03/03/2026 11:21
70,41,add_to_cart,03/03/2026 13:24
70,41,add_to_cart,03/03/2026 14:02
70,41,add_to_cart,03/03/2026 14:26
70,41,view,03/03/2026 17:20
70,3,rate,03/03/2026 19:51
70,31,search,03/03/2026 22:03
70,20,view,03/03/2026 22:55
70,41,add_to_cart,03/03/2026 23:51
70,30,purchase,03/04/2026 0:55
70,41,view,03/04/2026 3:09
70,29,purchase,03/04/2026 4:16
70,30,rate,03/04/2026 6:29
70,30,add_to_cart,03/04/2026 8:22
70,8,add_to_cart,03/04/2026 9:58
70,41,purchase,03/04/2026 12:43
70,41,rate,03/04/2026 14:51
70,42,search,03/04/2026 17:33
70,8,update_quantity,03/04/2026 18:34
70,11,search,03/04/2026 20:31
70,8,add_to_cart,03/04/2026 22:54
70,43,view,03/05/2026 1:50
70,8,click,03/05/2026 2:41
70,30,remove_cart,03/05/2026 5:11
70,21,view,03/05/2026 5:20
70,8,update_quantity,03/05/2026 7:52
70,8,remove_cart,03/05/2026 10:37
70,21,click,03/05/2026 10:46
70,10,click,03/05/2026 10:50
70,41,click,03/05/2026 11:32
70,21,click,03/05/2026 12:33
71,31,view,10/30/2025 21:28
71,45,view,10/30/2025 22:49
71,35,click,10/30/2025 23:44
71,42,view,10/31/2025 2:23
71,42,view,10/31/2025 2:45
71,23,add_to_cart,10/31/2025 5:21
71,43,view,10/31/2025 8:09
71,32,search,10/31/2025 8:20
71,13,add_to_cart,10/31/2025 8:54
71,13,update_quantity,10/31/2025 11:35
71,10,search,10/31/2025 11:50
71,13,view,10/31/2025 12:05
71,10,view,10/31/2025 12:43
71,13,click,10/31/2025 13:47
71,50,click,10/31/2025 14:50
71,26,view,10/31/2025 15:08
71,21,search,10/31/2025 15:41
71,13,view,10/31/2025 18:31
71,13,view,10/31/2025 21:27
71,10,add_to_cart,10/31/2025 23:52
71,10,purchase,11/01/2025 2:37
71,31,add_to_cart,11/01/2025 2:56
71,13,purchase,11/01/2025 3:03
71,23,remove_cart,11/01/2025 3:18
71,10,view,11/01/2025 3:58
71,25,click,11/01/2025 6:49
71,6,view,11/01/2025 7:04
71,13,rate,11/01/2025 8:46
71,21,add_to_cart,11/01/2025 9:06
71,31,purchase,11/01/2025 10:00
71,13,view,11/01/2025 10:11
71,23,add_to_cart,11/01/2025 13:09
71,21,update_quantity,11/01/2025 15:36
71,50,search,11/01/2025 16:04
71,26,search,11/01/2025 19:02
71,10,click,11/01/2025 20:32
71,21,update_quantity,11/01/2025 22:12
71,42,search,11/02/2025 0:55
71,27,view,11/02/2025 2:32
71,23,add_to_cart,11/02/2025 2:52
71,15,search,11/02/2025 4:37
71,21,update_quantity,11/02/2025 5:26
71,23,view,11/02/2025 8:01
71,21,view,11/02/2025 8:40
71,41,add_to_cart,11/02/2025 9:09
71,23,add_to_cart,11/02/2025 10:45
71,23,view,11/02/2025 13:18
71,23,add_to_cart,11/02/2025 15:10
71,23,purchase,11/02/2025 16:00
71,43,view,11/02/2025 16:43
71,21,add_to_cart,11/02/2025 18:22
71,23,view,11/02/2025 20:15
71,41,purchase,11/02/2025 21:36
71,21,remove_cart,11/02/2025 22:50
71,38,search,11/03/2025 1:39
71,23,view,11/03/2025 3:32
71,10,click,11/03/2025 4:00
71,23,view,11/03/2025 4:27
71,23,click,11/03/2025 5:16
71,23,click,11/03/2025 7:15
71,23,click,11/03/2025 8:58
71,23,view,11/03/2025 11:18
71,10,rate,11/03/2025 12:20
71,23,view,11/03/2025 15:11
71,23,add_to_cart,11/03/2025 16:42
71,23,purchase,11/03/2025 18:53
71,23,click,11/03/2025 20:16
71,43,view,11/03/2025 22:41
71,25,search,11/03/2025 23:51
71,21,view,11/04/2025 2:14
71,25,view,11/04/2025 4:50
71,25,view,11/04/2025 7:24
71,23,click,11/04/2025 9:27
71,25,view,11/04/2025 11:01
71,34,add_to_cart,11/04/2025 11:51
71,34,purchase,11/04/2025 14:47
71,25,view,11/04/2025 16:25
71,2,view,11/04/2025 16:54
72,7,view,11/12/2025 5:08
72,7,add_to_cart,11/12/2025 5:57
72,1,view,11/12/2025 6:22
72,7,update_quantity,11/12/2025 6:43
72,49,add_to_cart,11/12/2025 9:12
72,43,view,11/12/2025 9:41
72,7,click,11/12/2025 11:57
72,7,click,11/12/2025 14:44
72,49,view,11/12/2025 15:05
72,49,click,11/12/2025 17:11
72,7,click,11/12/2025 19:27
72,7,add_to_cart,11/12/2025 22:01
72,32,search,11/13/2025 0:41
72,7,add_to_cart,11/13/2025 2:24
72,35,click,11/13/2025 5:01
72,44,view,11/13/2025 5:49
72,32,view,11/13/2025 6:15
72,37,add_to_cart,11/13/2025 6:19
72,49,purchase,11/13/2025 8:24
72,29,click,11/13/2025 11:05
72,10,search,11/13/2025 13:37
72,7,click,11/13/2025 15:48
72,7,view,11/13/2025 18:46
72,22,search,11/13/2025 21:07
72,17,search,11/13/2025 23:45
72,5,view,11/14/2025 2:29
72,31,search,11/14/2025 5:25
72,45,search,11/14/2025 5:30
72,31,click,11/14/2025 6:41
72,7,view,11/14/2025 8:47
72,7,remove_cart,11/14/2025 9:16
72,2,click,11/14/2025 11:03
72,46,view,11/14/2025 12:29
72,46,add_to_cart,11/14/2025 13:38
72,37,purchase,11/14/2025 14:27
72,8,search,11/14/2025 15:20
72,12,view,11/14/2025 16:49
72,46,click,11/14/2025 17:42
72,37,view,11/14/2025 18:39
72,31,click,11/14/2025 19:46
72,46,view,11/14/2025 20:59
72,46,purchase,11/14/2025 23:54
72,17,add_to_cart,11/15/2025 0:31
72,46,click,11/15/2025 2:31
72,17,purchase,11/15/2025 4:43
72,17,view,11/15/2025 6:07
72,31,click,11/15/2025 8:28
72,17,view,11/15/2025 9:35
72,34,add_to_cart,11/15/2025 11:35
72,17,add_to_cart,11/15/2025 14:09
72,17,update_quantity,11/15/2025 14:37
72,17,update_quantity,11/15/2025 17:19
72,47,add_to_cart,11/15/2025 19:54
72,34,view,11/15/2025 20:45
72,34,update_quantity,11/15/2025 22:05
72,15,view,11/16/2025 0:16
72,37,search,11/16/2025 3:08
72,49,search,11/16/2025 3:17
72,17,click,11/16/2025 5:22
72,18,search,11/16/2025 7:38
73,21,click,02/06/2026 5:07
73,12,add_to_cart,02/06/2026 7:27
73,12,add_to_cart,02/06/2026 9:38
73,9,view,02/06/2026 12:34
73,37,click,02/06/2026 14:41
73,15,view,02/06/2026 14:54
73,23,view,02/06/2026 16:23
73,46,click,02/06/2026 19:14
73,21,add_to_cart,02/06/2026 19:33
73,23,view,02/06/2026 19:56
73,21,add_to_cart,02/06/2026 22:41
73,46,view,02/07/2026 0:14
73,5,view,02/07/2026 3:07
73,15,view,02/07/2026 5:01
73,23,view,02/07/2026 7:48
73,21,add_to_cart,02/07/2026 8:33
73,12,update_quantity,02/07/2026 9:54
73,46,view,02/07/2026 10:59
73,27,add_to_cart,02/07/2026 11:21
73,15,click,02/07/2026 14:02
73,12,update_quantity,02/07/2026 14:48
73,21,add_to_cart,02/07/2026 16:21
73,21,view,02/07/2026 18:09
73,2,click,02/07/2026 19:41
73,21,purchase,02/07/2026 20:06
73,23,add_to_cart,02/07/2026 21:16
73,21,view,02/07/2026 23:45
73,27,update_quantity,02/07/2026 23:57
73,21,click,02/08/2026 1:07
73,34,view,02/08/2026 3:53
73,21,view,02/08/2026 6:51
73,12,remove_cart,02/08/2026 9:14
73,42,view,02/08/2026 10:43
73,4,search,02/08/2026 12:16
73,14,add_to_cart,02/08/2026 14:48
73,21,view,02/08/2026 15:52
73,5,add_to_cart,02/08/2026 17:25
73,5,click,02/08/2026 18:02
73,23,view,02/08/2026 20:39
73,27,remove_cart,02/08/2026 20:55
73,21,click,02/08/2026 21:30
73,14,update_quantity,02/08/2026 23:13
73,28,search,02/09/2026 0:45
73,27,add_to_cart,02/09/2026 3:03
73,5,view,02/09/2026 5:09
73,27,add_to_cart,02/09/2026 5:37
73,44,add_to_cart,02/09/2026 6:43
73,5,remove_cart,02/09/2026 9:05
73,40,view,02/09/2026 10:16
73,45,search,02/09/2026 11:17
73,28,search,02/09/2026 12:08
73,28,view,02/09/2026 14:43
73,28,click,02/09/2026 17:13
73,44,update_quantity,02/09/2026 19:14
73,34,search,02/09/2026 20:24
73,2,view,02/09/2026 21:41
73,23,update_quantity,02/09/2026 21:47
73,23,add_to_cart,02/09/2026 22:27
73,7,click,02/09/2026 23:26
73,28,view,02/10/2026 0:51
73,23,click,02/10/2026 2:18
73,40,search,02/10/2026 2:44
73,10,search,02/10/2026 5:05
73,25,search,02/10/2026 8:04
73,31,click,02/10/2026 9:41
73,7,view,02/10/2026 10:33
73,31,add_to_cart,02/10/2026 12:05
73,46,view,02/10/2026 12:55
73,14,remove_cart,02/10/2026 15:41
73,31,remove_cart,02/10/2026 15:54
73,21,rate,02/10/2026 17:57
73,14,view,02/10/2026 20:37
73,3,view,02/10/2026 21:35
73,27,update_quantity,02/10/2026 22:12
73,21,click,02/10/2026 23:21
73,27,purchase,02/11/2026 0:36
73,22,view,02/11/2026 2:41
73,9,search,02/11/2026 3:43
73,22,add_to_cart,02/11/2026 5:47
74,13,add_to_cart,02/11/2026 17:26
74,22,view,02/11/2026 19:51
74,44,click,02/11/2026 22:36
74,22,view,02/12/2026 0:13
74,22,view,02/12/2026 1:17
74,13,remove_cart,02/12/2026 1:55
74,44,view,02/12/2026 4:43
74,12,click,02/12/2026 6:30
74,21,search,02/12/2026 7:13
74,47,view,02/12/2026 7:39
74,44,click,02/12/2026 8:37
74,19,add_to_cart,02/12/2026 10:56
74,11,add_to_cart,02/12/2026 12:50
74,47,view,02/12/2026 13:26
74,19,purchase,02/12/2026 14:42
74,37,search,02/12/2026 16:05
74,37,search,02/12/2026 17:09
74,29,search,02/12/2026 17:47
74,11,remove_cart,02/12/2026 18:58
74,37,add_to_cart,02/12/2026 20:29
74,37,update_quantity,02/12/2026 21:32
74,1,view,02/12/2026 22:22
74,40,search,02/13/2026 0:54
74,37,update_quantity,02/13/2026 1:55
74,40,add_to_cart,02/13/2026 3:03
74,14,click,02/13/2026 4:57
74,40,add_to_cart,02/13/2026 5:44
74,10,search,02/13/2026 8:24
74,14,add_to_cart,02/13/2026 8:28
74,37,remove_cart,02/13/2026 8:43
74,10,add_to_cart,02/13/2026 10:30
74,6,click,02/13/2026 10:40
74,5,search,02/13/2026 11:56
74,26,search,02/13/2026 13:04
74,22,click,02/13/2026 15:26
74,19,rate,02/13/2026 17:58
74,10,remove_cart,02/13/2026 18:25
74,12,view,02/13/2026 20:59
74,40,add_to_cart,02/13/2026 22:37
74,43,add_to_cart,02/14/2026 0:18
74,43,update_quantity,02/14/2026 0:42
74,17,add_to_cart,02/14/2026 1:59
74,43,purchase,02/14/2026 3:33
74,12,click,02/14/2026 3:37
74,14,remove_cart,02/14/2026 4:17
74,40,add_to_cart,02/14/2026 5:43
74,17,update_quantity,02/14/2026 6:30
74,40,view,02/14/2026 8:17
74,14,view,02/14/2026 11:10
74,34,search,02/14/2026 11:54
74,43,rate,02/14/2026 12:49
74,14,click,02/14/2026 14:20
74,33,search,02/14/2026 17:14
74,24,add_to_cart,02/14/2026 19:07
74,40,purchase,02/14/2026 20:18
75,30,add_to_cart,01/27/2026 21:50
75,30,view,01/27/2026 22:53
75,30,view,01/27/2026 23:09
75,30,click,01/28/2026 1:42
75,30,view,01/28/2026 2:18
75,30,purchase,01/28/2026 5:16
75,46,search,01/28/2026 8:00
75,39,search,01/28/2026 8:43
75,30,add_to_cart,01/28/2026 8:54
75,30,update_quantity,01/28/2026 10:38
75,39,click,01/28/2026 11:28
75,1,view,01/28/2026 13:36
75,30,rate,01/28/2026 16:13
75,16,view,01/28/2026 16:58
75,47,click,01/28/2026 17:27
75,4,search,01/28/2026 17:53
75,19,search,01/28/2026 19:27
75,30,view,01/28/2026 21:34
75,1,view,01/28/2026 22:13
75,30,purchase,01/29/2026 0:23
75,40,view,01/29/2026 0:33
75,19,click,01/29/2026 3:12
75,9,click,01/29/2026 5:16
75,4,view,01/29/2026 6:01
75,9,view,01/29/2026 8:15
75,4,view,01/29/2026 10:35
75,19,click,01/29/2026 11:03
75,16,search,01/29/2026 11:41
75,4,view,01/29/2026 12:34
75,4,add_to_cart,01/29/2026 13:18
75,50,search,01/29/2026 15:20
75,45,click,01/29/2026 15:59
75,42,search,01/29/2026 17:06
75,42,view,01/29/2026 19:18
75,12,click,01/29/2026 20:54
75,16,add_to_cart,01/29/2026 22:20
75,17,add_to_cart,01/29/2026 22:30
75,16,update_quantity,01/29/2026 23:47
75,12,view,01/30/2026 0:49
75,7,search,01/30/2026 2:51
75,7,click,01/30/2026 4:27
75,16,click,01/30/2026 5:07
75,7,view,01/30/2026 5:29
75,43,search,01/30/2026 6:38
75,36,view,01/30/2026 9:04
75,43,click,01/30/2026 9:19
75,16,click,01/30/2026 11:24
75,43,add_to_cart,01/30/2026 13:52
75,17,remove_cart,01/30/2026 14:58
75,7,view,01/30/2026 15:11
75,35,search,01/30/2026 17:55
75,43,view,01/30/2026 18:38
75,28,search,01/30/2026 19:47
75,4,update_quantity,01/30/2026 20:29
75,4,click,01/30/2026 21:58
75,43,add_to_cart,01/30/2026 23:25
75,45,click,01/30/2026 23:39
75,12,search,01/31/2026 0:36
75,16,update_quantity,01/31/2026 1:17
75,43,view,01/31/2026 3:42
75,4,click,01/31/2026 5:29
75,22,add_to_cart,01/31/2026 8:05
76,25,click,02/08/2026 18:16
76,25,add_to_cart,02/08/2026 18:47
76,25,add_to_cart,02/08/2026 20:04
76,25,add_to_cart,02/08/2026 21:36
76,25,add_to_cart,02/09/2026 0:07
76,25,click,02/09/2026 2:27
76,25,view,02/09/2026 5:19
76,25,view,02/09/2026 5:30
76,25,add_to_cart,02/09/2026 7:49
76,25,add_to_cart,02/09/2026 8:27
76,25,update_quantity,02/09/2026 10:14
76,25,view,02/09/2026 10:47
76,25,view,02/09/2026 12:11
76,25,purchase,02/09/2026 13:37
76,16,click,02/09/2026 13:43
76,15,view,02/09/2026 14:02
76,28,view,02/09/2026 15:58
76,39,search,02/09/2026 17:38
76,29,click,02/09/2026 19:16
76,25,click,02/09/2026 21:36
76,39,view,02/09/2026 22:48
76,29,click,02/09/2026 22:55
76,15,add_to_cart,02/09/2026 23:29
76,15,click,02/10/2026 2:28
76,39,view,02/10/2026 5:01
76,9,click,02/10/2026 6:07
76,42,click,02/10/2026 8:30
76,15,add_to_cart,02/10/2026 11:00
76,29,click,02/10/2026 11:31
76,15,click,02/10/2026 13:20
76,15,purchase,02/10/2026 16:02
76,15,view,02/10/2026 16:52
76,15,view,02/10/2026 17:22
76,15,click,02/10/2026 20:20
76,12,view,02/10/2026 22:47
76,47,view,02/11/2026 0:03
76,15,add_to_cart,02/11/2026 1:01
76,15,purchase,02/11/2026 3:11
76,15,rate,02/11/2026 5:17
76,15,view,02/11/2026 5:23
76,15,view,02/11/2026 7:44
76,20,search,02/11/2026 7:55
76,15,click,02/11/2026 8:15
76,15,click,02/11/2026 9:58
76,14,add_to_cart,02/11/2026 10:29
76,14,purchase,02/11/2026 13:21
76,25,rate,02/11/2026 16:13
76,14,click,02/11/2026 18:19
76,41,add_to_cart,02/11/2026 20:53
76,14,view,02/11/2026 21:57
76,14,view,02/12/2026 0:34
76,2,add_to_cart,02/12/2026 3:02
76,2,update_quantity,02/12/2026 5:09
76,14,view,02/12/2026 7:08
76,41,purchase,02/12/2026 7:48
76,14,view,02/12/2026 10:47
76,41,click,02/12/2026 12:56
76,14,view,02/12/2026 15:13
76,22,search,02/12/2026 17:08
76,6,search,02/12/2026 19:40
76,14,click,02/12/2026 22:26
76,14,click,02/13/2026 0:32
76,31,view,02/13/2026 1:03
76,41,add_to_cart,02/13/2026 1:15
76,41,purchase,02/13/2026 3:03
77,43,view,11/25/2025 23:28
77,43,add_to_cart,11/26/2025 1:22
77,14,view,11/26/2025 3:28
77,14,view,11/26/2025 3:30
77,43,update_quantity,11/26/2025 5:35
77,43,click,11/26/2025 7:37
77,14,view,11/26/2025 8:57
77,14,click,11/26/2025 11:42
77,37,view,11/26/2025 13:10
77,43,remove_cart,11/26/2025 13:50
77,35,click,11/26/2025 15:55
77,43,view,11/26/2025 16:43
77,47,search,11/26/2025 19:32
77,19,click,11/26/2025 22:23
77,35,add_to_cart,11/26/2025 23:17
77,35,purchase,11/27/2025 0:29
77,16,view,11/27/2025 1:12
77,14,search,11/27/2025 1:27
77,14,view,11/27/2025 4:15
77,16,view,11/27/2025 6:51
77,35,view,11/27/2025 7:37
77,16,click,11/27/2025 9:57
77,16,click,11/27/2025 10:33
77,38,search,11/27/2025 11:53
77,16,add_to_cart,11/27/2025 13:03
77,3,search,11/27/2025 13:49
77,16,add_to_cart,11/27/2025 13:56
77,4,view,11/27/2025 14:00
77,16,update_quantity,11/27/2025 16:37
77,25,view,11/27/2025 18:06
77,16,remove_cart,11/27/2025 19:23
77,25,view,11/27/2025 21:13
77,16,view,11/27/2025 23:27
77,8,search,11/28/2025 2:26
77,4,view,11/28/2025 3:22
77,35,rate,11/28/2025 4:51
77,8,view,11/28/2025 7:48
77,12,search,11/28/2025 8:49
77,12,click,11/28/2025 10:41
77,8,view,11/28/2025 13:34
77,8,view,11/28/2025 14:33
77,8,view,11/28/2025 16:41
77,8,view,11/28/2025 17:10
77,8,add_to_cart,11/28/2025 19:49
77,4,search,11/28/2025 20:36
77,14,add_to_cart,11/28/2025 23:12
77,17,click,11/29/2025 1:41
77,39,search,11/29/2025 4:09
77,8,view,11/29/2025 6:04
77,4,add_to_cart,11/29/2025 7:31
77,8,remove_cart,11/29/2025 9:07
77,22,click,11/29/2025 9:34
77,39,view,11/29/2025 11:49
77,14,add_to_cart,11/29/2025 13:19
77,12,view,11/29/2025 14:28
77,14,view,11/29/2025 16:26
77,8,view,11/29/2025 18:17
77,6,click,11/29/2025 20:34
77,6,view,11/29/2025 21:18
77,14,view,11/30/2025 0:10
77,4,remove_cart,11/30/2025 1:59
77,14,view,11/30/2025 4:07
77,49,search,11/30/2025 6:10
77,14,purchase,11/30/2025 7:07
77,34,click,11/30/2025 7:47
77,22,view,11/30/2025 8:46
77,12,view,11/30/2025 9:41
77,22,view,11/30/2025 10:10
77,31,search,11/30/2025 12:10
77,14,click,11/30/2025 12:59
78,2,search,01/29/2026 22:51
78,2,view,01/30/2026 0:16
78,4,click,01/30/2026 2:43
78,34,search,01/30/2026 3:11
78,2,view,01/30/2026 3:25
78,2,click,01/30/2026 5:33
78,34,click,01/30/2026 5:38
78,11,click,01/30/2026 6:52
78,2,click,01/30/2026 8:15
78,32,search,01/30/2026 9:26
78,34,click,01/30/2026 11:34
78,2,click,01/30/2026 14:35
78,22,search,01/30/2026 16:10
78,2,click,01/30/2026 17:12
78,34,view,01/30/2026 17:35
78,2,view,01/30/2026 18:18
78,19,click,01/30/2026 19:05
78,32,click,01/30/2026 21:42
78,19,view,01/30/2026 23:38
78,2,click,01/31/2026 2:24
78,2,view,01/31/2026 2:46
78,2,view,01/31/2026 4:01
78,5,click,01/31/2026 6:55
78,17,click,01/31/2026 7:11
78,30,search,01/31/2026 8:13
78,5,click,01/31/2026 9:12
78,2,view,01/31/2026 10:07
78,8,view,01/31/2026 11:23
78,2,add_to_cart,01/31/2026 14:21
78,40,search,01/31/2026 16:18
78,15,search,01/31/2026 17:31
78,41,view,01/31/2026 18:48
78,2,add_to_cart,01/31/2026 19:59
78,2,purchase,01/31/2026 21:14
78,2,view,01/31/2026 23:19
78,28,add_to_cart,01/31/2026 23:22
78,15,add_to_cart,02/01/2026 0:14
78,16,search,02/01/2026 2:48
78,6,view,02/01/2026 3:44
78,19,search,02/01/2026 6:13
78,47,view,02/01/2026 7:14
78,16,click,02/01/2026 7:38
78,28,click,02/01/2026 9:40
78,28,view,02/01/2026 11:51
78,18,add_to_cart,02/01/2026 12:43
78,47,view,02/01/2026 15:29
78,16,add_to_cart,02/01/2026 16:08
78,19,click,02/01/2026 16:27
78,16,view,02/01/2026 18:59
78,41,view,02/01/2026 19:05
78,28,view,02/01/2026 19:11
78,16,update_quantity,02/01/2026 21:36
78,1,search,02/01/2026 22:35
78,30,view,02/02/2026 1:01
78,38,click,02/02/2026 3:30
78,44,search,02/02/2026 4:25
78,2,rate,02/02/2026 6:40
78,16,add_to_cart,02/02/2026 7:09
79,18,view,11/12/2025 9:18
79,47,add_to_cart,11/12/2025 11:05
79,18,click,11/12/2025 12:16
79,47,update_quantity,11/12/2025 14:08
79,47,update_quantity,11/12/2025 15:43
79,49,search,11/12/2025 18:08
79,47,view,11/12/2025 19:16
79,47,add_to_cart,11/12/2025 19:24
79,47,remove_cart,11/12/2025 21:38
79,49,add_to_cart,11/12/2025 22:28
79,42,view,11/13/2025 1:25
79,27,click,11/13/2025 3:37
79,19,view,11/13/2025 4:34
79,30,add_to_cart,11/13/2025 7:07
79,2,view,11/13/2025 9:14
79,1,view,11/13/2025 12:03
79,2,view,11/13/2025 14:39
79,49,add_to_cart,11/13/2025 15:15
79,15,click,11/13/2025 16:02
79,1,view,11/13/2025 18:21
79,49,click,11/13/2025 18:53
79,13,search,11/13/2025 20:48
79,36,view,11/13/2025 22:16
79,49,add_to_cart,11/14/2025 0:49
79,49,click,11/14/2025 1:51
79,36,click,11/14/2025 2:34
79,15,add_to_cart,11/14/2025 3:27
79,30,purchase,11/14/2025 3:46
79,10,add_to_cart,11/14/2025 6:07
79,30,rate,11/14/2025 6:10
79,49,click,11/14/2025 8:41
79,37,search,11/14/2025 9:31
79,42,search,11/14/2025 11:40
79,15,click,11/14/2025 12:58
79,15,view,11/14/2025 14:14
79,49,view,11/14/2025 15:53
79,40,add_to_cart,11/14/2025 16:20
79,10,update_quantity,11/14/2025 16:28
79,10,remove_cart,11/14/2025 19:27
79,12,search,11/14/2025 21:17
79,29,click,11/14/2025 22:22
79,40,click,11/15/2025 0:43
79,10,view,11/15/2025 2:27
79,43,add_to_cart,11/15/2025 4:20
79,10,click,11/15/2025 5:45
79,36,view,11/15/2025 8:40
79,11,view,11/15/2025 9:42
79,10,search,11/15/2025 9:51
79,31,search,11/15/2025 10:43
79,36,view,11/15/2025 12:05
79,43,update_quantity,11/15/2025 14:20
79,40,search,11/15/2025 15:26
79,43,purchase,11/15/2025 17:32
79,11,view,11/15/2025 19:29
79,11,view,11/15/2025 21:58
79,43,click,11/15/2025 22:00
79,16,view,11/15/2025 22:18
79,49,remove_cart,11/15/2025 22:54
79,43,add_to_cart,11/16/2025 1:31
79,40,update_quantity,11/16/2025 4:23
79,43,click,11/16/2025 4:33
79,49,click,11/16/2025 7:25
79,43,update_quantity,11/16/2025 9:47
80,32,add_to_cart,11/19/2025 7:15
80,32,click,11/19/2025 8:06
80,32,view,11/19/2025 10:08
80,32,click,11/19/2025 12:18
80,32,remove_cart,11/19/2025 13:37
80,32,click,11/19/2025 16:14
80,48,search,11/19/2025 16:23
80,48,click,11/19/2025 18:07
80,12,click,11/19/2025 18:33
80,32,click,11/19/2025 21:09
80,2,search,11/19/2025 21:45
80,36,view,11/20/2025 0:00
80,44,view,11/20/2025 1:44
80,29,search,11/20/2025 3:31
80,18,add_to_cart,11/20/2025 6:21
80,16,search,11/20/2025 7:13
80,16,click,11/20/2025 8:48
80,18,purchase,11/20/2025 10:36
80,2,view,11/20/2025 10:59
80,45,search,11/20/2025 13:46
80,18,click,11/20/2025 13:48
80,6,search,11/20/2025 16:11
80,16,search,11/20/2025 17:56
80,18,view,11/20/2025 19:41
80,45,view,11/20/2025 21:58
80,26,search,11/20/2025 22:28
80,18,click,11/20/2025 23:23
80,19,search,11/21/2025 1:01
80,16,view,11/21/2025 1:16
80,16,click,11/21/2025 2:19
80,18,click,11/21/2025 2:24
80,18,add_to_cart,11/21/2025 3:49
80,11,search,11/21/2025 5:30
80,11,view,11/21/2025 8:05
80,16,view,11/21/2025 9:30
80,19,add_to_cart,11/21/2025 11:33
80,18,purchase,11/21/2025 12:26
81,37,search,02/17/2026 2:01
81,49,click,02/17/2026 3:35
81,14,click,02/17/2026 6:08
81,14,add_to_cart,02/17/2026 8:25
81,14,view,02/17/2026 9:12
81,16,view,02/17/2026 10:07
81,12,search,02/17/2026 12:58
81,5,search,02/17/2026 15:59
81,14,click,02/17/2026 17:53
81,12,view,02/17/2026 19:53
81,12,add_to_cart,02/17/2026 22:00
81,12,purchase,02/18/2026 0:13
81,12,rate,02/18/2026 2:16
81,14,add_to_cart,02/18/2026 3:10
81,48,search,02/18/2026 3:28
81,36,click,02/18/2026 3:34
81,12,add_to_cart,02/18/2026 6:24
81,12,click,02/18/2026 8:06
81,14,purchase,02/18/2026 9:24
81,28,search,02/18/2026 11:27
81,48,click,02/18/2026 13:04
81,12,update_quantity,02/18/2026 15:57
81,12,add_to_cart,02/18/2026 16:49
81,28,click,02/18/2026 17:09
81,18,click,02/18/2026 19:44
81,13,search,02/18/2026 21:08
81,14,view,02/18/2026 23:58
81,12,view,02/19/2026 2:26
81,13,add_to_cart,02/19/2026 3:48
81,12,click,02/19/2026 3:57
81,12,purchase,02/19/2026 5:39
81,6,add_to_cart,02/19/2026 7:36
81,13,update_quantity,02/19/2026 8:06
81,6,purchase,02/19/2026 9:35
81,49,add_to_cart,02/19/2026 11:44
81,39,search,02/19/2026 14:30
81,12,view,02/19/2026 14:37
81,49,purchase,02/19/2026 16:58
81,13,update_quantity,02/19/2026 18:29
81,40,search,02/19/2026 19:09
81,6,view,02/19/2026 20:02
81,12,add_to_cart,02/19/2026 22:20
81,12,purchase,02/19/2026 23:58
81,22,search,02/20/2026 2:07
81,13,add_to_cart,02/20/2026 4:01
81,40,add_to_cart,02/20/2026 5:10
81,40,remove_cart,02/20/2026 6:37
81,2,search,02/20/2026 8:29
81,13,remove_cart,02/20/2026 8:42
81,38,click,02/20/2026 8:48
81,13,view,02/20/2026 9:33
81,35,click,02/20/2026 12:14
81,13,click,02/20/2026 15:05
81,2,view,02/20/2026 17:00
81,35,view,02/20/2026 19:02
81,35,view,02/20/2026 21:12
81,36,view,02/20/2026 22:46
81,38,click,02/21/2026 0:07
81,2,view,02/21/2026 2:24
81,13,click,02/21/2026 2:30
81,34,view,02/21/2026 4:53
81,41,click,02/21/2026 5:03
81,49,rate,02/21/2026 7:50
81,35,click,02/21/2026 10:23
81,25,search,02/21/2026 10:59
81,38,click,02/21/2026 13:24
81,13,click,02/21/2026 13:30
81,6,view,02/21/2026 14:21
81,38,view,02/21/2026 17:15
81,48,click,02/21/2026 19:46
81,35,add_to_cart,02/21/2026 20:26
81,38,add_to_cart,02/21/2026 21:24
82,17,click,02/23/2026 18:24
82,11,view,02/23/2026 19:32
82,25,add_to_cart,02/23/2026 21:38
82,11,add_to_cart,02/23/2026 23:37
82,49,add_to_cart,02/24/2026 2:30
82,11,view,02/24/2026 4:14
82,17,click,02/24/2026 4:33
82,40,click,02/24/2026 5:43
82,49,purchase,02/24/2026 7:39
82,49,rate,02/24/2026 8:50
82,18,search,02/24/2026 11:42
82,40,click,02/24/2026 11:56
82,21,search,02/24/2026 13:29
82,11,update_quantity,02/24/2026 16:17
82,17,view,02/24/2026 18:29
82,49,add_to_cart,02/24/2026 21:24
82,49,update_quantity,02/24/2026 22:42
82,49,purchase,02/24/2026 22:45
82,25,update_quantity,02/25/2026 0:13
82,42,search,02/25/2026 3:01
82,29,search,02/25/2026 3:26
82,13,search,02/25/2026 3:58
82,14,add_to_cart,02/25/2026 6:38
82,13,view,02/25/2026 7:19
82,6,search,02/25/2026 8:09
82,42,view,02/25/2026 10:52
82,36,click,02/25/2026 11:30
82,7,search,02/25/2026 12:25
82,16,search,02/25/2026 13:03
82,41,search,02/25/2026 14:40
82,49,view,02/25/2026 17:13
82,16,add_to_cart,02/25/2026 17:22
82,43,add_to_cart,02/25/2026 18:22
82,14,remove_cart,02/25/2026 18:39
82,17,add_to_cart,02/25/2026 19:36
82,39,search,02/25/2026 21:42
82,16,view,02/25/2026 23:48
82,25,update_quantity,02/26/2026 1:33
82,45,click,02/26/2026 2:05
82,14,add_to_cart,02/26/2026 3:50
82,2,search,02/26/2026 6:34
82,26,click,02/26/2026 7:57
82,16,click,02/26/2026 10:01
82,43,update_quantity,02/26/2026 10:36
82,42,view,02/26/2026 12:40
82,26,view,02/26/2026 14:41
82,30,search,02/26/2026 15:25
82,38,view,02/26/2026 17:19
83,18,view,03/06/2026 6:58
83,15,add_to_cart,03/06/2026 8:49
83,18,view,03/06/2026 9:13
83,15,remove_cart,03/06/2026 9:52
83,35,add_to_cart,03/06/2026 12:16
83,35,purchase,03/06/2026 15:16
83,35,rate,03/06/2026 16:41
83,35,add_to_cart,03/06/2026 17:17
83,35,purchase,03/06/2026 17:57
83,23,search,03/06/2026 19:11
83,35,add_to_cart,03/06/2026 19:59
83,44,view,03/06/2026 21:42
83,37,add_to_cart,03/06/2026 22:04
83,35,click,03/07/2026 0:51
83,22,search,03/07/2026 1:05
83,35,click,03/07/2026 3:42
83,44,click,03/07/2026 4:32
83,24,view,03/07/2026 5:01
83,11,view,03/07/2026 7:28
83,24,add_to_cart,03/07/2026 7:33
83,44,view,03/07/2026 10:20
83,26,click,03/07/2026 12:31
83,35,update_quantity,03/07/2026 14:55
83,23,view,03/07/2026 15:25
83,24,click,03/07/2026 16:00
83,24,view,03/07/2026 18:06
83,29,click,03/07/2026 18:54
83,26,click,03/07/2026 21:28
83,22,search,03/07/2026 23:21
83,29,click,03/08/2026 2:19
83,35,click,03/08/2026 2:26
83,24,update_quantity,03/08/2026 2:50
83,37,purchase,03/08/2026 3:55
83,5,search,03/08/2026 6:25
83,22,add_to_cart,03/08/2026 7:43
83,22,view,03/08/2026 7:59
83,22,click,03/08/2026 10:06
83,9,view,03/08/2026 11:28
83,27,view,03/08/2026 11:41
83,24,click,03/08/2026 12:37
83,35,remove_cart,03/08/2026 13:02
83,43,search,03/08/2026 16:02
83,22,view,03/08/2026 18:01
83,27,view,03/08/2026 18:36
83,7,view,03/08/2026 18:55
83,15,add_to_cart,03/08/2026 19:22
83,15,view,03/08/2026 20:12
83,35,add_to_cart,03/08/2026 23:08
83,35,view,03/09/2026 1:39
83,7,search,03/09/2026 3:36
83,37,rate,03/09/2026 4:37
83,27,click,03/09/2026 7:35
83,35,update_quantity,03/09/2026 9:51
83,48,view,03/09/2026 11:29
83,33,click,03/09/2026 11:42
83,22,remove_cart,03/09/2026 14:06
83,7,view,03/09/2026 16:55
83,22,add_to_cart,03/09/2026 17:28
83,37,add_to_cart,03/09/2026 18:14
83,37,purchase,03/09/2026 20:19
83,22,update_quantity,03/09/2026 23:16
83,48,search,03/10/2026 0:49
83,32,click,03/10/2026 2:30
83,24,update_quantity,03/10/2026 4:40
83,22,remove_cart,03/10/2026 5:48
83,37,click,03/10/2026 5:58
83,37,add_to_cart,03/10/2026 6:18
83,35,update_quantity,03/10/2026 8:03
83,38,search,03/10/2026 9:43
83,37,purchase,03/10/2026 11:07
83,46,search,03/10/2026 12:18
83,3,search,03/10/2026 12:24
83,46,add_to_cart,03/10/2026 13:23
83,46,view,03/10/2026 14:17
83,3,view,03/10/2026 16:43
83,46,click,03/10/2026 18:27
83,46,add_to_cart,03/10/2026 18:50
83,46,click,03/10/2026 19:55
83,3,view,03/10/2026 20:06
83,24,update_quantity,03/10/2026 21:39
84,18,click,01/21/2026 16:15
84,11,search,01/21/2026 18:24
84,18,view,01/21/2026 20:08
84,40,click,01/21/2026 20:20
84,11,add_to_cart,01/21/2026 22:42
84,5,click,01/21/2026 22:48
84,37,view,01/21/2026 23:16
84,11,update_quantity,01/21/2026 23:52
84,3,click,01/22/2026 0:05
84,17,view,01/22/2026 1:35
84,19,search,01/22/2026 3:48
84,11,update_quantity,01/22/2026 6:16
84,8,add_to_cart,01/22/2026 8:24
84,5,view,01/22/2026 11:20
84,8,update_quantity,01/22/2026 14:07
84,8,click,01/22/2026 16:50
84,11,purchase,01/22/2026 17:01
84,8,update_quantity,01/22/2026 17:34
84,8,update_quantity,01/22/2026 17:41
84,8,purchase,01/22/2026 18:51
84,11,add_to_cart,01/22/2026 20:30
84,11,remove_cart,01/22/2026 21:43
84,6,search,01/22/2026 23:14
84,43,add_to_cart,01/23/2026 0:03
84,11,view,01/23/2026 1:14
84,36,search,01/23/2026 3:16
84,13,click,01/23/2026 5:44
84,8,view,01/23/2026 6:21
84,26,view,01/23/2026 8:07
84,21,search,01/23/2026 8:57
84,46,search,01/23/2026 10:27
84,11,view,01/23/2026 11:36
84,16,click,01/23/2026 12:28
84,11,click,01/23/2026 15:11
84,13,view,01/23/2026 17:20
84,7,view,01/23/2026 19:48
84,15,search,01/23/2026 22:08
84,21,search,01/24/2026 0:35
84,17,view,01/24/2026 2:16
84,43,remove_cart,01/24/2026 2:56
84,28,click,01/24/2026 4:58
84,50,search,01/24/2026 6:15
84,3,view,01/24/2026 7:43
84,28,click,01/24/2026 9:32
84,34,view,01/24/2026 12:03
84,33,click,01/24/2026 13:58
84,26,click,01/24/2026 16:30
84,36,search,01/24/2026 18:45
84,28,click,01/24/2026 19:57
84,40,search,01/24/2026 20:03
84,33,view,01/24/2026 21:23
84,36,click,01/24/2026 23:48
84,34,click,01/25/2026 1:42
84,11,search,01/25/2026 2:00
84,48,view,01/25/2026 3:57
84,48,view,01/25/2026 5:31
84,34,click,01/25/2026 6:12
85,50,view,10/27/2025 14:10
85,50,click,10/27/2025 15:47
85,50,view,10/27/2025 17:50
85,31,view,10/27/2025 20:23
85,50,add_to_cart,10/27/2025 22:34
85,16,search,10/27/2025 23:12
85,9,view,10/28/2025 2:05
85,50,add_to_cart,10/28/2025 3:01
85,50,click,10/28/2025 3:19
85,23,click,10/28/2025 3:43
85,20,add_to_cart,10/28/2025 3:51
85,28,view,10/28/2025 6:18
85,50,add_to_cart,10/28/2025 6:45
85,50,purchase,10/28/2025 6:59
85,20,purchase,10/28/2025 7:55
85,20,click,10/28/2025 9:26
85,20,view,10/28/2025 12:12
85,42,click,10/28/2025 12:51
85,50,rate,10/28/2025 14:35
85,31,search,10/28/2025 17:05
85,20,view,10/28/2025 17:25
85,2,search,10/28/2025 19:48
85,25,click,10/28/2025 21:46
85,50,click,10/28/2025 22:55
85,25,click,10/29/2025 0:02
85,8,click,10/29/2025 2:54
85,2,view,10/29/2025 3:04
85,31,add_to_cart,10/29/2025 4:32
85,20,rate,10/29/2025 5:28
85,31,purchase,10/29/2025 5:34
85,31,rate,10/29/2025 6:15
85,15,view,10/29/2025 7:11
85,1,search,10/29/2025 7:35
85,24,click,10/29/2025 8:50
85,1,click,10/29/2025 10:21
85,31,add_to_cart,10/29/2025 11:07
85,25,view,10/29/2025 13:43
85,31,add_to_cart,10/29/2025 15:15
85,15,view,10/29/2025 16:36
85,9,view,10/29/2025 18:10
85,31,add_to_cart,10/29/2025 19:16
85,31,add_to_cart,10/29/2025 20:43
85,18,click,10/29/2025 21:11
85,15,add_to_cart,10/29/2025 23:56
85,33,view,10/30/2025 0:47
85,38,view,10/30/2025 2:18
85,36,search,10/30/2025 2:46
85,31,purchase,10/30/2025 5:27
85,15,purchase,10/30/2025 6:24
85,36,view,10/30/2025 8:56
85,15,view,10/30/2025 11:13
85,36,click,10/30/2025 14:04
85,15,view,10/30/2025 16:40
85,38,view,10/30/2025 18:04
85,36,search,10/30/2025 18:51
85,47,search,10/30/2025 19:11
85,15,view,10/30/2025 20:01
85,18,view,10/30/2025 21:49
85,9,add_to_cart,10/30/2025 23:25
85,15,search,10/31/2025 0:38
85,15,rate,10/31/2025 2:35
85,31,click,10/31/2025 5:35
85,31,view,10/31/2025 8:28
85,31,view,10/31/2025 8:48
85,15,view,10/31/2025 11:24
85,18,view,10/31/2025 12:34
85,15,view,10/31/2025 14:44
85,15,view,10/31/2025 17:22
85,9,remove_cart,10/31/2025 18:42
86,47,search,01/12/2026 13:58
86,10,click,01/12/2026 14:36
86,49,view,01/12/2026 17:12
86,40,search,01/12/2026 17:36
86,46,search,01/12/2026 19:51
86,10,click,01/12/2026 21:16
86,47,view,01/12/2026 23:12
86,37,add_to_cart,01/13/2026 0:51
86,30,click,01/13/2026 2:52
86,30,click,01/13/2026 3:59
86,46,view,01/13/2026 4:24
86,1,search,01/13/2026 5:38
86,37,update_quantity,01/13/2026 6:49
86,28,search,01/13/2026 7:59
86,37,update_quantity,01/13/2026 8:44
86,37,update_quantity,01/13/2026 11:10
86,37,click,01/13/2026 12:49
86,37,purchase,01/13/2026 15:20
86,1,click,01/13/2026 15:57
86,42,click,01/13/2026 17:54
86,32,search,01/13/2026 19:15
86,37,add_to_cart,01/13/2026 19:57
86,37,purchase,01/13/2026 20:12
86,21,search,01/13/2026 21:03
86,37,add_to_cart,01/13/2026 21:47
86,37,remove_cart,01/14/2026 0:43
86,21,add_to_cart,01/14/2026 1:34
86,37,rate,01/14/2026 4:17
86,37,view,01/14/2026 7:00
86,21,click,01/14/2026 9:50
86,21,remove_cart,01/14/2026 10:56
86,17,view,01/14/2026 12:48
86,37,click,01/14/2026 15:41
86,8,search,01/14/2026 18:01
86,2,view,01/14/2026 20:02
86,24,search,01/14/2026 21:10
86,2,view,01/14/2026 23:08
86,17,click,01/14/2026 23:48
86,36,search,01/15/2026 0:53
86,36,view,01/15/2026 3:36
86,36,view,01/15/2026 6:05
86,8,add_to_cart,01/15/2026 6:56
86,8,update_quantity,01/15/2026 8:43
86,8,update_quantity,01/15/2026 9:39
86,40,add_to_cart,01/15/2026 10:44
86,36,click,01/15/2026 10:46
86,30,view,01/15/2026 12:43
86,17,search,01/15/2026 13:00
86,40,purchase,01/15/2026 13:21
86,43,search,01/15/2026 15:12
86,17,view,01/15/2026 16:07
86,8,purchase,01/15/2026 18:58
86,3,view,01/15/2026 19:04
86,17,view,01/15/2026 20:50
86,37,add_to_cart,01/15/2026 21:33
86,43,view,01/16/2026 0:22
86,37,purchase,01/16/2026 2:36
86,2,add_to_cart,01/16/2026 4:26
86,8,add_to_cart,01/16/2026 5:00
86,2,click,01/16/2026 6:07
86,37,click,01/16/2026 6:26
86,8,view,01/16/2026 7:16
86,37,click,01/16/2026 9:32
86,5,view,01/16/2026 10:05
86,37,view,01/16/2026 12:41
86,37,add_to_cart,01/16/2026 14:35
86,8,update_quantity,01/16/2026 16:04
86,5,click,01/16/2026 18:49
86,8,add_to_cart,01/16/2026 19:26
86,4,click,01/16/2026 21:00
86,37,click,01/16/2026 22:27
86,46,add_to_cart,01/17/2026 1:28
86,39,add_to_cart,01/17/2026 2:47
86,46,view,01/17/2026 3:41
86,4,click,01/17/2026 5:25
86,43,search,01/17/2026 7:19
86,2,purchase,01/17/2026 8:38
86,40,rate,01/17/2026 9:15
86,42,search,01/17/2026 11:14
86,39,update_quantity,01/17/2026 13:28
87,18,click,11/05/2025 18:29
87,50,search,11/05/2025 20:40
87,2,view,11/05/2025 22:54
87,50,view,11/06/2025 0:23
87,30,search,11/06/2025 2:49
87,18,view,11/06/2025 4:51
87,43,add_to_cart,11/06/2025 6:51
87,2,add_to_cart,11/06/2025 8:25
87,30,click,11/06/2025 9:24
87,2,remove_cart,11/06/2025 9:50
87,30,add_to_cart,11/06/2025 9:58
87,30,update_quantity,11/06/2025 11:47
87,43,view,11/06/2025 12:22
87,30,view,11/06/2025 12:43
87,30,view,11/06/2025 14:15
87,30,view,11/06/2025 15:43
87,30,click,11/06/2025 17:35
87,2,add_to_cart,11/06/2025 19:38
87,2,click,11/06/2025 21:14
87,30,update_quantity,11/06/2025 21:38
87,30,view,11/06/2025 23:06
87,30,add_to_cart,11/06/2025 23:44
87,30,update_quantity,11/07/2025 2:06
87,46,view,11/07/2025 2:54
87,30,view,11/07/2025 4:02
87,30,update_quantity,11/07/2025 5:28
87,29,view,11/07/2025 5:46
87,2,remove_cart,11/07/2025 6:35
87,30,view,11/07/2025 7:50
87,30,add_to_cart,11/07/2025 9:26
87,33,search,11/07/2025 10:37
87,43,update_quantity,11/07/2025 11:02
87,43,remove_cart,11/07/2025 13:24
87,30,view,11/07/2025 14:55
87,2,click,11/07/2025 16:15
87,43,view,11/07/2025 18:00
87,2,click,11/07/2025 20:54
87,30,view,11/07/2025 23:04
87,32,search,11/07/2025 23:09
87,8,view,11/08/2025 1:39
87,43,add_to_cart,11/08/2025 2:24
87,35,search,11/08/2025 5:00
87,43,purchase,11/08/2025 5:40
87,21,view,11/08/2025 6:22
87,43,view,11/08/2025 8:42
87,35,add_to_cart,11/08/2025 11:19
87,43,view,11/08/2025 11:38
87,8,click,11/08/2025 12:13
87,35,remove_cart,11/08/2025 14:00
87,34,search,11/08/2025 15:48
87,13,click,11/08/2025 18:26
87,43,view,11/08/2025 20:35
87,30,remove_cart,11/08/2025 22:36
87,14,search,11/09/2025 1:00
87,17,search,11/09/2025 1:39
87,36,search,11/09/2025 3:42
87,43,click,11/09/2025 4:02
87,7,view,11/09/2025 5:36
88,44,view,12/23/2025 19:56
88,44,view,12/23/2025 21:21
88,42,search,12/24/2025 0:10
88,18,search,12/24/2025 2:23
88,15,click,12/24/2025 3:47
88,10,search,12/24/2025 6:08
88,18,add_to_cart,12/24/2025 7:32
88,18,update_quantity,12/24/2025 9:19
88,18,remove_cart,12/24/2025 11:13
88,18,view,12/24/2025 13:51
88,42,add_to_cart,12/24/2025 16:22
88,26,search,12/24/2025 17:09
88,2,search,12/24/2025 18:59
88,48,search,12/24/2025 21:43
88,26,view,12/25/2025 0:07
88,15,search,12/25/2025 0:18
88,47,view,12/25/2025 2:45
88,2,view,12/25/2025 5:01
88,41,search,12/25/2025 5:54
88,42,remove_cart,12/25/2025 8:37
88,47,click,12/25/2025 10:12
88,25,view,12/25/2025 13:09
88,41,search,12/25/2025 14:12
88,41,view,12/25/2025 15:50
88,7,view,12/25/2025 18:41
88,24,search,12/25/2025 19:36
88,42,view,12/25/2025 20:01
88,42,click,12/25/2025 23:01
88,27,search,12/25/2025 23:24
88,24,click,12/26/2025 0:59
88,34,search,12/26/2025 3:51
88,24,view,12/26/2025 4:49
88,17,search,12/26/2025 6:33
88,42,view,12/26/2025 6:57
88,39,add_to_cart,12/26/2025 8:16
88,39,remove_cart,12/26/2025 8:46
88,27,view,12/26/2025 11:17
88,39,click,12/26/2025 14:17
88,17,add_to_cart,12/26/2025 16:44
88,27,click,12/26/2025 18:12
88,7,search,12/26/2025 18:36
88,36,click,12/26/2025 20:15
88,43,search,12/26/2025 20:31
88,43,add_to_cart,12/26/2025 22:06
88,17,purchase,12/26/2025 23:40
88,3,view,12/27/2025 1:03
88,3,click,12/27/2025 3:41
88,17,rate,12/27/2025 4:32
88,43,purchase,12/27/2025 6:28
88,12,add_to_cart,12/27/2025 6:48
88,18,view,12/27/2025 7:51
88,12,update_quantity,12/27/2025 8:30
88,22,search,12/27/2025 11:06
88,43,add_to_cart,12/27/2025 11:26
88,21,search,12/27/2025 13:19
88,25,search,12/27/2025 15:48
88,33,click,12/27/2025 17:43
88,1,search,12/27/2025 19:20
88,12,update_quantity,12/27/2025 20:14
88,12,add_to_cart,12/27/2025 22:46
88,33,click,12/27/2025 23:51
88,15,view,12/28/2025 2:21
88,50,search,12/28/2025 4:47
88,19,view,12/28/2025 7:36
88,33,click,12/28/2025 10:06
88,19,view,12/28/2025 10:17
88,19,add_to_cart,12/28/2025 13:06
88,33,click,12/28/2025 13:31
88,12,remove_cart,12/28/2025 14:16
88,20,add_to_cart,12/28/2025 15:45
89,25,search,01/10/2026 0:00
89,9,click,01/10/2026 0:29
89,37,click,01/10/2026 0:52
89,25,add_to_cart,01/10/2026 3:47
89,4,view,01/10/2026 5:35
89,33,view,01/10/2026 6:36
89,27,search,01/10/2026 8:20
89,37,view,01/10/2026 9:45
89,45,search,01/10/2026 11:23
89,37,view,01/10/2026 13:56
89,29,search,01/10/2026 15:17
89,37,add_to_cart,01/10/2026 16:18
89,45,view,01/10/2026 18:43
89,45,click,01/10/2026 21:42
89,27,view,01/10/2026 22:22
89,30,search,01/10/2026 23:27
89,37,add_to_cart,01/11/2026 0:34
89,45,view,01/11/2026 1:49
89,7,view,01/11/2026 2:42
89,24,click,01/11/2026 4:34
89,37,add_to_cart,01/11/2026 6:07
89,7,view,01/11/2026 7:20
89,8,search,01/11/2026 9:46
89,25,remove_cart,01/11/2026 10:06
89,37,purchase,01/11/2026 11:12
89,37,view,01/11/2026 12:59
89,37,rate,01/11/2026 14:50
89,26,view,01/11/2026 17:17
89,26,view,01/11/2026 20:17
89,6,click,01/11/2026 23:05
89,29,search,01/11/2026 23:46
89,3,view,01/12/2026 1:20
89,23,add_to_cart,01/12/2026 2:11
89,23,purchase,01/12/2026 2:33
89,26,view,01/12/2026 3:21
89,16,add_to_cart,01/12/2026 3:53
89,34,search,01/12/2026 6:26
89,26,view,01/12/2026 6:29
89,16,click,01/12/2026 7:45
89,26,view,01/12/2026 9:41
89,39,add_to_cart,01/12/2026 10:33
89,16,purchase,01/12/2026 11:19
89,22,search,01/12/2026 13:12
89,39,add_to_cart,01/12/2026 15:10
89,34,click,01/12/2026 17:16
89,22,click,01/12/2026 18:32
89,22,click,01/12/2026 20:51
89,34,view,01/12/2026 23:22
89,39,update_quantity,01/13/2026 0:26
89,39,add_to_cart,01/13/2026 1:42
89,34,view,01/13/2026 3:19
89,39,update_quantity,01/13/2026 3:37
89,42,search,01/13/2026 3:54
89,22,add_to_cart,01/13/2026 5:45
89,42,click,01/13/2026 6:54
89,39,view,01/13/2026 8:42
89,2,click,01/13/2026 10:04
89,38,click,01/13/2026 11:42
89,39,click,01/13/2026 13:20
89,42,view,01/13/2026 14:51
89,39,view,01/13/2026 17:01
89,22,view,01/13/2026 19:19
89,23,click,01/13/2026 21:57
89,39,view,01/13/2026 23:58
89,2,view,01/14/2026 2:30
89,39,click,01/14/2026 4:51
89,39,update_quantity,01/14/2026 5:41
89,39,update_quantity,01/14/2026 7:38
89,2,click,01/14/2026 8:47
89,36,view,01/14/2026 10:51
89,39,add_to_cart,01/14/2026 11:23
89,32,add_to_cart,01/14/2026 12:16
89,19,search,01/14/2026 13:10
89,32,remove_cart,01/14/2026 14:24
89,31,add_to_cart,01/14/2026 16:01
89,31,purchase,01/14/2026 16:54
89,39,remove_cart,01/14/2026 18:07
89,38,search,01/14/2026 20:11
90,33,click,11/19/2025 13:50
90,33,view,11/19/2025 14:24
90,36,search,11/19/2025 14:38
90,36,view,11/19/2025 17:30
90,8,view,11/19/2025 19:56
90,16,view,11/19/2025 22:03
90,33,click,11/20/2025 0:40
90,28,view,11/20/2025 1:11
90,17,search,11/20/2025 4:05
90,23,add_to_cart,11/20/2025 5:08
90,23,purchase,11/20/2025 5:24
90,28,view,11/20/2025 5:56
90,8,view,11/20/2025 8:06
90,2,search,11/20/2025 10:11
90,23,view,11/20/2025 12:30
90,16,search,11/20/2025 12:41
90,27,click,11/20/2025 12:45
90,42,view,11/20/2025 14:44
90,23,click,11/20/2025 15:19
90,37,search,11/20/2025 17:32
90,23,rate,11/20/2025 20:03
90,23,add_to_cart,11/20/2025 21:43
90,27,add_to_cart,11/20/2025 23:29
90,27,update_quantity,11/21/2025 0:22
90,10,add_to_cart,11/21/2025 2:38
90,10,update_quantity,11/21/2025 2:59
90,37,add_to_cart,11/21/2025 4:07
90,23,view,11/21/2025 6:30
90,10,purchase,11/21/2025 9:14
90,10,view,11/21/2025 9:58
90,10,view,11/21/2025 11:26
90,37,click,11/21/2025 13:29
90,27,purchase,11/21/2025 16:28
90,37,view,11/21/2025 17:54
90,10,view,11/21/2025 18:18
90,27,click,11/21/2025 20:34
90,19,search,11/21/2025 23:14
90,10,view,11/22/2025 0:56
90,17,click,11/22/2025 2:53
90,27,view,11/22/2025 3:17
90,37,view,11/22/2025 6:10
90,21,add_to_cart,11/22/2025 7:15
90,19,view,11/22/2025 8:14
90,36,search,11/22/2025 8:38
90,35,search,11/22/2025 9:51
90,37,remove_cart,11/22/2025 11:27
90,10,rate,11/22/2025 12:35
90,48,search,11/22/2025 12:42
90,16,search,11/22/2025 13:48
90,21,view,11/22/2025 15:55
90,27,rate,11/22/2025 16:26
90,23,purchase,11/22/2025 18:33
90,48,view,11/22/2025 18:39
90,48,view,11/22/2025 20:47
90,48,click,11/22/2025 21:09
90,16,view,11/22/2025 22:39
90,21,purchase,11/22/2025 23:27
90,21,add_to_cart,11/22/2025 23:33
90,22,view,11/23/2025 0:23
90,15,view,11/23/2025 3:01
90,22,click,11/23/2025 3:12
90,21,rate,11/23/2025 3:56
90,10,search,11/23/2025 4:25
90,21,update_quantity,11/23/2025 4:39
90,13,click,11/23/2025 5:24
90,4,view,11/23/2025 5:30
90,13,click,11/23/2025 6:30
90,22,view,11/23/2025 8:22
90,21,purchase,11/23/2025 10:01
90,22,view,11/23/2025 10:35
90,10,search,11/23/2025 12:32
90,13,view,11/23/2025 12:35
90,35,search,11/23/2025 12:46
90,48,click,11/23/2025 14:28
90,10,view,11/23/2025 17:21
90,48,add_to_cart,11/23/2025 19:48
91,32,click,12/02/2025 23:17
91,13,search,12/02/2025 23:47
91,17,search,12/03/2025 2:28
91,27,view,12/03/2025 2:56
91,19,click,12/03/2025 3:19
91,50,view,12/03/2025 3:23
91,13,click,12/03/2025 5:19
91,19,view,12/03/2025 6:39
91,13,add_to_cart,12/03/2025 7:03
91,13,remove_cart,12/03/2025 9:16
91,14,add_to_cart,12/03/2025 10:12
91,14,remove_cart,12/03/2025 13:08
91,13,view,12/03/2025 13:47
91,13,view,12/03/2025 14:52
91,48,search,12/03/2025 17:03
91,13,click,12/03/2025 17:45
91,12,view,12/03/2025 18:37
91,14,click,12/03/2025 18:47
91,13,view,12/03/2025 18:52
91,38,view,12/03/2025 20:14
91,24,search,12/03/2025 21:05
91,12,view,12/03/2025 21:23
91,6,search,12/03/2025 23:24
91,38,click,12/04/2025 1:59
91,12,click,12/04/2025 4:37
91,31,search,12/04/2025 4:44
91,33,click,12/04/2025 6:51
91,35,view,12/04/2025 9:44
91,24,view,12/04/2025 10:55
91,13,search,12/04/2025 12:46
91,12,view,12/04/2025 13:19
91,5,click,12/04/2025 16:01
91,1,view,12/04/2025 19:02
91,6,click,12/04/2025 20:19
91,1,add_to_cart,12/04/2025 22:24
91,32,search,12/05/2025 0:06
91,1,update_quantity,12/05/2025 2:16
91,19,search,12/05/2025 3:07
91,1,view,12/05/2025 3:10
91,6,view,12/05/2025 5:16
91,44,search,12/05/2025 7:16
91,1,purchase,12/05/2025 7:43
91,1,rate,12/05/2025 8:29
91,1,view,12/05/2025 9:08
91,23,add_to_cart,12/05/2025 11:41
91,23,update_quantity,12/05/2025 13:40
91,30,search,12/05/2025 15:12
91,23,remove_cart,12/05/2025 17:04
91,1,search,12/05/2025 19:13
91,23,view,12/05/2025 21:29
91,44,add_to_cart,12/05/2025 23:07
91,44,purchase,12/06/2025 0:37
91,17,add_to_cart,12/06/2025 2:21
91,3,view,12/06/2025 2:46
91,44,add_to_cart,12/06/2025 3:50
92,18,add_to_cart,02/08/2026 3:28
92,18,click,02/08/2026 5:05
92,18,purchase,02/08/2026 7:34
92,18,rate,02/08/2026 9:04
92,22,search,02/08/2026 10:03
92,33,search,02/08/2026 11:42
92,18,click,02/08/2026 14:15
92,18,view,02/08/2026 15:33
92,33,click,02/08/2026 17:47
92,33,view,02/08/2026 18:04
92,29,view,02/08/2026 19:27
92,43,search,02/08/2026 19:37
92,16,view,02/08/2026 19:49
92,18,view,02/08/2026 20:04
92,20,add_to_cart,02/08/2026 21:29
92,16,view,02/08/2026 22:47
92,18,view,02/09/2026 1:17
92,24,view,02/09/2026 1:54
92,20,update_quantity,02/09/2026 2:50
92,28,search,02/09/2026 5:42
92,20,purchase,02/09/2026 6:41
92,18,add_to_cart,02/09/2026 7:54
92,4,add_to_cart,02/09/2026 9:58
92,18,view,02/09/2026 12:35
92,4,click,02/09/2026 12:45
92,18,remove_cart,02/09/2026 13:51
92,25,search,02/09/2026 14:15
92,4,add_to_cart,02/09/2026 15:51
92,20,click,02/09/2026 18:41
92,4,update_quantity,02/09/2026 18:59
92,18,view,02/09/2026 19:18
92,30,view,02/09/2026 21:54
92,4,view,02/09/2026 22:23
92,7,search,02/09/2026 23:08
92,20,view,02/10/2026 1:47
92,23,add_to_cart,02/10/2026 1:51
92,4,update_quantity,02/10/2026 4:19
92,23,view,02/10/2026 4:54
92,33,view,02/10/2026 7:51
92,3,search,02/10/2026 9:05
92,7,view,02/10/2026 10:24
92,31,view,02/10/2026 12:41
92,31,view,02/10/2026 14:22
92,23,purchase,02/10/2026 15:46
92,3,search,02/10/2026 17:09
92,30,add_to_cart,02/10/2026 20:06
92,11,search,02/10/2026 20:19
92,23,add_to_cart,02/10/2026 21:48
92,6,view,02/11/2026 0:40
92,11,view,02/11/2026 1:12
92,11,add_to_cart,02/11/2026 1:30
92,18,search,02/11/2026 2:52
92,11,add_to_cart,02/11/2026 4:35
92,17,view,02/11/2026 5:59
92,4,remove_cart,02/11/2026 7:29
92,3,search,02/11/2026 9:33
92,35,view,02/11/2026 11:04
92,20,rate,02/11/2026 12:51
92,20,view,02/11/2026 13:58
92,30,search,02/11/2026 14:18
93,36,add_to_cart,10/24/2025 21:46
93,36,update_quantity,10/25/2025 0:10
93,44,search,10/25/2025 2:06
93,2,add_to_cart,10/25/2025 4:49
93,36,purchase,10/25/2025 5:53
93,24,add_to_cart,10/25/2025 6:04
93,3,add_to_cart,10/25/2025 6:27
93,13,add_to_cart,10/25/2025 9:01
93,16,search,10/25/2025 9:10
93,44,add_to_cart,10/25/2025 12:08
93,48,search,10/25/2025 15:01
93,36,rate,10/25/2025 16:23
93,49,view,10/25/2025 18:28
93,6,add_to_cart,10/25/2025 18:31
93,13,purchase,10/25/2025 19:37
93,37,search,10/25/2025 19:50
93,48,view,10/25/2025 22:24
93,44,view,10/26/2025 0:19
93,13,click,10/26/2025 3:00
93,31,search,10/26/2025 5:33
93,13,view,10/26/2025 7:52
93,3,search,10/26/2025 8:05
93,17,view,10/26/2025 8:08
93,33,search,10/26/2025 10:14
93,19,view,10/26/2025 12:52
93,44,view,10/26/2025 14:00
93,17,view,10/26/2025 16:23
93,19,view,10/26/2025 16:53
93,13,view,10/26/2025 19:10
93,7,search,10/26/2025 20:47
93,36,search,10/26/2025 23:08
93,31,view,10/26/2025 23:56
93,19,click,10/27/2025 2:16
93,42,search,10/27/2025 3:47
93,6,update_quantity,10/27/2025 5:09
93,5,search,10/27/2025 7:15
93,36,add_to_cart,10/27/2025 8:50
93,6,click,10/27/2025 10:54
93,17,search,10/27/2025 11:25
93,19,search,10/27/2025 12:27
93,31,click,10/27/2025 14:04
93,13,rate,10/27/2025 14:14
93,22,search,10/27/2025 17:09
93,44,update_quantity,10/27/2025 17:31
93,21,view,10/27/2025 19:58
93,31,view,10/27/2025 22:32
93,24,remove_cart,10/27/2025 23:18
93,11,view,10/28/2025 1:59
93,44,view,10/28/2025 3:30
93,36,purchase,10/28/2025 3:49
93,21,add_to_cart,10/28/2025 6:17
93,36,click,10/28/2025 7:07
93,26,search,10/28/2025 10:06
93,36,add_to_cart,10/28/2025 12:06
93,8,search,10/28/2025 13:40
93,36,view,10/28/2025 16:01
93,2,purchase,10/28/2025 16:58
93,3,update_quantity,10/28/2025 19:11
93,36,remove_cart,10/28/2025 21:29
93,20,view,10/28/2025 23:01
93,29,add_to_cart,10/29/2025 1:07
94,41,view,02/08/2026 17:10
94,41,click,02/08/2026 18:42
94,41,add_to_cart,02/08/2026 20:49
94,41,update_quantity,02/08/2026 23:21
94,41,view,02/09/2026 0:58
94,41,add_to_cart,02/09/2026 3:31
94,10,view,02/09/2026 3:50
94,41,purchase,02/09/2026 5:43
94,2,search,02/09/2026 6:43
94,41,view,02/09/2026 9:44
94,6,add_to_cart,02/09/2026 11:03
94,41,click,02/09/2026 11:59
94,49,click,02/09/2026 13:27
94,6,view,02/09/2026 15:04
94,6,click,02/09/2026 17:31
94,6,search,02/09/2026 20:12
94,6,view,02/09/2026 21:01
94,6,update_quantity,02/09/2026 21:28
94,6,view,02/09/2026 23:37
94,48,click,02/10/2026 2:04
94,41,rate,02/10/2026 3:31
94,6,add_to_cart,02/10/2026 4:17
94,41,click,02/10/2026 6:18
94,6,view,02/10/2026 8:40
94,40,search,02/10/2026 11:05
94,6,update_quantity,02/10/2026 11:40
94,6,add_to_cart,02/10/2026 12:14
94,50,search,02/10/2026 14:20
94,6,view,02/10/2026 16:35
94,40,view,02/10/2026 18:52
94,40,view,02/10/2026 20:06
94,40,view,02/10/2026 21:57
94,48,search,02/10/2026 23:58
94,6,purchase,02/11/2026 2:41
94,23,search,02/11/2026 4:50
94,40,add_to_cart,02/11/2026 5:16
94,34,add_to_cart,02/11/2026 6:51
94,3,click,02/11/2026 8:07
94,29,click,02/11/2026 8:47
94,34,purchase,02/11/2026 10:43
94,34,view,02/11/2026 11:52
94,40,search,02/11/2026 12:08
94,34,click,02/11/2026 12:49
94,3,view,02/11/2026 14:32
94,11,search,02/11/2026 16:57
94,47,search,02/11/2026 18:23
94,40,remove_cart,02/11/2026 20:55
94,5,view,02/11/2026 23:14
94,5,add_to_cart,02/12/2026 2:08
94,5,remove_cart,02/12/2026 2:55
94,29,search,02/12/2026 3:17
94,16,view,02/12/2026 5:39
94,40,add_to_cart,02/12/2026 6:19
94,23,search,02/12/2026 6:50
94,40,remove_cart,02/12/2026 8:09
94,33,view,02/12/2026 8:26
94,42,view,02/12/2026 10:08
94,14,view,02/12/2026 13:04
94,16,view,02/12/2026 14:22
94,16,view,02/12/2026 15:58
94,23,view,02/12/2026 17:49
94,17,view,02/12/2026 19:36
94,19,view,02/12/2026 20:56
94,20,search,02/12/2026 22:02
94,19,click,02/12/2026 22:44
94,16,click,02/13/2026 0:21
94,20,view,02/13/2026 1:11
94,34,rate,02/13/2026 3:12
94,34,view,02/13/2026 5:34
94,4,click,02/13/2026 5:56
94,7,search,02/13/2026 7:37
95,35,view,01/21/2026 5:10
95,39,view,01/21/2026 5:48
95,22,click,01/21/2026 7:07
95,46,add_to_cart,01/21/2026 8:53
95,39,click,01/21/2026 9:51
95,4,search,01/21/2026 11:05
95,4,view,01/21/2026 12:22
95,39,click,01/21/2026 13:18
95,46,purchase,01/21/2026 14:02
95,39,view,01/21/2026 15:17
95,25,view,01/21/2026 15:58
95,42,click,01/21/2026 17:39
95,25,view,01/21/2026 19:57
95,46,rate,01/21/2026 21:45
95,17,search,01/21/2026 23:50
95,39,add_to_cart,01/22/2026 1:17
95,7,click,01/22/2026 3:09
95,39,purchase,01/22/2026 4:40
95,45,view,01/22/2026 4:56
95,7,view,01/22/2026 7:32
95,39,view,01/22/2026 9:42
95,39,rate,01/22/2026 11:06
95,39,click,01/22/2026 11:34
95,39,add_to_cart,01/22/2026 12:19
95,27,add_to_cart,01/22/2026 12:48
95,39,add_to_cart,01/22/2026 15:34
95,3,search,01/22/2026 17:02
95,42,add_to_cart,01/22/2026 17:04
95,39,view,01/22/2026 19:29
95,13,search,01/22/2026 20:28
95,5,click,01/22/2026 22:02
95,39,view,01/23/2026 1:00
95,39,purchase,01/23/2026 1:20
95,39,view,01/23/2026 2:48
95,39,view,01/23/2026 4:33
95,39,click,01/23/2026 5:59
95,12,add_to_cart,01/23/2026 7:32
95,39,view,01/23/2026 9:20
95,26,search,01/23/2026 9:35
95,25,view,01/23/2026 11:32
95,30,search,01/23/2026 14:23
95,39,view,01/23/2026 16:03
95,21,click,01/23/2026 18:31
95,18,search,01/23/2026 19:39
95,30,view,01/23/2026 20:10
95,18,click,01/23/2026 20:30
95,21,click,01/23/2026 22:19
96,34,click,01/30/2026 14:57
96,34,view,01/30/2026 16:47
96,34,add_to_cart,01/30/2026 17:34
96,34,remove_cart,01/30/2026 18:02
96,34,view,01/30/2026 20:02
96,27,view,01/30/2026 22:39
96,18,click,01/31/2026 0:31
96,34,view,01/31/2026 1:55
96,34,click,01/31/2026 1:58
96,7,search,01/31/2026 4:35
96,28,add_to_cart,01/31/2026 6:28
96,28,remove_cart,01/31/2026 7:34
96,34,click,01/31/2026 8:05
96,3,add_to_cart,01/31/2026 9:52
96,40,view,01/31/2026 11:31
96,28,add_to_cart,01/31/2026 13:59
96,49,view,01/31/2026 15:12
96,49,view,01/31/2026 15:52
96,49,add_to_cart,01/31/2026 16:52
96,28,purchase,01/31/2026 17:47
96,3,purchase,01/31/2026 19:56
96,28,rate,01/31/2026 22:56
96,50,search,01/31/2026 23:04
96,28,view,02/01/2026 0:42
96,49,add_to_cart,02/01/2026 3:42
96,35,click,02/01/2026 6:37
96,43,click,02/01/2026 9:24
96,3,view,02/01/2026 11:12
96,35,add_to_cart,02/01/2026 14:01
96,49,update_quantity,02/01/2026 14:52
96,43,view,02/01/2026 15:29
96,35,view,02/01/2026 18:04
96,43,view,02/01/2026 20:24
96,35,add_to_cart,02/01/2026 22:10
96,35,purchase,02/02/2026 0:41
96,35,click,02/02/2026 1:17
96,4,add_to_cart,02/02/2026 3:55
96,35,view,02/02/2026 5:45
96,48,click,02/02/2026 7:39
96,42,add_to_cart,02/02/2026 10:12
96,35,view,02/02/2026 11:07
96,41,view,02/02/2026 11:31
96,35,add_to_cart,02/02/2026 13:22
96,47,click,02/02/2026 15:15
96,40,view,02/02/2026 16:06
96,47,search,02/02/2026 18:36
96,32,search,02/02/2026 19:37
96,31,search,02/02/2026 20:53
96,41,click,02/02/2026 20:58
96,46,search,02/02/2026 23:11
96,19,add_to_cart,02/03/2026 2:02
96,39,view,02/03/2026 3:35
96,43,add_to_cart,02/03/2026 5:31
96,19,remove_cart,02/03/2026 8:05
96,39,click,02/03/2026 9:29
96,46,click,02/03/2026 11:52
96,35,purchase,02/03/2026 12:10
96,35,view,02/03/2026 12:51
96,7,add_to_cart,02/03/2026 13:14
96,4,search,02/03/2026 14:22
96,35,click,02/03/2026 15:38
96,7,click,02/03/2026 16:02
96,39,view,02/03/2026 16:48
96,7,purchase,02/03/2026 16:58
96,7,add_to_cart,02/03/2026 19:32
96,39,click,02/03/2026 21:50
97,4,view,01/17/2026 15:55
97,4,click,01/17/2026 16:22
97,44,view,01/17/2026 17:33
97,22,add_to_cart,01/17/2026 19:05
97,20,search,01/17/2026 21:26
97,4,view,01/17/2026 21:40
97,48,click,01/18/2026 0:30
97,22,view,01/18/2026 2:39
97,45,view,01/18/2026 3:29
97,48,click,01/18/2026 3:40
97,48,view,01/18/2026 4:02
97,20,view,01/18/2026 5:30
97,22,remove_cart,01/18/2026 6:05
97,48,search,01/18/2026 6:48
97,45,click,01/18/2026 9:28
97,9,search,01/18/2026 11:39
97,48,search,01/18/2026 14:12
97,20,search,01/18/2026 14:42
97,4,search,01/18/2026 15:32
97,44,search,01/18/2026 16:24
97,3,search,01/18/2026 17:53
97,29,search,01/18/2026 20:44
97,45,view,01/18/2026 22:50
97,20,view,01/19/2026 1:16
97,1,click,01/19/2026 4:14
97,49,add_to_cart,01/19/2026 7:03
97,15,search,01/19/2026 7:45
97,24,view,01/19/2026 10:27
97,24,add_to_cart,01/19/2026 10:36
97,13,search,01/19/2026 12:38
97,3,click,01/19/2026 13:45
97,2,add_to_cart,01/19/2026 16:30
97,3,click,01/19/2026 17:52
97,44,view,01/19/2026 19:28
97,34,add_to_cart,01/19/2026 21:16
97,49,view,01/19/2026 22:33
98,47,view,12/24/2025 10:06
98,30,view,12/24/2025 11:03
98,20,add_to_cart,12/24/2025 13:00
98,47,click,12/24/2025 15:44
98,27,search,12/24/2025 16:34
98,47,add_to_cart,12/24/2025 19:14
98,47,view,12/24/2025 21:17
98,7,view,12/24/2025 22:42
98,15,search,12/25/2025 0:25
98,47,click,12/25/2025 2:57
98,20,view,12/25/2025 5:12
98,39,view,12/25/2025 5:58
98,47,purchase,12/25/2025 7:01
98,46,view,12/25/2025 7:36
98,39,view,12/25/2025 7:55
98,47,click,12/25/2025 8:56
98,39,click,12/25/2025 10:04
98,44,search,12/25/2025 11:49
98,44,click,12/25/2025 14:30
98,44,click,12/25/2025 16:39
98,8,click,12/25/2025 18:28
98,10,search,12/25/2025 18:34
98,44,click,12/25/2025 20:19
98,16,view,12/25/2025 21:04
98,7,click,12/25/2025 22:44
98,49,search,12/26/2025 0:24
98,8,view,12/26/2025 1:40
98,8,view,12/26/2025 3:00
98,44,search,12/26/2025 5:47
98,20,update_quantity,12/26/2025 7:55
98,11,search,12/26/2025 8:00
98,1,view,12/26/2025 8:59
98,35,search,12/26/2025 10:32
98,8,view,12/26/2025 12:57
98,20,remove_cart,12/26/2025 13:42
98,35,view,12/26/2025 15:17
98,25,search,12/26/2025 16:22
98,47,rate,12/26/2025 17:39
98,36,view,12/26/2025 19:39
98,20,view,12/26/2025 20:54
98,37,click,12/26/2025 21:58
98,25,add_to_cart,12/26/2025 23:39
98,36,view,12/27/2025 0:40
98,16,click,12/27/2025 2:09
98,50,view,12/27/2025 2:29
98,20,click,12/27/2025 3:54
98,36,add_to_cart,12/27/2025 6:36
98,17,view,12/27/2025 9:18
98,36,add_to_cart,12/27/2025 12:14
98,25,purchase,12/27/2025 14:04
98,36,view,12/27/2025 14:17
98,10,search,12/27/2025 14:56
98,36,view,12/27/2025 17:56
98,10,search,12/27/2025 20:48
98,25,view,12/27/2025 22:10
98,36,view,12/27/2025 23:49
98,50,view,12/28/2025 0:38
98,14,view,12/28/2025 1:26
98,10,view,12/28/2025 3:52
98,39,search,12/28/2025 5:53
98,28,view,12/28/2025 8:48
98,22,search,12/28/2025 9:42
98,25,view,12/28/2025 12:38
98,36,purchase,12/28/2025 12:42
98,33,view,12/28/2025 14:42
98,33,click,12/28/2025 16:14
98,19,search,12/28/2025 18:22
98,19,click,12/28/2025 21:22
98,42,view,12/28/2025 23:11
98,19,click,12/29/2025 0:20
98,37,view,12/29/2025 2:04
98,4,add_to_cart,12/29/2025 4:43
98,42,view,12/29/2025 7:19
98,23,click,12/29/2025 9:35
98,19,search,12/29/2025 10:53
98,48,view,12/29/2025 13:01
98,4,update_quantity,12/29/2025 15:24
98,36,rate,12/29/2025 16:51
99,33,click,03/07/2026 6:33
99,8,search,03/07/2026 6:43
99,33,view,03/07/2026 8:07
99,49,search,03/07/2026 11:06
99,33,view,03/07/2026 12:24
99,33,view,03/07/2026 14:15
99,33,click,03/07/2026 14:58
99,33,view,03/07/2026 15:32
99,34,search,03/07/2026 18:02
99,8,view,03/07/2026 20:19
99,33,view,03/07/2026 20:59
99,33,add_to_cart,03/07/2026 23:33
99,18,search,03/08/2026 0:51
99,30,search,03/08/2026 0:55
99,44,click,03/08/2026 3:29
99,14,search,03/08/2026 4:26
99,18,view,03/08/2026 6:13
99,22,click,03/08/2026 7:39
99,18,view,03/08/2026 10:00
99,18,search,03/08/2026 10:26
99,26,view,03/08/2026 11:04
99,26,add_to_cart,03/08/2026 12:15
99,18,add_to_cart,03/08/2026 14:20
99,27,add_to_cart,03/08/2026 15:49
99,18,purchase,03/08/2026 16:39
99,33,add_to_cart,03/08/2026 19:26
99,27,click,03/08/2026 22:01
99,27,update_quantity,03/08/2026 23:07
99,36,search,03/09/2026 1:31
99,46,view,03/09/2026 4:08
99,23,search,03/09/2026 4:52
99,36,view,03/09/2026 5:40
99,16,click,03/09/2026 6:28
99,31,view,03/09/2026 8:07
99,20,search,03/09/2026 8:26
99,31,click,03/09/2026 8:31
99,31,add_to_cart,03/09/2026 9:49
99,16,add_to_cart,03/09/2026 11:20
99,16,view,03/09/2026 14:06
99,46,click,03/09/2026 16:20
99,26,update_quantity,03/09/2026 19:02
99,39,view,03/09/2026 19:32
99,7,search,03/09/2026 22:33
99,31,view,03/09/2026 23:38
99,31,view,03/10/2026 1:27
99,33,purchase,03/10/2026 1:32
99,21,view,03/10/2026 3:29
99,21,click,03/10/2026 6:08
99,3,view,03/10/2026 8:48
99,36,click,03/10/2026 10:03
99,31,click,03/10/2026 12:22
99,3,view,03/10/2026 13:43
99,21,add_to_cart,03/10/2026 16:35
99,21,purchase,03/10/2026 18:44
99,39,view,03/10/2026 19:28
99,16,purchase,03/10/2026 22:02
99,36,click,03/11/2026 0:27
99,21,add_to_cart,03/11/2026 2:39
99,31,purchase,03/11/2026 4:24
99,32,search,03/11/2026 5:21
99,3,add_to_cart,03/11/2026 7:33
99,23,view,03/11/2026 9:10
99,36,add_to_cart,03/11/2026 10:13
99,36,update_quantity,03/11/2026 11:10
99,27,purchase,03/11/2026 12:19
99,32,view,03/11/2026 14:24
99,21,purchase,03/11/2026 15:09
99,27,rate,03/11/2026 16:16
99,27,add_to_cart,03/11/2026 16:53
99,32,click,03/11/2026 19:21
99,35,view,03/11/2026 20:46
99,3,purchase,03/11/2026 22:58
99,6,view,03/12/2026 1:26
100,22,click,01/02/2026 4:21
100,22,view,01/02/2026 7:04
100,4,add_to_cart,01/02/2026 10:01
100,4,view,01/02/2026 12:05
100,26,view,01/02/2026 12:53
100,22,click,01/02/2026 13:03
100,4,add_to_cart,01/02/2026 13:32
100,4,add_to_cart,01/02/2026 13:46
100,22,click,01/02/2026 16:46
100,22,view,01/02/2026 18:02
100,5,click,01/02/2026 19:11
100,4,update_quantity,01/02/2026 22:01
100,10,add_to_cart,01/02/2026 23:47
100,35,search,01/03/2026 0:57
100,35,view,01/03/2026 3:38
100,4,click,01/03/2026 5:51
100,4,update_quantity,01/03/2026 7:26
100,4,view,01/03/2026 7:57
100,10,click,01/03/2026 9:19
100,32,search,01/03/2026 9:30
100,10,search,01/03/2026 10:16
100,10,purchase,01/03/2026 10:57
100,4,click,01/03/2026 11:15
100,32,view,01/03/2026 12:18
100,26,view,01/03/2026 13:37
100,10,click,01/03/2026 14:58
100,10,rate,01/03/2026 17:27
100,10,click,01/03/2026 17:47
100,20,add_to_cart,01/03/2026 19:50
100,20,purchase,01/03/2026 20:46
100,46,click,01/03/2026 23:31
100,39,view,01/04/2026 0:49
100,10,click,01/04/2026 3:04
100,1,view,01/04/2026 6:05
100,4,remove_cart,01/04/2026 6:54
100,39,view,01/04/2026 8:46
100,20,click,01/04/2026 10:33
100,39,click,01/04/2026 13:27
100,29,view,01/04/2026 13:37
100,4,add_to_cart,01/04/2026 14:31
100,17,view,01/04/2026 15:02
100,4,update_quantity,01/04/2026 16:28
100,36,search,01/04/2026 17:08
100,4,update_quantity,01/04/2026 19:41
100,11,search,01/04/2026 22:29
100,29,view,01/05/2026 0:21
100,36,view,01/05/2026 2:25
100,17,click,01/05/2026 4:12
100,17,view,01/05/2026 5:23
100,5,view,01/05/2026 8:19
100,40,add_to_cart,01/05/2026 8:37
100,23,view,01/05/2026 8:59
100,17,click,01/05/2026 11:28
100,22,add_to_cart,01/05/2026 14:03
100,22,update_quantity,01/05/2026 14:47
100,5,view,01/05/2026 15:02
100,22,view,01/05/2026 15:18
100,5,view,01/05/2026 17:17
100,5,view,01/05/2026 17:34
100,25,click,01/05/2026 20:35
100,1,click,01/05/2026 20:54
100,5,add_to_cart,01/05/2026 21:29
100,5,view,01/05/2026 23:18
100,5,view,01/06/2026 1:40
100,4,remove_cart,01/06/2026 4:12
100,4,search,01/06/2026 5:10
100,40,remove_cart,01/06/2026 5:42
100,22,remove_cart,01/06/2026 8:37
100,5,click,01/06/2026 10:57
100,5,purchase,01/06/2026 13:24
100,20,view,01/06/2026 13:40
100,5,click,01/06/2026 14:01
100,1,add_to_cart,01/06/2026 15:07
100,3,search,01/06/2026 16:25
100,1,view,01/06/2026 17:09
100,1,update_quantity,01/06/2026 17:19
101,26,add_to_cart,11/22/2025 20:07
101,26,add_to_cart,11/22/2025 21:05
101,31,search,11/22/2025 23:12
101,9,search,11/23/2025 2:01
101,31,add_to_cart,11/23/2025 2:18
101,45,view,11/23/2025 4:12
101,26,purchase,11/23/2025 4:55
101,26,rate,11/23/2025 6:35
101,20,search,11/23/2025 7:40
101,20,add_to_cart,11/23/2025 10:37
101,31,click,11/23/2025 12:25
101,31,view,11/23/2025 13:34
101,40,search,11/23/2025 13:39
101,15,add_to_cart,11/23/2025 14:36
101,31,purchase,11/23/2025 16:16
101,26,click,11/23/2025 16:30
101,31,click,11/23/2025 18:10
101,4,search,11/23/2025 20:25
101,26,click,11/23/2025 21:49
101,31,rate,11/23/2025 22:10
101,6,view,11/23/2025 22:44
101,20,purchase,11/23/2025 23:50
101,15,remove_cart,11/24/2025 2:05
101,35,add_to_cart,11/24/2025 4:53
101,49,view,11/24/2025 5:59
101,15,click,11/24/2025 8:48
101,19,view,11/24/2025 9:26
101,6,search,11/24/2025 12:04
101,15,view,11/24/2025 13:00
101,6,add_to_cart,11/24/2025 13:56
101,43,search,11/24/2025 16:55
101,15,add_to_cart,11/24/2025 19:53
101,15,remove_cart,11/24/2025 22:47
101,6,view,11/24/2025 23:09
101,6,add_to_cart,11/25/2025 0:26
101,15,view,11/25/2025 1:49
101,15,view,11/25/2025 3:54
101,6,add_to_cart,11/25/2025 4:32
101,26,search,11/25/2025 7:04
102,29,search,10/24/2025 2:10
102,29,view,10/24/2025 3:36
102,29,click,10/24/2025 5:18
102,20,view,10/24/2025 8:17
102,20,add_to_cart,10/24/2025 9:09
102,40,search,10/24/2025 9:43
102,40,view,10/24/2025 12:11
102,40,view,10/24/2025 12:17
102,20,purchase,10/24/2025 13:29
102,20,rate,10/24/2025 15:06
102,12,search,10/24/2025 16:11
102,10,click,10/24/2025 19:00
102,20,click,10/24/2025 21:01
102,38,view,10/24/2025 21:37
102,20,click,10/24/2025 23:21
102,20,view,10/24/2025 23:52
102,20,click,10/25/2025 0:13
102,20,view,10/25/2025 2:59
102,12,view,10/25/2025 4:55
102,20,view,10/25/2025 7:06
102,20,view,10/25/2025 9:11
102,11,search,10/25/2025 11:11
102,12,view,10/25/2025 13:43
102,12,click,10/25/2025 16:40
102,37,view,10/25/2025 16:43
102,20,click,10/25/2025 19:38
102,4,search,10/25/2025 22:34
102,4,view,10/25/2025 23:26
102,37,click,10/26/2025 1:31
102,4,view,10/26/2025 3:08
102,37,view,10/26/2025 4:37
102,28,click,10/26/2025 5:48
102,28,add_to_cart,10/26/2025 7:43
102,28,remove_cart,10/26/2025 8:41
102,37,click,10/26/2025 10:06
102,37,add_to_cart,10/26/2025 12:17
102,5,view,10/26/2025 12:26
102,15,search,10/26/2025 14:06
102,37,add_to_cart,10/26/2025 16:57
102,28,click,10/26/2025 18:44
102,37,click,10/26/2025 20:45
102,37,view,10/26/2025 21:46
102,37,add_to_cart,10/26/2025 23:03
102,41,search,10/26/2025 23:33
102,37,purchase,10/27/2025 1:14
102,37,view,10/27/2025 2:14
102,37,rate,10/27/2025 2:19
102,5,search,10/27/2025 4:17
102,37,view,10/27/2025 6:51
102,13,add_to_cart,10/27/2025 9:49
102,13,purchase,10/27/2025 12:43
102,6,click,10/27/2025 14:03
102,42,click,10/27/2025 15:15
102,6,view,10/27/2025 17:00
102,13,view,10/27/2025 19:08
102,13,rate,10/27/2025 20:19
102,13,view,10/27/2025 22:54
102,6,click,10/28/2025 0:08
102,8,search,10/28/2025 1:07
102,38,click,10/28/2025 2:16
103,40,view,02/25/2026 5:26
103,40,add_to_cart,02/25/2026 6:11
103,21,search,02/25/2026 8:53
103,6,view,02/25/2026 9:52
103,28,add_to_cart,02/25/2026 11:18
103,41,search,02/25/2026 13:19
103,28,view,02/25/2026 14:33
103,22,search,02/25/2026 17:27
103,42,add_to_cart,02/25/2026 17:47
103,6,click,02/25/2026 20:11
103,6,view,02/25/2026 22:55
103,47,add_to_cart,02/26/2026 0:15
103,44,search,02/26/2026 1:57
103,47,view,02/26/2026 3:55
103,47,purchase,02/26/2026 4:48
103,6,search,02/26/2026 6:59
103,6,add_to_cart,02/26/2026 8:11
103,6,view,02/26/2026 9:48
103,31,view,02/26/2026 11:32
103,44,click,02/26/2026 12:02
103,42,search,02/26/2026 13:17
103,6,view,02/26/2026 15:45
103,40,update_quantity,02/26/2026 16:27
103,36,search,02/26/2026 18:43
103,28,remove_cart,02/26/2026 19:10
103,47,rate,02/26/2026 21:38
103,31,add_to_cart,02/27/2026 0:32
103,40,purchase,02/27/2026 3:08
103,10,search,02/27/2026 6:04
103,25,click,02/27/2026 7:59
103,6,purchase,02/27/2026 8:14
103,31,purchase,02/27/2026 11:13
103,20,search,02/27/2026 11:58
103,19,click,02/27/2026 14:18
103,31,click,02/27/2026 16:10
103,42,update_quantity,02/27/2026 16:25
103,12,search,02/27/2026 19:16
103,6,click,02/27/2026 22:04
104,5,view,01/04/2026 9:03
104,5,view,01/04/2026 11:39
104,27,add_to_cart,01/04/2026 11:45
104,27,update_quantity,01/04/2026 12:34
104,3,search,01/04/2026 12:41
104,45,add_to_cart,01/04/2026 13:06
104,27,remove_cart,01/04/2026 15:38
104,5,add_to_cart,01/04/2026 16:46
104,27,view,01/04/2026 16:58
104,45,purchase,01/04/2026 17:33
104,24,search,01/04/2026 18:49
104,27,add_to_cart,01/04/2026 20:03
104,5,click,01/04/2026 21:05
104,5,search,01/04/2026 21:52
104,11,view,01/05/2026 0:34
104,27,update_quantity,01/05/2026 3:32
104,27,click,01/05/2026 4:51
104,24,view,01/05/2026 5:49
104,23,add_to_cart,01/05/2026 7:58
104,28,search,01/05/2026 10:41
104,27,view,01/05/2026 12:38
104,11,click,01/05/2026 12:47
104,15,view,01/05/2026 15:47
104,27,add_to_cart,01/05/2026 18:46
104,6,click,01/05/2026 20:05
104,10,search,01/05/2026 22:51
104,23,remove_cart,01/06/2026 0:07
104,38,view,01/06/2026 2:06
104,27,update_quantity,01/06/2026 2:27
104,15,view,01/06/2026 4:46
104,5,update_quantity,01/06/2026 5:20
104,5,remove_cart,01/06/2026 7:32
104,2,add_to_cart,01/06/2026 10:15
104,38,add_to_cart,01/06/2026 10:26
104,15,click,01/06/2026 12:40
104,2,update_quantity,01/06/2026 15:23
104,27,purchase,01/06/2026 18:19
104,38,remove_cart,01/06/2026 19:07
104,41,search,01/06/2026 19:49
104,2,update_quantity,01/06/2026 22:10
104,27,rate,01/07/2026 0:46
104,2,view,01/07/2026 1:59
104,2,click,01/07/2026 3:15
104,27,view,01/07/2026 3:35
104,2,click,01/07/2026 4:15
105,34,view,01/20/2026 10:57
105,34,click,01/20/2026 12:04
105,34,click,01/20/2026 14:04
105,31,click,01/20/2026 16:51
105,34,view,01/20/2026 19:29
105,26,click,01/20/2026 22:30
105,37,view,01/20/2026 22:46
105,24,click,01/20/2026 23:04
105,4,add_to_cart,01/20/2026 23:29
105,4,update_quantity,01/21/2026 2:13
105,17,view,01/21/2026 2:21
105,4,add_to_cart,01/21/2026 3:52
105,28,add_to_cart,01/21/2026 5:58
105,26,view,01/21/2026 8:39
105,28,purchase,01/21/2026 10:53
105,35,add_to_cart,01/21/2026 12:10
105,20,view,01/21/2026 14:25
105,35,update_quantity,01/21/2026 15:57
105,35,click,01/21/2026 16:23
105,28,view,01/21/2026 18:58
105,24,search,01/21/2026 20:24
105,35,view,01/21/2026 23:23
105,26,add_to_cart,01/21/2026 23:40
105,20,click,01/22/2026 1:55
105,22,search,01/22/2026 3:37
105,15,add_to_cart,01/22/2026 4:50
105,35,add_to_cart,01/22/2026 6:35
105,15,view,01/22/2026 7:28
105,22,click,01/22/2026 9:40
105,7,search,01/22/2026 10:23
105,8,search,01/22/2026 13:18
105,12,search,01/22/2026 13:25
105,25,view,01/22/2026 14:46
105,8,click,01/22/2026 15:01
105,34,click,01/22/2026 15:15
105,26,purchase,01/22/2026 16:40
105,5,search,01/22/2026 18:04
105,29,click,01/22/2026 18:34
105,23,search,01/22/2026 21:18
105,29,view,01/22/2026 22:08
105,45,view,01/22/2026 23:43
105,15,remove_cart,01/23/2026 1:43
105,30,view,01/23/2026 2:37
105,26,rate,01/23/2026 3:31
105,1,search,01/23/2026 5:46
105,4,update_quantity,01/23/2026 7:28
105,15,view,01/23/2026 10:20
105,1,view,01/23/2026 12:27
105,1,add_to_cart,01/23/2026 14:50
106,23,view,12/21/2025 14:40
106,8,click,12/21/2025 15:24
106,8,view,12/21/2025 18:20
106,23,view,12/21/2025 20:16
106,23,view,12/21/2025 20:39
106,8,click,12/21/2025 21:30
106,8,view,12/21/2025 23:22
106,8,view,12/22/2025 0:03
106,43,click,12/22/2025 1:53
106,19,view,12/22/2025 3:28
106,40,click,12/22/2025 5:58
106,23,view,12/22/2025 8:17
106,50,click,12/22/2025 10:18
106,29,search,12/22/2025 12:10
106,9,search,12/22/2025 12:56
106,8,view,12/22/2025 15:12
106,5,search,12/22/2025 16:38
106,29,view,12/22/2025 18:02
106,5,add_to_cart,12/22/2025 21:02
106,5,update_quantity,12/22/2025 22:50
106,5,purchase,12/22/2025 23:45
106,9,click,12/22/2025 23:50
106,21,search,12/23/2025 1:28
106,29,click,12/23/2025 1:44
106,23,search,12/23/2025 4:45
106,29,view,12/23/2025 6:02
106,35,search,12/23/2025 9:00
106,5,view,12/23/2025 11:47
106,5,add_to_cart,12/23/2025 12:59
106,5,remove_cart,12/23/2025 15:32
106,23,click,12/23/2025 18:04
106,5,click,12/23/2025 18:20
106,5,add_to_cart,12/23/2025 19:41
106,36,search,12/23/2025 21:13
106,5,rate,12/23/2025 22:49
106,5,add_to_cart,12/23/2025 23:58
106,12,click,12/24/2025 1:24
106,49,click,12/24/2025 2:35
106,5,click,12/24/2025 3:43
106,31,click,12/24/2025 6:10
106,14,search,12/24/2025 8:05
106,21,add_to_cart,12/24/2025 9:50
106,12,view,12/24/2025 12:01
106,45,search,12/24/2025 12:38
106,43,search,12/24/2025 15:10
106,14,view,12/24/2025 16:55
106,31,add_to_cart,12/24/2025 19:47
106,30,search,12/24/2025 19:53
106,37,search,12/24/2025 21:41
106,45,view,12/24/2025 23:58
106,12,search,12/25/2025 1:11
106,31,update_quantity,12/25/2025 2:57
106,3,click,12/25/2025 3:44
106,14,view,12/25/2025 4:03
106,5,remove_cart,12/25/2025 5:09
107,13,search,11/03/2025 1:26
107,50,search,11/03/2025 3:44
107,13,view,11/03/2025 6:09
107,13,add_to_cart,11/03/2025 6:34
107,13,purchase,11/03/2025 7:54
107,13,view,11/03/2025 9:20
107,13,click,11/03/2025 11:58
107,13,click,11/03/2025 12:21
107,50,add_to_cart,11/03/2025 14:22
107,50,update_quantity,11/03/2025 16:37
107,13,view,11/03/2025 17:01
107,50,purchase,11/03/2025 18:49
107,13,rate,11/03/2025 19:19
107,13,add_to_cart,11/03/2025 21:03
107,14,search,11/03/2025 21:45
107,36,add_to_cart,11/03/2025 23:49
107,50,view,11/04/2025 2:43
107,36,click,11/04/2025 2:51
107,50,click,11/04/2025 5:09
107,32,click,11/04/2025 7:35
107,16,search,11/04/2025 9:31
107,36,update_quantity,11/04/2025 11:20
107,37,click,11/04/2025 12:14
107,50,view,11/04/2025 13:32
107,36,view,11/04/2025 14:19
107,37,click,11/04/2025 15:22
107,2,view,11/04/2025 15:52
107,8,click,11/04/2025 18:28
107,26,view,11/04/2025 19:27
107,47,search,11/04/2025 21:35
107,36,purchase,11/04/2025 23:56
107,29,search,11/05/2025 0:10
107,26,view,11/05/2025 1:56
107,37,click,11/05/2025 3:10
107,25,search,11/05/2025 4:12
107,26,view,11/05/2025 6:51
107,49,search,11/05/2025 9:38
107,29,view,11/05/2025 9:49
107,26,add_to_cart,11/05/2025 10:23
107,1,click,11/05/2025 11:30
107,46,add_to_cart,11/05/2025 12:59
107,21,search,11/05/2025 15:46
107,26,click,11/05/2025 16:31
107,1,view,11/05/2025 16:48
107,18,search,11/05/2025 17:02
107,1,view,11/05/2025 18:07
107,21,click,11/05/2025 20:45
107,46,purchase,11/05/2025 21:37
107,6,add_to_cart,11/06/2025 0:36
107,50,rate,11/06/2025 1:23
107,1,click,11/06/2025 2:58
107,1,view,11/06/2025 5:04
107,1,view,11/06/2025 5:10
107,14,add_to_cart,11/06/2025 7:24
107,1,click,11/06/2025 8:33
107,14,view,11/06/2025 8:52
107,13,purchase,11/06/2025 9:21
107,13,view,11/06/2025 10:34
108,25,click,02/07/2026 6:02
108,15,search,02/07/2026 6:48
108,15,search,02/07/2026 9:19
108,15,view,02/07/2026 10:18
108,15,click,02/07/2026 10:48
108,15,click,02/07/2026 11:43
108,31,add_to_cart,02/07/2026 12:02
108,18,search,02/07/2026 13:55
108,23,search,02/07/2026 14:15
108,47,view,02/07/2026 15:03
108,3,view,02/07/2026 17:02
108,31,remove_cart,02/07/2026 18:17
108,8,add_to_cart,02/07/2026 21:09
108,8,remove_cart,02/07/2026 23:44
108,18,view,02/08/2026 2:15
108,8,click,02/08/2026 2:21
108,46,click,02/08/2026 4:13
108,8,add_to_cart,02/08/2026 6:50
108,34,search,02/08/2026 9:41
108,8,view,02/08/2026 11:11
108,8,click,02/08/2026 12:55
108,41,click,02/08/2026 15:29
108,41,view,02/08/2026 16:36
108,41,add_to_cart,02/08/2026 18:41
108,14,view,02/08/2026 19:50
108,8,update_quantity,02/08/2026 19:59
108,8,add_to_cart,02/08/2026 21:27
108,49,view,02/08/2026 22:16
108,41,purchase,02/09/2026 0:51
108,41,rate,02/09/2026 0:53
108,8,remove_cart,02/09/2026 1:37
108,34,search,02/09/2026 4:03
108,34,search,02/09/2026 5:00
108,16,search,02/09/2026 7:19
108,40,view,02/09/2026 8:14
109,13,search,12/29/2025 20:47
109,13,view,12/29/2025 22:48
109,23,click,12/30/2025 0:27
109,9,view,12/30/2025 2:59
109,13,view,12/30/2025 3:13
109,32,click,12/30/2025 4:01
109,13,click,12/30/2025 6:52
109,32,click,12/30/2025 7:49
109,46,search,12/30/2025 9:44
109,13,click,12/30/2025 12:27
109,32,view,12/30/2025 15:21
109,41,search,12/30/2025 16:56
109,49,view,12/30/2025 17:37
109,32,click,12/30/2025 20:26
109,25,click,12/30/2025 22:29
109,45,click,12/30/2025 23:11
109,20,search,12/31/2025 0:42
109,20,view,12/31/2025 1:44
109,21,add_to_cart,12/31/2025 2:12
109,20,view,12/31/2025 2:51
109,20,view,12/31/2025 5:21
109,21,remove_cart,12/31/2025 8:00
109,25,view,12/31/2025 10:35
109,16,search,12/31/2025 12:48
109,1,search,12/31/2025 14:10
109,10,click,12/31/2025 15:18
109,6,click,12/31/2025 16:35
109,1,click,12/31/2025 17:26
109,10,click,12/31/2025 18:21
109,16,click,12/31/2025 19:26
109,1,view,12/31/2025 21:22
109,10,click,12/31/2025 23:56
109,4,view,01/01/2026 0:50
109,4,search,01/01/2026 2:52
109,34,add_to_cart,01/01/2026 4:07
109,37,add_to_cart,01/01/2026 6:39
109,34,update_quantity,01/01/2026 7:06
109,34,add_to_cart,01/01/2026 9:03
110,10,view,03/05/2026 10:32
110,16,click,03/05/2026 12:40
110,16,click,03/05/2026 15:38
110,22,search,03/05/2026 16:44
110,16,click,03/05/2026 17:27
110,13,view,03/05/2026 17:34
110,16,click,03/05/2026 18:33
110,1,click,03/05/2026 19:47
110,16,view,03/05/2026 20:57
110,49,add_to_cart,03/05/2026 23:38
110,1,add_to_cart,03/06/2026 0:39
110,1,add_to_cart,03/06/2026 1:13
110,49,view,03/06/2026 2:04
110,1,click,03/06/2026 3:10
110,1,update_quantity,03/06/2026 4:30
110,1,add_to_cart,03/06/2026 6:39
110,1,purchase,03/06/2026 7:06
110,1,rate,03/06/2026 7:15
110,49,remove_cart,03/06/2026 8:44
110,5,click,03/06/2026 9:28
110,1,view,03/06/2026 10:36
110,24,click,03/06/2026 11:44
110,44,search,03/06/2026 12:58
110,12,add_to_cart,03/06/2026 13:56
110,5,search,03/06/2026 15:14
110,12,update_quantity,03/06/2026 17:42
110,24,view,03/06/2026 18:07
110,26,click,03/06/2026 20:16
110,12,update_quantity,03/06/2026 20:48
110,24,click,03/06/2026 23:35
110,12,purchase,03/07/2026 0:32
110,24,view,03/07/2026 1:13
110,48,view,03/07/2026 4:07
110,10,click,03/07/2026 5:56
110,18,view,03/07/2026 6:46
110,46,search,03/07/2026 7:33
111,25,search,02/14/2026 14:36
111,32,click,02/14/2026 17:21
111,25,view,02/14/2026 17:53
111,25,add_to_cart,02/14/2026 20:18
111,45,search,02/14/2026 20:44
111,14,view,02/14/2026 22:04
111,25,view,02/14/2026 22:20
111,25,click,02/14/2026 22:26
111,13,search,02/15/2026 0:57
111,25,add_to_cart,02/15/2026 3:14
111,25,view,02/15/2026 3:42
111,25,purchase,02/15/2026 4:39
111,25,view,02/15/2026 6:53
111,25,add_to_cart,02/15/2026 7:30
111,25,view,02/15/2026 8:54
111,37,add_to_cart,02/15/2026 10:19
111,25,remove_cart,02/15/2026 12:56
111,36,search,02/15/2026 14:25
111,25,click,02/15/2026 16:20
111,36,click,02/15/2026 16:44
111,47,view,02/15/2026 19:18
111,37,update_quantity,02/15/2026 20:30
111,11,view,02/15/2026 22:36
111,25,search,02/16/2026 0:15
111,37,update_quantity,02/16/2026 2:44
111,36,add_to_cart,02/16/2026 3:50
111,36,view,02/16/2026 4:59
111,42,search,02/16/2026 6:03
111,37,click,02/16/2026 7:00
111,7,view,02/16/2026 9:23
111,36,view,02/16/2026 9:38
111,49,add_to_cart,02/16/2026 11:25
111,36,remove_cart,02/16/2026 13:49
111,50,search,02/16/2026 14:15
111,49,remove_cart,02/16/2026 14:28
111,10,search,02/16/2026 17:25
111,43,search,02/16/2026 19:52
111,22,view,02/16/2026 21:10
111,37,update_quantity,02/16/2026 22:41
111,43,add_to_cart,02/16/2026 23:20
112,12,view,01/25/2026 21:03
112,12,view,01/25/2026 22:44
112,12,click,01/26/2026 1:24
112,36,view,01/26/2026 2:37
112,18,search,01/26/2026 3:57
112,37,view,01/26/2026 6:54
112,17,click,01/26/2026 8:31
112,44,search,01/26/2026 10:33
112,47,view,01/26/2026 13:18
112,37,click,01/26/2026 15:24
112,19,view,01/26/2026 16:53
112,17,view,01/26/2026 17:08
112,20,search,01/26/2026 19:19
112,20,view,01/26/2026 21:09
112,42,add_to_cart,01/26/2026 21:28
112,37,add_to_cart,01/26/2026 21:41
112,16,click,01/26/2026 22:57
112,37,view,01/27/2026 0:54
112,19,click,01/27/2026 3:20
112,37,view,01/27/2026 5:18
112,37,remove_cart,01/27/2026 5:48
112,39,view,01/27/2026 6:58
112,34,click,01/27/2026 7:32
112,17,click,01/27/2026 8:13
112,42,purchase,01/27/2026 10:39
112,42,rate,01/27/2026 11:04
112,39,click,01/27/2026 11:29
112,17,view,01/27/2026 14:00
112,30,search,01/27/2026 14:15
112,42,view,01/27/2026 15:09
112,32,view,01/27/2026 16:48
112,21,add_to_cart,01/27/2026 17:28
112,21,update_quantity,01/27/2026 19:48
112,42,view,01/27/2026 20:42
112,42,view,01/27/2026 21:31
112,21,purchase,01/27/2026 23:56
112,21,view,01/28/2026 0:48
112,49,search,01/28/2026 3:37
112,49,click,01/28/2026 3:55
112,21,click,01/28/2026 5:44
112,42,view,01/28/2026 7:10
112,21,add_to_cart,01/28/2026 8:49
112,45,add_to_cart,01/28/2026 11:02
112,19,search,01/28/2026 11:44
112,9,click,01/28/2026 14:10
112,25,click,01/28/2026 14:40
112,49,view,01/28/2026 16:16
112,17,view,01/28/2026 18:42
112,17,add_to_cart,01/28/2026 20:20
112,19,click,01/28/2026 22:10
112,9,click,01/29/2026 1:04
112,17,view,01/29/2026 3:08
112,17,click,01/29/2026 5:04
112,17,view,01/29/2026 5:18
112,17,add_to_cart,01/29/2026 7:45
112,14,search,01/29/2026 9:24
112,45,update_quantity,01/29/2026 12:10
112,17,view,01/29/2026 12:40
112,20,click,01/29/2026 14:21
112,49,search,01/29/2026 15:00
112,20,click,01/29/2026 15:16
112,23,search,01/29/2026 15:50
112,45,purchase,01/29/2026 16:58
112,23,click,01/29/2026 17:15
112,45,view,01/29/2026 18:38
112,33,click,01/29/2026 20:18
112,8,add_to_cart,01/29/2026 22:25
112,21,purchase,01/29/2026 22:38
112,17,remove_cart,01/30/2026 0:39
112,38,view,01/30/2026 0:47
112,38,view,01/30/2026 0:54
112,45,click,01/30/2026 2:21
112,6,search,01/30/2026 3:16
112,7,view,01/30/2026 6:05
112,38,view,01/30/2026 8:29
112,26,add_to_cart,01/30/2026 10:47
113,15,view,01/19/2026 13:31
113,15,search,01/19/2026 16:09
113,2,add_to_cart,01/19/2026 17:30
113,2,purchase,01/19/2026 17:57
113,2,rate,01/19/2026 18:21
113,24,search,01/19/2026 19:28
113,15,view,01/19/2026 20:03
113,34,add_to_cart,01/19/2026 20:17
113,34,update_quantity,01/19/2026 23:15
113,31,view,01/20/2026 1:49
113,34,add_to_cart,01/20/2026 2:53
113,2,add_to_cart,01/20/2026 3:42
113,34,add_to_cart,01/20/2026 6:03
113,2,remove_cart,01/20/2026 7:47
113,15,click,01/20/2026 8:26
113,6,click,01/20/2026 8:43
113,2,view,01/20/2026 9:46
113,34,click,01/20/2026 12:30
113,34,purchase,01/20/2026 12:40
113,2,view,01/20/2026 15:38
113,12,view,01/20/2026 18:20
113,38,search,01/20/2026 20:43
113,37,view,01/20/2026 22:10
113,41,search,01/21/2026 0:49
113,47,search,01/21/2026 3:07
113,36,view,01/21/2026 5:52
113,41,view,01/21/2026 6:23
113,43,view,01/21/2026 9:24
113,37,add_to_cart,01/21/2026 11:52
113,35,click,01/21/2026 12:21
113,1,click,01/21/2026 14:52
113,37,purchase,01/21/2026 16:00
113,43,view,01/21/2026 16:42
113,41,add_to_cart,01/21/2026 17:08
113,41,click,01/21/2026 18:51
113,24,search,01/21/2026 19:47
113,37,click,01/21/2026 19:55
113,37,click,01/21/2026 22:54
113,41,view,01/22/2026 1:22
113,39,click,01/22/2026 2:13
113,41,update_quantity,01/22/2026 4:19
113,47,click,01/22/2026 6:51
113,5,view,01/22/2026 7:51
113,41,remove_cart,01/22/2026 10:36
113,37,rate,01/22/2026 12:46
113,35,add_to_cart,01/22/2026 13:51
113,40,add_to_cart,01/22/2026 14:52
113,40,add_to_cart,01/22/2026 16:47
113,35,update_quantity,01/22/2026 17:08
113,4,search,01/22/2026 19:36
113,40,view,01/22/2026 21:42
113,2,view,01/22/2026 21:51
113,34,rate,01/23/2026 0:19
113,2,add_to_cart,01/23/2026 2:20
113,41,click,01/23/2026 2:39
113,4,view,01/23/2026 3:11
113,35,update_quantity,01/23/2026 4:12
113,9,search,01/23/2026 7:05
113,34,click,01/23/2026 8:52
113,34,view,01/23/2026 11:35
113,6,click,01/23/2026 14:35
113,2,remove_cart,01/23/2026 14:56
113,33,search,01/23/2026 15:48
113,13,view,01/23/2026 16:11
113,26,view,01/23/2026 18:46
113,9,add_to_cart,01/23/2026 20:15
113,24,search,01/23/2026 22:41
114,40,click,12/10/2025 7:59
114,40,click,12/10/2025 9:24
114,17,add_to_cart,12/10/2025 12:01
114,40,view,12/10/2025 13:10
114,17,update_quantity,12/10/2025 14:33
114,17,view,12/10/2025 16:20
114,17,click,12/10/2025 17:43
114,11,search,12/10/2025 19:25
114,34,search,12/10/2025 19:47
114,49,search,12/10/2025 20:19
114,24,view,12/10/2025 22:03
114,11,view,12/10/2025 22:58
114,11,search,12/11/2025 1:07
114,24,click,12/11/2025 4:03
114,17,search,12/11/2025 6:11
114,11,view,12/11/2025 6:46
114,28,search,12/11/2025 8:25
114,46,view,12/11/2025 9:51
114,22,click,12/11/2025 11:41
114,17,remove_cart,12/11/2025 11:47
114,11,add_to_cart,12/11/2025 13:21
114,11,add_to_cart,12/11/2025 13:56
114,17,add_to_cart,12/11/2025 15:17
114,43,search,12/11/2025 16:34
114,17,update_quantity,12/11/2025 19:18
114,31,search,12/11/2025 21:26
114,17,click,12/11/2025 23:54
114,11,view,12/12/2025 2:27
114,33,view,12/12/2025 5:04
114,17,view,12/12/2025 6:54
114,33,view,12/12/2025 8:11
114,33,view,12/12/2025 9:20
114,12,search,12/12/2025 9:26
114,27,click,12/12/2025 10:22
114,17,remove_cart,12/12/2025 10:39
114,11,view,12/12/2025 10:53
114,11,update_quantity,12/12/2025 13:14
114,33,view,12/12/2025 14:46
114,27,view,12/12/2025 17:23
114,48,click,12/12/2025 17:34
114,11,purchase,12/12/2025 19:39
114,11,view,12/12/2025 20:03
114,11,view,12/12/2025 22:31
114,11,click,12/13/2025 0:48
114,18,view,12/13/2025 1:47
114,37,search,12/13/2025 3:28
114,37,view,12/13/2025 4:33
114,48,view,12/13/2025 6:53
114,37,click,12/13/2025 9:22
114,11,click,12/13/2025 10:48
114,11,add_to_cart,12/13/2025 11:45
114,9,search,12/13/2025 12:37
114,11,update_quantity,12/13/2025 15:13
114,11,update_quantity,12/13/2025 16:12
114,19,search,12/13/2025 18:39
114,15,view,12/13/2025 20:54
114,15,click,12/13/2025 23:03
114,28,search,12/14/2025 1:26
114,11,rate,12/14/2025 1:44
114,9,view,12/14/2025 4:18
114,11,view,12/14/2025 4:55
114,11,view,12/14/2025 7:43
114,21,search,12/14/2025 10:27
114,11,purchase,12/14/2025 13:13
114,11,click,12/14/2025 14:27
114,6,search,12/14/2025 16:05
114,11,view,12/14/2025 18:57
114,36,view,12/14/2025 20:45
114,21,add_to_cart,12/14/2025 21:09
114,11,click,12/14/2025 21:37
114,10,add_to_cart,12/14/2025 22:19
114,34,view,12/14/2025 23:30
115,10,view,11/09/2025 19:56
115,47,add_to_cart,11/09/2025 21:55
115,1,search,11/09/2025 22:33
115,10,view,11/09/2025 22:41
115,10,view,11/09/2025 23:55
115,42,search,11/10/2025 0:57
115,10,click,11/10/2025 2:34
115,47,view,11/10/2025 3:22
115,38,add_to_cart,11/10/2025 3:47
115,10,add_to_cart,11/10/2025 5:42
115,47,click,11/10/2025 6:33
115,47,click,11/10/2025 7:22
115,21,search,11/10/2025 9:50
115,26,add_to_cart,11/10/2025 10:01
115,10,view,11/10/2025 11:46
115,41,view,11/10/2025 11:57
115,50,click,11/10/2025 12:45
115,38,remove_cart,11/10/2025 15:00
115,47,view,11/10/2025 15:32
115,47,remove_cart,11/10/2025 15:46
115,47,search,11/10/2025 16:15
115,47,view,11/10/2025 19:06
115,10,update_quantity,11/10/2025 19:25
115,10,add_to_cart,11/10/2025 20:26
115,47,view,11/10/2025 21:47
115,26,remove_cart,11/10/2025 23:05
115,10,click,11/11/2025 1:16
115,10,purchase,11/11/2025 2:19
115,3,search,11/11/2025 5:09
115,8,view,11/11/2025 8:02
115,3,view,11/11/2025 9:10
115,3,click,11/11/2025 10:49
115,26,view,11/11/2025 11:38
115,18,search,11/11/2025 11:43
115,26,add_to_cart,11/11/2025 11:56
115,3,view,11/11/2025 14:50
115,3,view,11/11/2025 17:15
115,29,view,11/11/2025 17:22
115,26,search,11/11/2025 18:33
115,49,view,11/11/2025 20:55
115,26,purchase,11/11/2025 21:05
115,26,view,11/11/2025 21:47
115,12,add_to_cart,11/12/2025 0:13
115,3,view,11/12/2025 2:31
115,29,click,11/12/2025 5:17
115,26,view,11/12/2025 7:57
116,50,search,11/01/2025 11:23
116,50,view,11/01/2025 12:55
116,50,view,11/01/2025 14:11
116,6,click,11/01/2025 14:44
116,14,click,11/01/2025 17:35
116,14,search,11/01/2025 20:06
116,2,add_to_cart,11/01/2025 20:52
116,47,search,11/01/2025 21:19
116,11,view,11/01/2025 23:35
116,14,view,11/02/2025 0:32
116,29,click,11/02/2025 2:34
116,6,add_to_cart,11/02/2025 3:14
116,10,search,11/02/2025 5:17
116,2,purchase,11/02/2025 5:25
116,2,view,11/02/2025 6:25
116,5,add_to_cart,11/02/2025 8:18
116,29,view,11/02/2025 8:48
116,6,update_quantity,11/02/2025 11:20
116,10,click,11/02/2025 14:16
116,16,click,11/02/2025 15:14
116,10,view,11/02/2025 16:46
116,5,update_quantity,11/02/2025 19:02
116,5,update_quantity,11/02/2025 19:40
116,29,add_to_cart,11/02/2025 22:20
116,7,view,11/03/2025 0:21
116,7,search,11/03/2025 0:52
116,29,purchase,11/03/2025 2:04
116,10,click,11/03/2025 2:27
116,5,view,11/03/2025 5:02
116,48,add_to_cart,11/03/2025 7:58
116,48,view,11/03/2025 10:19
116,47,click,11/03/2025 11:10
116,29,rate,11/03/2025 11:59
116,29,view,11/03/2025 12:07
116,29,view,11/03/2025 15:07
116,1,view,11/03/2025 17:35
116,37,click,11/03/2025 18:46
116,44,view,11/03/2025 19:03
116,37,add_to_cart,11/03/2025 19:13
116,47,add_to_cart,11/03/2025 22:00
116,47,click,11/04/2025 0:46
116,37,purchase,11/04/2025 3:14
116,2,view,11/04/2025 3:44
116,13,search,11/04/2025 3:53
116,37,view,11/04/2025 4:03
116,18,add_to_cart,11/04/2025 5:55
116,2,click,11/04/2025 6:54
116,47,add_to_cart,11/04/2025 8:42
116,37,rate,11/04/2025 10:41
116,14,search,11/04/2025 11:25
116,37,view,11/04/2025 12:45
116,32,click,11/04/2025 13:26
116,44,search,11/04/2025 13:57
116,32,view,11/04/2025 15:05
116,17,view,11/04/2025 17:57
116,6,search,11/04/2025 19:19
116,14,view,11/04/2025 20:07
116,16,add_to_cart,11/04/2025 22:22
116,16,update_quantity,11/04/2025 23:17
116,28,add_to_cart,11/05/2025 1:57
116,46,search,11/05/2025 2:43
116,19,click,11/05/2025 5:38
117,50,click,03/08/2026 19:01
117,24,search,03/08/2026 20:25
117,16,search,03/08/2026 21:05
117,36,search,03/08/2026 21:31
117,41,view,03/08/2026 22:39
117,13,search,03/08/2026 22:55
117,41,view,03/09/2026 0:32
117,41,view,03/09/2026 2:12
117,24,view,03/09/2026 3:08
117,16,view,03/09/2026 5:29
117,36,add_to_cart,03/09/2026 6:03
117,36,update_quantity,03/09/2026 8:14
117,36,update_quantity,03/09/2026 10:48
117,13,view,03/09/2026 11:04
117,10,search,03/09/2026 11:06
117,6,click,03/09/2026 12:54
117,36,purchase,03/09/2026 13:14
117,36,rate,03/09/2026 14:44
117,32,search,03/09/2026 15:54
117,36,click,03/09/2026 16:25
117,16,add_to_cart,03/09/2026 18:34
117,39,click,03/09/2026 21:09
117,38,click,03/09/2026 23:18
117,20,click,03/09/2026 23:29
117,16,add_to_cart,03/09/2026 23:54
117,40,view,03/10/2026 0:19
117,13,view,03/10/2026 2:43
117,16,view,03/10/2026 3:09
117,13,view,03/10/2026 5:54
117,16,purchase,03/10/2026 8:08
117,16,view,03/10/2026 8:46
117,30,search,03/10/2026 11:45
117,40,add_to_cart,03/10/2026 12:49
117,40,search,03/10/2026 13:15
117,40,add_to_cart,03/10/2026 16:14
117,40,purchase,03/10/2026 18:25
117,16,click,03/10/2026 18:29
117,40,add_to_cart,03/10/2026 21:05
117,40,add_to_cart,03/10/2026 22:27
117,16,view,03/11/2026 0:40
117,23,search,03/11/2026 2:53
117,4,click,03/11/2026 4:59
117,40,update_quantity,03/11/2026 6:38
117,40,remove_cart,03/11/2026 8:34
117,23,view,03/11/2026 11:10
117,23,view,03/11/2026 11:30
117,7,search,03/11/2026 14:19
117,23,view,03/11/2026 15:43
118,41,search,01/14/2026 9:45
118,41,view,01/14/2026 11:14
118,41,click,01/14/2026 11:21
118,48,view,01/14/2026 14:01
118,48,add_to_cart,01/14/2026 14:05
118,47,view,01/14/2026 16:44
118,29,click,01/14/2026 18:39
118,41,click,01/14/2026 21:39
118,40,search,01/14/2026 23:20
118,48,purchase,01/14/2026 23:24
118,29,view,01/15/2026 0:57
118,29,view,01/15/2026 2:45
118,29,view,01/15/2026 3:01
118,40,search,01/15/2026 3:37
118,44,view,01/15/2026 4:41
118,44,view,01/15/2026 7:25
118,25,add_to_cart,01/15/2026 9:39
118,22,search,01/15/2026 11:23
118,25,remove_cart,01/15/2026 13:32
118,29,click,01/15/2026 14:08
118,35,click,01/15/2026 14:26
118,35,add_to_cart,01/15/2026 15:26
118,6,search,01/15/2026 15:56
118,33,search,01/15/2026 17:55
118,43,click,01/15/2026 20:54
118,33,add_to_cart,01/15/2026 23:46
118,25,view,01/16/2026 2:04
118,33,purchase,01/16/2026 4:50
118,1,view,01/16/2026 5:04
118,26,view,01/16/2026 6:53
118,48,search,01/16/2026 7:36
118,34,click,01/16/2026 8:23
118,48,view,01/16/2026 10:56
118,27,click,01/16/2026 11:22
118,48,view,01/16/2026 11:38
118,26,click,01/16/2026 11:59
118,35,update_quantity,01/16/2026 14:13
118,31,search,01/16/2026 14:36
118,34,add_to_cart,01/16/2026 15:20
118,35,purchase,01/16/2026 15:32
118,15,search,01/16/2026 16:29
118,48,rate,01/16/2026 18:14
118,35,add_to_cart,01/16/2026 19:56
118,32,add_to_cart,01/16/2026 22:18
118,47,view,01/17/2026 1:17
118,32,purchase,01/17/2026 2:47
118,34,view,01/17/2026 4:32
118,35,purchase,01/17/2026 5:59
118,47,view,01/17/2026 8:29
118,35,add_to_cart,01/17/2026 9:55
118,32,click,01/17/2026 12:52
118,35,remove_cart,01/17/2026 12:59
118,25,view,01/17/2026 15:18
118,50,search,01/17/2026 15:56
118,5,add_to_cart,01/17/2026 18:11
119,21,click,03/03/2026 2:55
119,21,view,03/03/2026 3:32
119,21,view,03/03/2026 5:59
119,21,click,03/03/2026 8:02
119,20,search,03/03/2026 8:54
119,40,click,03/03/2026 8:59
119,43,add_to_cart,03/03/2026 9:54
119,43,update_quantity,03/03/2026 11:16
119,21,click,03/03/2026 13:12
119,20,search,03/03/2026 15:45
119,8,view,03/03/2026 15:57
119,20,add_to_cart,03/03/2026 16:09
119,20,click,03/03/2026 18:50
119,21,click,03/03/2026 19:51
119,21,view,03/03/2026 20:05
119,23,search,03/03/2026 21:15
119,20,view,03/03/2026 23:15
119,21,click,03/03/2026 23:32
119,20,add_to_cart,03/04/2026 1:43
119,43,update_quantity,03/04/2026 3:54
119,29,click,03/04/2026 6:11
119,43,remove_cart,03/04/2026 7:31
119,29,search,03/04/2026 10:04
119,30,view,03/04/2026 12:53
119,36,search,03/04/2026 13:44
119,27,click,03/04/2026 14:47
119,37,click,03/04/2026 16:41
119,36,view,03/04/2026 17:14
119,16,search,03/04/2026 19:03
119,3,click,03/04/2026 20:34
119,23,search,03/04/2026 22:11
119,20,remove_cart,03/04/2026 23:50
119,36,view,03/05/2026 0:15
119,34,click,03/05/2026 1:09
119,5,click,03/05/2026 3:23
119,5,view,03/05/2026 5:44
119,21,click,03/05/2026 6:37
119,38,search,03/05/2026 7:27
119,36,view,03/05/2026 8:37
119,5,click,03/05/2026 10:19
119,5,add_to_cart,03/05/2026 12:46
119,38,add_to_cart,03/05/2026 15:16
119,38,view,03/05/2026 17:09
119,5,view,03/05/2026 20:00
119,5,click,03/05/2026 22:16
119,5,click,03/05/2026 23:20
119,3,click,03/05/2026 23:58
119,5,update_quantity,03/06/2026 0:13
119,44,view,03/06/2026 2:47
119,44,view,03/06/2026 5:21
119,34,search,03/06/2026 5:25
119,34,search,03/06/2026 8:10
119,5,view,03/06/2026 8:32
119,5,view,03/06/2026 9:50
119,36,click,03/06/2026 12:16
119,13,view,03/06/2026 13:49
119,14,add_to_cart,03/06/2026 16:28
120,27,add_to_cart,01/08/2026 1:51
120,42,click,01/08/2026 3:13
120,42,view,01/08/2026 4:17
120,42,add_to_cart,01/08/2026 4:29
120,42,view,01/08/2026 6:16
120,12,search,01/08/2026 6:46
120,12,view,01/08/2026 6:59
120,42,remove_cart,01/08/2026 8:40
120,42,view,01/08/2026 10:13
120,27,update_quantity,01/08/2026 12:08
120,27,add_to_cart,01/08/2026 14:03
120,27,update_quantity,01/08/2026 16:18
120,27,add_to_cart,01/08/2026 18:20
120,27,click,01/08/2026 20:18
120,27,click,01/08/2026 23:13
120,27,update_quantity,01/08/2026 23:41
120,27,purchase,01/09/2026 2:27
120,27,click,01/09/2026 3:31
120,27,click,01/09/2026 4:54
120,6,search,01/09/2026 6:52
120,27,click,01/09/2026 8:51
120,22,view,01/09/2026 10:34
120,28,view,01/09/2026 10:37
120,27,view,01/09/2026 12:29
120,22,click,01/09/2026 14:37
120,38,search,01/09/2026 15:45
120,38,add_to_cart,01/09/2026 16:25
120,6,add_to_cart,01/09/2026 18:06
120,6,view,01/09/2026 19:04
120,1,view,01/09/2026 19:41
120,4,add_to_cart,01/09/2026 22:21
120,27,rate,01/10/2026 0:22
120,6,view,01/10/2026 1:17
120,6,click,01/10/2026 1:46
120,1,add_to_cart,01/10/2026 3:11
120,6,click,01/10/2026 5:41
120,4,click,01/10/2026 7:03
120,6,click,01/10/2026 10:00
120,12,add_to_cart,01/10/2026 11:56
120,4,click,01/10/2026 13:10
120,6,add_to_cart,01/10/2026 15:58
120,6,add_to_cart,01/10/2026 16:46
120,6,view,01/10/2026 17:34
120,33,view,01/10/2026 18:39
120,6,add_to_cart,01/10/2026 20:39
120,21,click,01/10/2026 21:50
120,38,view,01/10/2026 23:59
120,38,click,01/11/2026 1:51
120,6,view,01/11/2026 4:03
120,33,search,01/11/2026 6:40
120,6,click,01/11/2026 8:16
120,6,view,01/11/2026 9:17
120,19,view,01/11/2026 10:46
120,31,search,01/11/2026 12:39
120,38,view,01/11/2026 12:59
120,31,view,01/11/2026 13:49
120,27,view,01/11/2026 14:33
121,8,click,12/21/2025 6:38
121,8,view,12/21/2025 9:11
121,46,search,12/21/2025 9:49
121,46,click,12/21/2025 11:24
121,19,search,12/21/2025 11:52
121,40,search,12/21/2025 12:02
121,46,click,12/21/2025 14:44
121,3,view,12/21/2025 14:59
121,40,click,12/21/2025 15:09
121,42,search,12/21/2025 15:23
121,19,view,12/21/2025 16:42
121,40,add_to_cart,12/21/2025 18:52
121,40,purchase,12/21/2025 19:15
121,23,search,12/21/2025 22:03
121,35,search,12/22/2025 0:16
121,20,click,12/22/2025 0:51
121,40,rate,12/22/2025 2:21
121,42,click,12/22/2025 2:42
121,22,view,12/22/2025 3:51
121,24,view,12/22/2025 6:22
121,40,view,12/22/2025 8:04
121,42,click,12/22/2025 9:21
121,49,view,12/22/2025 9:39
121,23,add_to_cart,12/22/2025 12:39
121,28,search,12/22/2025 14:53
121,25,view,12/22/2025 16:25
121,34,view,12/22/2025 18:32
121,33,search,12/22/2025 20:27
121,23,remove_cart,12/22/2025 23:08
121,23,view,12/23/2025 0:35
121,17,view,12/23/2025 2:57
121,23,click,12/23/2025 4:00
121,10,view,12/23/2025 5:44
121,48,click,12/23/2025 8:37
121,41,view,12/23/2025 8:44
121,44,view,12/23/2025 11:20
121,47,search,12/23/2025 13:00
121,17,add_to_cart,12/23/2025 13:31
121,25,add_to_cart,12/23/2025 15:51
121,44,click,12/23/2025 16:24
121,10,click,12/23/2025 16:31
121,17,purchase,12/23/2025 19:26
121,18,add_to_cart,12/23/2025 19:54
121,47,view,12/23/2025 20:52
122,48,search,12/13/2025 10:23
122,9,search,12/13/2025 13:07
122,9,view,12/13/2025 14:30
122,9,add_to_cart,12/13/2025 17:16
122,9,update_quantity,12/13/2025 17:35
122,9,purchase,12/13/2025 19:21
122,30,click,12/13/2025 21:13
122,9,click,12/13/2025 22:15
122,19,add_to_cart,12/13/2025 22:28
122,19,purchase,12/13/2025 23:23
122,19,rate,12/14/2025 0:13
122,16,search,12/14/2025 1:01
122,49,view,12/14/2025 3:44
122,9,add_to_cart,12/14/2025 4:27
122,31,view,12/14/2025 7:16
122,48,search,12/14/2025 10:11
122,11,search,12/14/2025 10:49
122,38,click,12/14/2025 11:52
122,9,update_quantity,12/14/2025 14:39
122,9,remove_cart,12/14/2025 14:51
122,9,view,12/14/2025 17:07
122,9,click,12/14/2025 17:11
122,22,search,12/14/2025 19:04
122,11,search,12/14/2025 21:42
122,16,click,12/14/2025 23:19
122,38,add_to_cart,12/15/2025 0:23
122,9,view,12/15/2025 1:26
122,33,view,12/15/2025 2:19
122,9,add_to_cart,12/15/2025 2:51
122,9,view,12/15/2025 4:03
122,19,click,12/15/2025 6:50
122,33,add_to_cart,12/15/2025 8:19
122,33,update_quantity,12/15/2025 10:41
122,38,remove_cart,12/15/2025 11:54
122,5,click,12/15/2025 14:37
122,9,purchase,12/15/2025 17:27
122,38,click,12/15/2025 20:24
122,33,click,12/15/2025 20:51
122,33,update_quantity,12/15/2025 22:48
122,37,search,12/15/2025 23:55
122,6,search,12/16/2025 2:28
122,33,purchase,12/16/2025 3:38
122,24,search,12/16/2025 5:04
122,6,click,12/16/2025 7:53
122,6,click,12/16/2025 8:16
122,14,search,12/16/2025 10:43
122,33,rate,12/16/2025 12:53
122,32,click,12/16/2025 15:08
122,6,view,12/16/2025 17:19
122,10,click,12/16/2025 18:50
122,45,search,12/16/2025 21:09
122,6,click,12/16/2025 22:36
122,29,search,12/17/2025 0:17
122,42,search,12/17/2025 2:15
122,39,click,12/17/2025 4:00
122,29,view,12/17/2025 4:15
122,42,add_to_cart,12/17/2025 5:25
122,41,search,12/17/2025 7:47
122,29,click,12/17/2025 10:36
122,42,purchase,12/17/2025 12:39
122,44,search,12/17/2025 14:22
122,25,add_to_cart,12/17/2025 15:22
122,25,purchase,12/17/2025 16:19
122,25,rate,12/17/2025 17:23
122,7,view,12/17/2025 17:42
122,43,view,12/17/2025 20:01
122,25,add_to_cart,12/17/2025 21:54
123,10,view,03/05/2026 1:09
123,26,click,03/05/2026 1:25
123,48,search,03/05/2026 1:51
123,36,add_to_cart,03/05/2026 2:29
123,36,purchase,03/05/2026 5:09
123,36,rate,03/05/2026 7:03
123,9,search,03/05/2026 9:28
123,36,click,03/05/2026 12:14
123,47,view,03/05/2026 14:11
123,36,add_to_cart,03/05/2026 16:50
123,47,view,03/05/2026 19:45
123,21,add_to_cart,03/05/2026 22:18
123,9,add_to_cart,03/06/2026 1:12
123,36,view,03/06/2026 2:49
123,36,click,03/06/2026 4:06
123,1,click,03/06/2026 5:34
123,36,remove_cart,03/06/2026 6:32
123,36,click,03/06/2026 8:47
123,36,view,03/06/2026 9:00
123,1,view,03/06/2026 9:16
123,9,view,03/06/2026 10:55
123,36,click,03/06/2026 13:43
123,36,view,03/06/2026 14:50
123,30,click,03/06/2026 17:28
123,46,view,03/06/2026 20:26
123,9,remove_cart,03/06/2026 22:16
123,36,add_to_cart,03/06/2026 22:40
123,40,view,03/07/2026 1:40
123,15,search,03/07/2026 2:35
123,6,search,03/07/2026 3:49
123,9,view,03/07/2026 6:08
123,48,click,03/07/2026 9:01
123,47,click,03/07/2026 10:40
123,19,search,03/07/2026 12:39
123,10,view,03/07/2026 15:31
123,48,click,03/07/2026 16:48
123,21,update_quantity,03/07/2026 17:23
123,37,add_to_cart,03/07/2026 18:28
123,21,update_quantity,03/07/2026 20:44
123,49,search,03/07/2026 23:11
123,37,purchase,03/08/2026 0:17
123,18,view,03/08/2026 0:20
123,28,search,03/08/2026 2:31
123,36,purchase,03/08/2026 5:18
123,28,add_to_cart,03/08/2026 6:25
123,19,search,03/08/2026 6:59
123,33,view,03/08/2026 9:47
123,18,view,03/08/2026 12:27
123,36,add_to_cart,03/08/2026 12:59
123,28,search,03/08/2026 15:03
123,42,view,03/08/2026 15:47
124,50,view,12/15/2025 10:38
124,50,add_to_cart,12/15/2025 11:38
124,50,view,12/15/2025 11:57
124,22,search,12/15/2025 14:42
124,40,view,12/15/2025 15:42
124,49,search,12/15/2025 18:37
124,24,click,12/15/2025 20:29
124,6,click,12/15/2025 20:54
124,4,add_to_cart,12/15/2025 23:47
124,21,search,12/16/2025 0:19
124,19,click,12/16/2025 0:51
124,11,search,12/16/2025 1:22
124,4,remove_cart,12/16/2025 3:37
124,24,click,12/16/2025 5:32
124,4,add_to_cart,12/16/2025 7:44
124,4,click,12/16/2025 9:12
124,11,search,12/16/2025 10:21
124,4,remove_cart,12/16/2025 11:05
124,19,click,12/16/2025 13:15
124,30,search,12/16/2025 14:41
124,35,view,12/16/2025 15:12
124,4,click,12/16/2025 15:14
124,37,search,12/16/2025 16:39
124,19,add_to_cart,12/16/2025 19:15
124,50,search,12/16/2025 19:58
124,46,search,12/16/2025 20:46
124,35,click,12/16/2025 20:52
124,16,add_to_cart,12/16/2025 23:49
124,19,view,12/17/2025 0:27
124,40,view,12/17/2025 2:32
124,19,add_to_cart,12/17/2025 3:47
124,16,update_quantity,12/17/2025 5:45
124,50,view,12/17/2025 6:47
124,48,view,12/17/2025 9:46
124,16,purchase,12/17/2025 12:16
124,42,search,12/17/2025 12:36
124,48,view,12/17/2025 14:04
124,25,search,12/17/2025 15:27
124,18,search,12/17/2025 17:32
124,46,view,12/17/2025 18:00
124,19,update_quantity,12/17/2025 19:56
124,44,click,12/17/2025 20:16
124,32,view,12/17/2025 22:29
124,5,click,12/18/2025 0:36
124,50,update_quantity,12/18/2025 2:42
124,50,click,12/18/2025 4:55
124,4,search,12/18/2025 7:33
124,50,add_to_cart,12/18/2025 7:59
124,44,click,12/18/2025 9:45
124,5,view,12/18/2025 10:35
124,50,update_quantity,12/18/2025 11:43
124,5,click,12/18/2025 12:24
124,38,add_to_cart,12/18/2025 13:06
124,50,click,12/18/2025 13:21
124,44,click,12/18/2025 14:13
124,19,remove_cart,12/18/2025 16:13
124,44,view,12/18/2025 17:43
124,44,view,12/18/2025 18:00
124,44,add_to_cart,12/18/2025 20:29
124,30,search,12/18/2025 20:39
124,29,view,12/18/2025 21:36
124,30,click,12/19/2025 0:29
124,19,click,12/19/2025 2:52
124,11,search,12/19/2025 4:32
124,44,view,12/19/2025 6:33
124,30,view,12/19/2025 6:47
124,11,click,12/19/2025 9:33
125,50,click,11/04/2025 21:14
125,39,search,11/04/2025 22:46
125,28,add_to_cart,11/05/2025 0:54
125,39,view,11/05/2025 2:33
125,28,click,11/05/2025 5:07
125,39,view,11/05/2025 7:17
125,1,click,11/05/2025 7:34
125,23,search,11/05/2025 9:39
125,28,add_to_cart,11/05/2025 10:01
125,28,search,11/05/2025 12:22
125,28,click,11/05/2025 13:20
125,28,view,11/05/2025 13:25
125,37,search,11/05/2025 13:59
125,12,view,11/05/2025 15:47
125,28,update_quantity,11/05/2025 16:11
125,28,click,11/05/2025 17:58
125,2,search,11/05/2025 19:19
125,1,search,11/05/2025 21:09
125,28,add_to_cart,11/05/2025 22:08
125,28,purchase,11/05/2025 23:15
125,28,view,11/05/2025 23:56
125,47,view,11/06/2025 2:10
125,47,view,11/06/2025 4:52
125,28,click,11/06/2025 7:24
125,47,view,11/06/2025 8:46
125,28,add_to_cart,11/06/2025 11:33
125,28,remove_cart,11/06/2025 13:15
125,28,view,11/06/2025 15:39
125,39,view,11/06/2025 16:18
125,28,view,11/06/2025 16:50
125,26,view,11/06/2025 17:10
125,35,click,11/06/2025 18:06
125,47,view,11/06/2025 20:43
125,28,click,11/06/2025 23:37
125,28,add_to_cart,11/07/2025 0:28
125,28,purchase,11/07/2025 2:26
125,28,rate,11/07/2025 2:50
125,43,view,11/07/2025 2:53
125,35,view,11/07/2025 4:41
125,12,add_to_cart,11/07/2025 4:44
125,28,click,11/07/2025 4:59
125,23,add_to_cart,11/07/2025 6:53
125,9,search,11/07/2025 7:02
125,12,search,11/07/2025 8:07
125,45,click,11/07/2025 9:12
125,45,click,11/07/2025 10:04
125,9,add_to_cart,11/07/2025 10:08
125,7,search,11/07/2025 12:37
125,7,add_to_cart,11/07/2025 13:34
125,6,click,11/07/2025 14:01
125,7,view,11/07/2025 15:30
125,40,view,11/07/2025 16:56
125,45,view,11/07/2025 19:14
125,45,click,11/07/2025 19:49
125,15,search,11/07/2025 21:54
125,17,add_to_cart,11/07/2025 22:18
125,15,click,11/08/2025 0:29
125,10,search,11/08/2025 3:12
125,30,click,11/08/2025 6:04
125,45,click,11/08/2025 6:28
125,15,add_to_cart,11/08/2025 6:51
125,45,view,11/08/2025 9:02
125,10,view,11/08/2025 10:39
125,30,add_to_cart,11/08/2025 11:07
125,15,update_quantity,11/08/2025 13:54
125,23,purchase,11/08/2025 14:08
125,45,click,11/08/2025 16:33
125,23,view,11/08/2025 18:20
125,29,add_to_cart,11/08/2025 20:07
125,28,search,11/08/2025 21:10
125,23,click,11/08/2025 22:21
125,16,search,11/08/2025 23:19
125,29,purchase,11/09/2025 0:43
125,16,click,11/09/2025 2:52
125,29,add_to_cart,11/09/2025 3:17
125,44,view,11/09/2025 5:01
125,4,search,11/09/2025 6:44
125,19,click,11/09/2025 9:35
126,25,add_to_cart,01/30/2026 11:34
126,25,click,01/30/2026 11:51
126,33,search,01/30/2026 14:48
126,25,purchase,01/30/2026 15:14
126,33,view,01/30/2026 16:43
126,25,rate,01/30/2026 17:12
126,25,add_to_cart,01/30/2026 17:40
126,25,purchase,01/30/2026 18:45
126,25,view,01/30/2026 21:34
126,25,click,01/30/2026 22:45
126,25,click,01/31/2026 1:25
126,21,search,01/31/2026 3:39
126,37,view,01/31/2026 4:47
126,44,click,01/31/2026 7:16
126,44,click,01/31/2026 9:27
126,44,view,01/31/2026 10:20
126,44,search,01/31/2026 12:37
126,11,click,01/31/2026 14:07
126,44,view,01/31/2026 16:12
126,44,view,01/31/2026 18:17
126,44,view,01/31/2026 20:40
126,4,search,01/31/2026 21:39
126,29,add_to_cart,01/31/2026 22:09
126,29,purchase,02/01/2026 1:03
126,29,rate,02/01/2026 3:39
126,25,view,02/01/2026 6:35
126,29,click,02/01/2026 8:50
126,29,view,02/01/2026 9:02
126,34,add_to_cart,02/01/2026 9:44
126,34,update_quantity,02/01/2026 11:49
126,29,view,02/01/2026 12:15
126,17,view,02/01/2026 14:00
126,34,remove_cart,02/01/2026 16:48
126,29,view,02/01/2026 19:42
126,29,click,02/01/2026 22:41
126,34,view,02/01/2026 23:31
126,23,add_to_cart,02/02/2026 0:31
126,34,view,02/02/2026 2:54
126,28,click,02/02/2026 5:24
126,23,purchase,02/02/2026 7:46
126,23,rate,02/02/2026 9:30
126,27,search,02/02/2026 11:54
126,28,view,02/02/2026 13:01
126,43,add_to_cart,02/02/2026 15:11
126,20,search,02/02/2026 16:49
126,27,click,02/02/2026 17:01
126,25,search,02/02/2026 18:33
126,25,view,02/02/2026 19:13
126,46,add_to_cart,02/02/2026 20:33
126,48,search,02/02/2026 21:06
126,27,view,02/02/2026 22:04
126,43,add_to_cart,02/03/2026 0:08
126,43,purchase,02/03/2026 0:37
126,43,rate,02/03/2026 0:58
126,43,add_to_cart,02/03/2026 3:08
126,19,search,02/03/2026 5:41
126,10,view,02/03/2026 8:36
126,43,view,02/03/2026 10:57
127,15,view,02/22/2026 10:52
127,2,click,02/22/2026 12:56
127,2,view,02/22/2026 13:06
127,31,add_to_cart,02/22/2026 15:35
127,31,click,02/22/2026 18:29
127,46,add_to_cart,02/22/2026 21:28
127,34,view,02/22/2026 21:32
127,49,search,02/22/2026 23:04
127,31,add_to_cart,02/22/2026 23:43
127,46,remove_cart,02/23/2026 1:09
127,46,click,02/23/2026 2:04
127,34,add_to_cart,02/23/2026 4:04
127,43,search,02/23/2026 4:29
127,31,remove_cart,02/23/2026 5:36
127,25,view,02/23/2026 7:25
127,39,view,02/23/2026 9:12
127,34,purchase,02/23/2026 11:51
127,17,click,02/23/2026 13:12
127,34,view,02/23/2026 15:46
127,33,click,02/23/2026 15:53
127,39,click,02/23/2026 16:43
127,33,click,02/23/2026 18:12
127,39,add_to_cart,02/23/2026 20:36
127,39,purchase,02/23/2026 22:12
127,20,view,02/23/2026 23:26
127,17,click,02/24/2026 0:28
127,8,click,02/24/2026 3:11
127,11,search,02/24/2026 5:55
127,28,view,02/24/2026 6:20
127,28,add_to_cart,02/24/2026 6:57
127,28,update_quantity,02/24/2026 7:05
127,39,search,02/24/2026 8:07
127,20,view,02/24/2026 9:40
127,36,click,02/24/2026 10:01
127,39,add_to_cart,02/24/2026 11:38
127,28,add_to_cart,02/24/2026 12:18
127,39,click,02/24/2026 13:47
127,39,purchase,02/24/2026 15:36
127,39,add_to_cart,02/24/2026 16:37
127,39,click,02/24/2026 17:24
127,21,search,02/24/2026 19:15
127,26,search,02/24/2026 20:08
127,39,view,02/24/2026 21:52
127,39,update_quantity,02/25/2026 0:01
127,39,view,02/25/2026 2:02
127,39,update_quantity,02/25/2026 4:06
127,8,view,02/25/2026 6:04
127,39,click,02/25/2026 8:05
127,39,view,02/25/2026 9:14
127,28,purchase,02/25/2026 12:03
127,33,view,02/25/2026 14:29
127,27,search,02/25/2026 17:14
127,39,update_quantity,02/25/2026 19:02
127,18,search,02/25/2026 19:10
127,38,search,02/25/2026 19:30
127,13,add_to_cart,02/25/2026 20:44
127,41,search,02/25/2026 22:29
127,45,add_to_cart,02/26/2026 0:22
127,33,view,02/26/2026 0:56
127,18,click,02/26/2026 1:07
127,39,click,02/26/2026 3:58
127,45,view,02/26/2026 6:12
127,38,view,02/26/2026 8:20
127,46,search,02/26/2026 10:48
127,45,view,02/26/2026 11:00
127,22,search,02/26/2026 11:11
127,46,click,02/26/2026 13:30
127,27,view,02/26/2026 14:21
127,38,search,02/26/2026 16:29
127,45,click,02/26/2026 17:24
128,45,view,11/01/2025 15:18
128,13,view,11/01/2025 16:22
128,13,click,11/01/2025 16:37
128,13,add_to_cart,11/01/2025 17:50
128,45,search,11/01/2025 18:36
128,13,click,11/01/2025 18:58
128,13,add_to_cart,11/01/2025 19:36
128,13,add_to_cart,11/01/2025 20:20
128,13,update_quantity,11/01/2025 22:29
128,13,remove_cart,11/01/2025 23:57
128,13,add_to_cart,11/02/2025 2:14
128,13,add_to_cart,11/02/2025 2:38
128,14,click,11/02/2025 4:33
128,13,purchase,11/02/2025 5:55
128,48,search,11/02/2025 8:15
128,13,rate,11/02/2025 9:28
128,13,click,11/02/2025 11:01
128,13,view,11/02/2025 12:44
128,26,view,11/02/2025 15:34
128,7,view,11/02/2025 15:50
128,13,click,11/02/2025 16:11
128,8,add_to_cart,11/02/2025 18:50
128,4,search,11/02/2025 20:03
128,36,view,11/02/2025 22:00
128,7,add_to_cart,11/02/2025 22:41
128,7,view,11/03/2025 1:21
128,35,search,11/03/2025 3:56
128,7,click,11/03/2025 5:24
128,32,view,11/03/2025 5:50
128,8,update_quantity,11/03/2025 8:11
128,7,update_quantity,11/03/2025 8:48
128,32,add_to_cart,11/03/2025 9:41
128,7,update_quantity,11/03/2025 10:39
128,8,add_to_cart,11/03/2025 10:48
128,7,purchase,11/03/2025 13:44
128,32,view,11/03/2025 15:58
128,7,view,11/03/2025 18:06
128,37,add_to_cart,11/03/2025 20:37
128,32,view,11/03/2025 22:47
128,8,remove_cart,11/04/2025 1:31
128,24,search,11/04/2025 1:48
128,24,view,11/04/2025 3:31
128,31,add_to_cart,11/04/2025 4:34
128,32,update_quantity,11/04/2025 7:02
128,7,rate,11/04/2025 9:09
129,9,add_to_cart,01/20/2026 9:21
129,19,click,01/20/2026 11:26
129,19,click,01/20/2026 13:04
129,3,view,01/20/2026 16:04
129,3,add_to_cart,01/20/2026 18:05
129,1,view,01/20/2026 18:44
129,9,add_to_cart,01/20/2026 21:44
129,50,view,01/20/2026 22:45
129,6,view,01/21/2026 1:36
129,19,add_to_cart,01/21/2026 3:13
129,10,view,01/21/2026 6:01
129,14,search,01/21/2026 8:29
129,3,click,01/21/2026 10:36
129,5,search,01/21/2026 13:36
129,3,remove_cart,01/21/2026 13:49
129,19,purchase,01/21/2026 16:17
129,19,view,01/21/2026 18:22
129,9,purchase,01/21/2026 20:14
129,8,add_to_cart,01/21/2026 21:42
129,24,search,01/21/2026 22:29
129,40,view,01/22/2026 0:13
129,40,view,01/22/2026 2:04
129,8,click,01/22/2026 4:15
129,8,view,01/22/2026 7:05
129,9,view,01/22/2026 8:14
129,46,click,01/22/2026 10:54
129,8,remove_cart,01/22/2026 12:02
129,10,search,01/22/2026 13:25
129,40,view,01/22/2026 15:38
129,26,view,01/22/2026 18:19
129,36,view,01/22/2026 20:16
129,2,search,01/22/2026 22:43
129,35,search,01/22/2026 23:41
129,41,view,01/23/2026 2:27
129,34,search,01/23/2026 5:08
129,35,view,01/23/2026 6:48
129,40,click,01/23/2026 7:49
129,21,search,01/23/2026 8:42
129,36,view,01/23/2026 9:24
129,32,view,01/23/2026 10:32
129,4,search,01/23/2026 11:23
129,41,add_to_cart,01/23/2026 12:54
129,41,update_quantity,01/23/2026 15:08
129,41,purchase,01/23/2026 17:44
129,41,view,01/23/2026 18:23
129,41,click,01/23/2026 20:39
129,31,view,01/23/2026 20:53
129,32,view,01/23/2026 22:16
129,41,click,01/23/2026 23:39
129,43,search,01/24/2026 2:27
129,43,view,01/24/2026 4:34
129,24,search,01/24/2026 4:48
129,41,click,01/24/2026 6:13
129,31,click,01/24/2026 6:55
129,28,search,01/24/2026 7:55
129,43,add_to_cart,01/24/2026 10:24
129,19,view,01/24/2026 10:32
129,43,purchase,01/24/2026 13:22
129,7,add_to_cart,01/24/2026 13:31
129,28,click,01/24/2026 14:58
129,7,purchase,01/24/2026 15:08
129,19,view,01/24/2026 16:58
130,8,click,02/09/2026 22:54
130,8,click,02/10/2026 0:35
130,40,search,02/10/2026 2:01
130,40,add_to_cart,02/10/2026 3:29
130,34,search,02/10/2026 5:35
130,8,add_to_cart,02/10/2026 6:41
130,40,remove_cart,02/10/2026 8:40
130,14,search,02/10/2026 9:46
130,23,click,02/10/2026 10:20
130,40,add_to_cart,02/10/2026 10:25
130,40,purchase,02/10/2026 12:17
130,40,rate,02/10/2026 14:35
130,17,view,02/10/2026 15:38
130,23,view,02/10/2026 17:57
130,8,update_quantity,02/10/2026 18:25
130,23,view,02/10/2026 19:14
130,40,view,02/10/2026 20:02
130,17,view,02/10/2026 20:08
130,23,add_to_cart,02/10/2026 23:05
130,3,click,02/10/2026 23:41
130,29,view,02/11/2026 2:09
130,17,view,02/11/2026 3:45
130,3,click,02/11/2026 5:07
130,48,search,02/11/2026 6:06
130,17,add_to_cart,02/11/2026 7:46
130,3,click,02/11/2026 7:54
130,16,add_to_cart,02/11/2026 10:08
130,20,click,02/11/2026 10:41
130,28,view,02/11/2026 13:02
130,15,click,02/11/2026 14:59
130,24,search,02/11/2026 16:16
130,17,view,02/11/2026 16:30
130,23,purchase,02/11/2026 17:06
130,36,click,02/11/2026 18:52
130,8,update_quantity,02/11/2026 19:40
130,15,click,02/11/2026 21:44
130,36,add_to_cart,02/12/2026 0:15
130,15,view,02/12/2026 2:02
130,33,view,02/12/2026 2:15
130,17,purchase,02/12/2026 3:43
130,23,rate,02/12/2026 4:03
130,23,add_to_cart,02/12/2026 5:09
130,16,purchase,02/12/2026 7:53
130,19,search,02/12/2026 8:16
130,23,click,02/12/2026 8:26
130,33,view,02/12/2026 10:58
130,19,view,02/12/2026 12:34
130,17,add_to_cart,02/12/2026 13:59
130,8,update_quantity,02/12/2026 15:03
130,19,view,02/12/2026 17:17
130,33,click,02/12/2026 18:37
130,17,view,02/12/2026 19:14
130,8,click,02/12/2026 19:34
130,28,view,02/12/2026 21:49
130,8,click,02/12/2026 23:22
130,8,add_to_cart,02/12/2026 23:54
130,8,click,02/13/2026 0:30
130,33,add_to_cart,02/13/2026 1:16
130,8,click,02/13/2026 2:40
130,14,view,02/13/2026 4:38
130,27,search,02/13/2026 4:46
130,16,add_to_cart,02/13/2026 6:44
130,8,remove_cart,02/13/2026 8:20
130,17,purchase,02/13/2026 8:36
130,8,view,02/13/2026 9:31
130,36,update_quantity,02/13/2026 11:54
130,8,view,02/13/2026 12:25
130,48,view,02/13/2026 14:08
130,48,view,02/13/2026 15:53
130,12,click,02/13/2026 18:22
130,8,view,02/13/2026 18:56
130,42,click,02/13/2026 20:19
130,20,search,02/13/2026 22:41
130,16,remove_cart,02/13/2026 22:46
130,9,click,02/13/2026 22:49
130,11,view,02/14/2026 1:37
130,42,click,02/14/2026 3:45
130,36,update_quantity,02/14/2026 5:16
131,47,click,12/24/2025 22:14
131,34,search,12/24/2025 22:29
131,47,view,12/24/2025 23:21
131,47,click,12/25/2025 2:19
131,2,click,12/25/2025 2:41
131,25,view,12/25/2025 3:43
131,25,view,12/25/2025 3:46
131,25,click,12/25/2025 6:06
131,47,view,12/25/2025 6:42
131,33,view,12/25/2025 7:41
131,15,view,12/25/2025 8:51
131,25,view,12/25/2025 10:33
131,16,search,12/25/2025 11:37
131,47,click,12/25/2025 13:54
131,10,search,12/25/2025 15:17
131,15,click,12/25/2025 18:10
131,43,search,12/25/2025 19:04
131,5,click,12/25/2025 19:38
131,15,view,12/25/2025 19:46
131,28,click,12/25/2025 22:34
131,43,view,12/26/2025 1:06
131,1,view,12/26/2025 2:26
131,15,add_to_cart,12/26/2025 3:59
131,15,add_to_cart,12/26/2025 5:27
131,15,click,12/26/2025 6:01
131,15,purchase,12/26/2025 7:15
131,15,rate,12/26/2025 9:24
131,15,add_to_cart,12/26/2025 10:49
131,48,search,12/26/2025 12:21
131,48,click,12/26/2025 14:44
131,22,search,12/26/2025 17:16
131,15,remove_cart,12/26/2025 18:45
131,8,add_to_cart,12/26/2025 19:22
131,15,view,12/26/2025 22:16
131,16,add_to_cart,12/26/2025 22:51
131,48,view,12/26/2025 23:11
131,15,add_to_cart,12/27/2025 1:53
131,46,add_to_cart,12/27/2025 2:32
131,46,purchase,12/27/2025 3:58
131,43,view,12/27/2025 6:14
131,30,search,12/27/2025 8:08
131,43,add_to_cart,12/27/2025 9:03
131,48,add_to_cart,12/27/2025 9:53
131,46,search,12/27/2025 12:15
131,46,search,12/27/2025 12:54
131,33,search,12/27/2025 14:12
131,29,search,12/27/2025 16:12
131,29,view,12/27/2025 17:13
131,43,view,12/27/2025 18:47
131,30,click,12/27/2025 20:57
131,46,click,12/27/2025 23:33
131,30,click,12/28/2025 0:16
131,3,view,12/28/2025 2:49
131,41,search,12/28/2025 4:00
131,5,search,12/28/2025 6:33
131,29,click,12/28/2025 7:56
131,15,view,12/28/2025 9:11
131,15,click,12/28/2025 9:20
131,34,search,12/28/2025 9:22
131,15,view,12/28/2025 11:05
131,43,update_quantity,12/28/2025 11:17
131,35,search,12/28/2025 11:55
131,9,search,12/28/2025 12:11
131,2,view,12/28/2025 13:35
131,15,click,12/28/2025 13:55
131,48,update_quantity,12/28/2025 15:21
131,35,click,12/28/2025 17:35
131,15,view,12/28/2025 19:17
131,43,update_quantity,12/28/2025 19:41
131,9,click,12/28/2025 21:02
131,20,click,12/28/2025 23:21
131,48,view,12/29/2025 1:58
131,48,view,12/29/2025 3:30
131,43,click,12/29/2025 5:24
131,3,search,12/29/2025 7:32
131,48,search,12/29/2025 8:24
131,17,search,12/29/2025 11:08
132,50,search,12/14/2025 19:26
132,50,view,12/14/2025 21:08
132,50,add_to_cart,12/14/2025 21:59
132,9,search,12/15/2025 0:29
132,9,view,12/15/2025 1:44
132,42,search,12/15/2025 1:46
132,32,search,12/15/2025 2:15
132,3,search,12/15/2025 2:44
132,29,click,12/15/2025 5:27
132,41,search,12/15/2025 7:04
132,48,add_to_cart,12/15/2025 9:27
132,20,search,12/15/2025 11:15
132,39,search,12/15/2025 12:42
132,2,click,12/15/2025 15:38
132,2,add_to_cart,12/15/2025 15:52
132,3,view,12/15/2025 17:54
132,39,click,12/15/2025 20:51
132,48,purchase,12/15/2025 23:02
132,2,click,12/16/2025 1:32
132,22,search,12/16/2025 2:12
132,4,view,12/16/2025 4:49
132,4,add_to_cart,12/16/2025 7:11
132,50,remove_cart,12/16/2025 8:22
132,50,click,12/16/2025 9:47
132,2,remove_cart,12/16/2025 11:10
132,4,view,12/16/2025 13:47
132,22,click,12/16/2025 16:24
132,50,add_to_cart,12/16/2025 17:26
132,44,search,12/16/2025 18:48
132,50,update_quantity,12/16/2025 21:42
132,23,search,12/16/2025 22:52
132,50,view,12/16/2025 23:24
132,50,update_quantity,12/17/2025 1:07
132,22,click,12/17/2025 3:34
132,22,view,12/17/2025 5:13
132,41,search,12/17/2025 6:55
132,4,purchase,12/17/2025 9:29
132,50,view,12/17/2025 12:00
132,50,purchase,12/17/2025 12:47
132,24,click,12/17/2025 14:33
132,22,click,12/17/2025 15:58
132,39,search,12/17/2025 17:25
132,50,click,12/17/2025 17:37
132,2,add_to_cart,12/17/2025 20:17
132,39,view,12/17/2025 21:38
132,5,view,12/17/2025 22:22
132,2,remove_cart,12/18/2025 1:10
132,25,search,12/18/2025 3:42
132,2,view,12/18/2025 4:53
132,36,view,12/18/2025 7:13
133,32,view,11/17/2025 8:45
133,1,search,11/17/2025 9:28
133,16,search,11/17/2025 10:03
133,1,add_to_cart,11/17/2025 10:30
133,2,view,11/17/2025 12:11
133,1,purchase,11/17/2025 13:52
133,1,add_to_cart,11/17/2025 15:19
133,42,click,11/17/2025 17:01
133,44,search,11/17/2025 17:27
133,8,view,11/17/2025 17:29
133,44,click,11/17/2025 17:58
133,8,add_to_cart,11/17/2025 19:54
133,2,view,11/17/2025 21:08
133,1,update_quantity,11/17/2025 23:00
133,42,view,11/17/2025 23:42
133,20,click,11/18/2025 1:33
133,11,view,11/18/2025 2:32
133,35,search,11/18/2025 4:17
133,8,purchase,11/18/2025 5:50
133,23,add_to_cart,11/18/2025 7:07
133,10,search,11/18/2025 8:18
133,19,view,11/18/2025 9:59
133,39,add_to_cart,11/18/2025 12:37
133,24,click,11/18/2025 12:51
133,48,search,11/18/2025 13:50
133,24,view,11/18/2025 13:59
133,12,search,11/18/2025 16:48
133,19,view,11/18/2025 19:07
133,12,view,11/18/2025 21:40
133,19,click,11/18/2025 22:55
133,16,click,11/19/2025 1:23
133,23,remove_cart,11/19/2025 2:02
133,33,search,11/19/2025 4:22
133,19,view,11/19/2025 6:47
133,12,add_to_cart,11/19/2025 7:38
133,35,view,11/19/2025 9:27
133,39,purchase,11/19/2025 12:19
133,33,view,11/19/2025 13:35
133,6,add_to_cart,11/19/2025 15:38
133,1,purchase,11/19/2025 16:58
133,34,click,11/19/2025 17:46
133,4,search,11/19/2025 20:10
133,48,search,11/19/2025 21:25
133,6,add_to_cart,11/19/2025 23:15
133,34,search,11/20/2025 0:15
133,48,view,11/20/2025 0:33
133,43,click,11/20/2025 3:22
133,48,view,11/20/2025 4:50
133,2,search,11/20/2025 7:39
133,48,view,11/20/2025 8:53
133,15,search,11/20/2025 10:00
133,6,update_quantity,11/20/2025 12:21
133,2,add_to_cart,11/20/2025 12:34
133,6,purchase,11/20/2025 14:02
133,6,rate,11/20/2025 14:18
133,6,view,11/20/2025 14:27
133,48,click,11/20/2025 16:00
133,48,view,11/20/2025 18:39
133,12,search,11/20/2025 19:05
133,16,add_to_cart,11/20/2025 21:02
133,35,add_to_cart,11/21/2025 0:02
133,12,purchase,11/21/2025 0:46
133,6,view,11/21/2025 2:01
133,35,view,11/21/2025 4:21
133,2,search,11/21/2025 5:19
133,35,click,11/21/2025 8:06
133,2,remove_cart,11/21/2025 9:18
133,28,search,11/21/2025 10:19
133,24,search,11/21/2025 10:46
133,35,add_to_cart,11/21/2025 12:26
133,34,click,11/21/2025 15:08
134,6,view,01/07/2026 11:39
134,41,click,01/07/2026 12:59
134,40,view,01/07/2026 13:15
134,41,click,01/07/2026 15:42
134,36,search,01/07/2026 18:15
134,41,click,01/07/2026 18:18
134,41,click,01/07/2026 19:01
134,13,search,01/07/2026 21:50
134,41,click,01/07/2026 23:40
134,40,click,01/08/2026 1:16
134,13,click,01/08/2026 3:29
134,37,add_to_cart,01/08/2026 5:08
134,41,click,01/08/2026 7:53
134,35,search,01/08/2026 9:38
134,41,view,01/08/2026 10:15
134,37,purchase,01/08/2026 11:42
134,37,view,01/08/2026 14:12
134,41,add_to_cart,01/08/2026 16:27
134,3,click,01/08/2026 18:04
134,43,search,01/08/2026 20:51
134,20,view,01/08/2026 23:09
134,18,search,01/09/2026 0:20
134,42,add_to_cart,01/09/2026 0:29
134,42,update_quantity,01/09/2026 1:54
134,6,view,01/09/2026 3:32
134,18,view,01/09/2026 4:49
134,47,view,01/09/2026 7:07
134,41,update_quantity,01/09/2026 9:02
134,41,view,01/09/2026 9:53
134,42,click,01/09/2026 10:54
134,42,click,01/09/2026 13:05
134,42,add_to_cart,01/09/2026 16:05
134,9,view,01/09/2026 17:58
134,41,purchase,01/09/2026 19:43
134,41,view,01/09/2026 20:16
134,42,remove_cart,01/09/2026 22:28
134,50,search,01/09/2026 23:00
134,45,add_to_cart,01/10/2026 1:01
134,50,click,01/10/2026 1:08
134,18,add_to_cart,01/10/2026 1:39
134,18,update_quantity,01/10/2026 2:51
134,29,view,01/10/2026 3:05
134,18,remove_cart,01/10/2026 4:02
134,18,view,01/10/2026 5:54
134,48,view,01/10/2026 7:04
134,50,view,01/10/2026 9:14
134,18,add_to_cart,01/10/2026 9:22
134,48,view,01/10/2026 9:42
134,15,search,01/10/2026 10:14
134,50,click,01/10/2026 10:19
134,45,update_quantity,01/10/2026 11:16
134,50,view,01/10/2026 13:07
134,34,click,01/10/2026 14:13
134,17,search,01/10/2026 16:10
134,50,click,01/10/2026 16:24
134,17,click,01/10/2026 17:51
134,16,add_to_cart,01/10/2026 20:14
134,18,purchase,01/10/2026 20:43
134,37,rate,01/10/2026 22:04
134,45,purchase,01/11/2026 0:25
134,37,click,01/11/2026 0:28
134,17,view,01/11/2026 2:08
134,17,click,01/11/2026 2:19
134,37,add_to_cart,01/11/2026 3:23
134,37,remove_cart,01/11/2026 4:21
134,37,click,01/11/2026 6:03
134,25,search,01/11/2026 6:31
134,11,click,01/11/2026 9:07
134,18,rate,01/11/2026 9:41
134,37,click,01/11/2026 12:03
134,14,click,01/11/2026 12:33
135,25,search,01/28/2026 3:04
135,10,search,01/28/2026 6:00
135,25,click,01/28/2026 6:42
135,10,view,01/28/2026 8:48
135,38,search,01/28/2026 9:37
135,10,view,01/28/2026 12:32
135,27,click,01/28/2026 13:42
135,27,click,01/28/2026 14:27
135,18,view,01/28/2026 17:06
135,18,view,01/28/2026 18:02
135,5,click,01/28/2026 20:20
135,16,view,01/28/2026 21:58
135,45,click,01/29/2026 0:10
135,27,click,01/29/2026 0:20
135,18,click,01/29/2026 2:21
135,39,search,01/29/2026 3:50
135,33,add_to_cart,01/29/2026 5:04
135,37,search,01/29/2026 8:03
135,18,search,01/29/2026 10:04
135,39,view,01/29/2026 12:27
135,27,click,01/29/2026 14:56
135,33,purchase,01/29/2026 16:19
135,14,add_to_cart,01/29/2026 19:00
135,18,view,01/29/2026 20:35
135,4,search,01/29/2026 21:00
135,18,add_to_cart,01/29/2026 21:56
135,33,add_to_cart,01/29/2026 22:46
135,14,remove_cart,01/29/2026 23:53
135,4,view,01/30/2026 1:15
135,4,add_to_cart,01/30/2026 2:20
135,6,search,01/30/2026 3:24
135,4,view,01/30/2026 5:24
135,18,add_to_cart,01/30/2026 6:42
135,4,view,01/30/2026 8:57
135,14,view,01/30/2026 9:02
135,4,view,01/30/2026 9:41
135,44,search,01/30/2026 11:25
135,4,click,01/30/2026 14:18
135,44,add_to_cart,01/30/2026 15:04
135,4,add_to_cart,01/30/2026 17:22
135,33,purchase,01/30/2026 17:35
135,40,add_to_cart,01/30/2026 19:10
136,43,view,01/11/2026 20:37
136,43,click,01/11/2026 22:45
136,9,view,01/11/2026 23:59
136,32,view,01/12/2026 1:08
136,5,click,01/12/2026 3:53
136,43,add_to_cart,01/12/2026 5:24
136,43,view,01/12/2026 7:12
136,9,click,01/12/2026 8:29
136,43,click,01/12/2026 8:49
136,9,add_to_cart,01/12/2026 10:02
136,9,click,01/12/2026 10:44
136,43,update_quantity,01/12/2026 12:26
136,43,click,01/12/2026 13:02
136,9,add_to_cart,01/12/2026 13:44
136,9,view,01/12/2026 14:54
136,43,purchase,01/12/2026 15:59
136,43,add_to_cart,01/12/2026 17:56
136,9,purchase,01/12/2026 18:21
136,43,view,01/12/2026 18:27
136,32,view,01/12/2026 20:16
136,9,view,01/12/2026 21:37
136,9,view,01/12/2026 22:32
136,43,remove_cart,01/12/2026 22:56
136,43,view,01/12/2026 23:30
136,50,search,01/13/2026 0:39
136,9,click,01/13/2026 0:48
136,13,search,01/13/2026 3:37
136,33,click,01/13/2026 4:22
136,43,view,01/13/2026 4:33
136,33,click,01/13/2026 6:15
136,50,view,01/13/2026 7:53
136,33,click,01/13/2026 8:36
136,10,search,01/13/2026 9:28
136,13,click,01/13/2026 12:09
136,13,view,01/13/2026 14:18
136,50,search,01/13/2026 14:57
136,21,click,01/13/2026 16:07
137,13,view,01/09/2026 8:03
137,19,click,01/09/2026 8:49
137,19,view,01/09/2026 11:41
137,13,view,01/09/2026 12:53
137,13,click,01/09/2026 13:46
137,13,add_to_cart,01/09/2026 14:23
137,13,update_quantity,01/09/2026 17:01
137,50,view,01/09/2026 17:13
137,13,update_quantity,01/09/2026 19:59
137,48,search,01/09/2026 20:56
137,23,click,01/09/2026 22:28
137,13,click,01/09/2026 22:49
137,13,add_to_cart,01/09/2026 23:24
137,28,view,01/10/2026 1:34
137,50,view,01/10/2026 3:56
137,13,click,01/10/2026 5:48
137,23,view,01/10/2026 7:35
137,38,view,01/10/2026 9:17
137,46,search,01/10/2026 11:44
137,23,click,01/10/2026 14:10
137,12,click,01/10/2026 14:38
137,39,click,01/10/2026 16:21
137,19,click,01/10/2026 16:25
137,42,view,01/10/2026 19:06
137,39,add_to_cart,01/10/2026 20:05
137,49,search,01/10/2026 21:43
137,49,view,01/10/2026 22:03
137,49,click,01/10/2026 23:31
137,15,view,01/11/2026 1:08
137,48,search,01/11/2026 3:23
137,39,click,01/11/2026 3:34
137,42,add_to_cart,01/11/2026 4:32
137,18,add_to_cart,01/11/2026 4:53
137,18,remove_cart,01/11/2026 4:59
137,49,click,01/11/2026 6:00
137,18,view,01/11/2026 8:45
137,39,update_quantity,01/11/2026 10:15
137,17,search,01/11/2026 12:37
137,36,click,01/11/2026 13:25
137,50,add_to_cart,01/11/2026 13:45
137,50,view,01/11/2026 16:42
137,49,view,01/11/2026 17:44
137,19,search,01/11/2026 20:10
137,13,remove_cart,01/11/2026 22:12
137,50,purchase,01/11/2026 22:18
137,39,update_quantity,01/11/2026 23:24
137,38,view,01/12/2026 0:54
138,25,view,11/08/2025 8:49
138,25,click,11/08/2025 11:40
138,25,view,11/08/2025 13:53
138,25,view,11/08/2025 15:52
138,25,add_to_cart,11/08/2025 18:01
138,45,search,11/08/2025 20:02
138,11,view,11/08/2025 22:18
138,3,search,11/08/2025 23:03
138,25,view,11/08/2025 23:40
138,45,add_to_cart,11/09/2025 2:40
138,25,click,11/09/2025 3:08
138,45,click,11/09/2025 4:38
138,11,add_to_cart,11/09/2025 5:05
138,25,click,11/09/2025 7:45
138,45,purchase,11/09/2025 9:35
138,34,click,11/09/2025 11:52
138,5,search,11/09/2025 12:24
138,25,update_quantity,11/09/2025 15:18
138,25,view,11/09/2025 17:41
138,7,add_to_cart,11/09/2025 17:51
138,25,view,11/09/2025 19:10
138,19,view,11/09/2025 21:42
138,21,click,11/09/2025 23:37
138,25,remove_cart,11/10/2025 0:54
138,25,view,11/10/2025 3:07
138,27,view,11/10/2025 5:27
138,11,update_quantity,11/10/2025 7:02
138,25,view,11/10/2025 9:19
138,7,remove_cart,11/10/2025 10:34
138,34,click,11/10/2025 11:37
138,12,search,11/10/2025 14:05
138,34,click,11/10/2025 14:15
138,16,search,11/10/2025 14:44
138,14,view,11/10/2025 16:14
138,11,view,11/10/2025 18:41
138,11,update_quantity,11/10/2025 20:45
138,17,view,11/10/2025 22:21
138,11,update_quantity,11/10/2025 23:23
138,11,click,11/11/2025 0:47
138,34,click,11/11/2025 1:03
138,16,view,11/11/2025 2:25
139,18,click,12/24/2025 0:57
139,18,view,12/24/2025 1:27
139,18,add_to_cart,12/24/2025 1:52
139,18,remove_cart,12/24/2025 4:26
139,18,view,12/24/2025 5:22
139,13,view,12/24/2025 6:45
139,18,view,12/24/2025 8:57
139,40,click,12/24/2025 10:31
139,13,add_to_cart,12/24/2025 11:27
139,18,view,12/24/2025 12:32
139,27,click,12/24/2025 13:16
139,38,click,12/24/2025 15:36
139,18,add_to_cart,12/24/2025 17:41
139,18,view,12/24/2025 18:04
139,32,view,12/24/2025 18:40
139,11,add_to_cart,12/24/2025 19:18
139,18,remove_cart,12/24/2025 19:41
139,18,add_to_cart,12/24/2025 20:24
139,18,update_quantity,12/24/2025 21:09
139,18,update_quantity,12/24/2025 23:38
139,4,view,12/25/2025 0:28
139,11,search,12/25/2025 1:24
139,13,purchase,12/25/2025 2:51
139,11,add_to_cart,12/25/2025 4:49
139,11,view,12/25/2025 7:06
139,13,rate,12/25/2025 8:35
139,11,update_quantity,12/25/2025 8:42
139,11,view,12/25/2025 9:54
139,9,view,12/25/2025 12:11
139,40,search,12/25/2025 14:50
139,16,click,12/25/2025 17:13
139,50,add_to_cart,12/25/2025 19:33
139,40,view,12/25/2025 22:28
139,22,view,12/26/2025 1:06
139,9,view,12/26/2025 3:15
139,40,view,12/26/2025 5:22
139,40,add_to_cart,12/26/2025 8:17
139,31,click,12/26/2025 8:40
140,37,view,11/27/2025 7:30
140,37,view,11/27/2025 8:18
140,42,click,11/27/2025 11:12
140,20,search,11/27/2025 13:04
140,42,add_to_cart,11/27/2025 13:46
140,42,purchase,11/27/2025 15:26
140,42,rate,11/27/2025 18:10
140,20,view,11/27/2025 19:59
140,42,view,11/27/2025 22:05
140,15,search,11/28/2025 1:02
140,12,view,11/28/2025 4:03
140,10,view,11/28/2025 6:39
140,42,view,11/28/2025 9:22
140,24,search,11/28/2025 9:41
140,23,view,11/28/2025 11:11
140,24,click,11/28/2025 13:00
140,42,view,11/28/2025 13:11
140,42,view,11/28/2025 14:39
140,29,search,11/28/2025 16:05
140,24,click,11/28/2025 18:21
140,7,view,11/28/2025 20:47
140,33,view,11/28/2025 21:37
140,24,add_to_cart,11/28/2025 22:46
140,33,click,11/28/2025 23:17
140,24,update_quantity,11/29/2025 1:02
140,33,view,11/29/2025 2:01
140,33,add_to_cart,11/29/2025 4:36
140,25,view,11/29/2025 6:54
140,13,search,11/29/2025 8:59
140,33,view,11/29/2025 9:32
140,26,view,11/29/2025 11:28
140,8,search,11/29/2025 12:54
140,25,click,11/29/2025 15:38
140,33,view,11/29/2025 18:35
140,21,add_to_cart,11/29/2025 21:32
140,26,view,11/29/2025 23:49
140,30,click,11/30/2025 2:36
140,21,view,11/30/2025 4:13
140,33,click,11/30/2025 6:29
140,30,view,11/30/2025 7:58
140,24,purchase,11/30/2025 8:36
140,21,purchase,11/30/2025 9:50
140,21,rate,11/30/2025 11:01
140,26,click,11/30/2025 11:58
140,33,remove_cart,11/30/2025 14:20
140,26,click,11/30/2025 14:55
140,21,view,11/30/2025 16:07
140,21,click,11/30/2025 18:58
141,3,click,11/10/2025 4:33
141,3,view,11/10/2025 6:23
141,3,add_to_cart,11/10/2025 6:55
141,3,purchase,11/10/2025 7:54
141,3,rate,11/10/2025 10:19
141,23,click,11/10/2025 11:54
141,3,add_to_cart,11/10/2025 14:01
141,3,view,11/10/2025 16:40
141,26,click,11/10/2025 18:53
141,3,view,11/10/2025 21:41
141,7,search,11/10/2025 23:09
141,23,add_to_cart,11/11/2025 0:30
141,23,update_quantity,11/11/2025 3:29
141,23,purchase,11/11/2025 4:51
141,23,rate,11/11/2025 5:28
141,30,add_to_cart,11/11/2025 7:03
141,23,view,11/11/2025 9:00
141,34,add_to_cart,11/11/2025 9:38
141,30,update_quantity,11/11/2025 9:40
141,34,click,11/11/2025 10:01
141,3,update_quantity,11/11/2025 12:41
141,30,click,11/11/2025 14:59
141,34,remove_cart,11/11/2025 15:34
141,3,update_quantity,11/11/2025 16:31
141,33,click,11/11/2025 16:38
141,3,view,11/11/2025 17:35
141,30,remove_cart,11/11/2025 17:41
141,30,view,11/11/2025 18:15
141,30,click,11/11/2025 20:57
141,3,update_quantity,11/11/2025 21:17
141,3,remove_cart,11/12/2025 0:15
141,43,add_to_cart,11/12/2025 1:47
141,43,update_quantity,11/12/2025 4:27
141,43,view,11/12/2025 6:22
141,30,click,11/12/2025 6:26
141,30,view,11/12/2025 7:06
142,30,view,10/24/2025 19:12
142,32,add_to_cart,10/24/2025 22:09
142,30,click,10/24/2025 22:59
142,12,search,10/24/2025 23:57
142,1,search,10/25/2025 0:09
142,38,click,10/25/2025 2:10
142,47,click,10/25/2025 3:27
142,37,view,10/25/2025 4:09
142,30,add_to_cart,10/25/2025 6:07
142,28,click,10/25/2025 6:51
142,50,add_to_cart,10/25/2025 8:50
142,33,search,10/25/2025 9:19
142,50,click,10/25/2025 10:10
142,36,view,10/25/2025 11:35
142,34,search,10/25/2025 13:22
142,28,click,10/25/2025 15:20
142,36,view,10/25/2025 17:45
142,27,click,10/25/2025 18:29
142,38,add_to_cart,10/25/2025 20:43
142,38,purchase,10/25/2025 22:00
142,27,view,10/25/2025 23:23
142,49,add_to_cart,10/26/2025 0:52
142,27,view,10/26/2025 3:05
142,32,purchase,10/26/2025 3:21
142,27,view,10/26/2025 4:35
142,50,view,10/26/2025 5:20
142,30,purchase,10/26/2025 6:19
142,50,remove_cart,10/26/2025 6:30
142,27,view,10/26/2025 7:56
142,50,search,10/26/2025 10:15
142,27,add_to_cart,10/26/2025 10:23
142,50,click,10/26/2025 12:15
142,41,click,10/26/2025 13:52
142,5,add_to_cart,10/26/2025 16:27
142,20,add_to_cart,10/26/2025 16:49
142,50,add_to_cart,10/26/2025 19:05
142,10,view,10/26/2025 19:30
142,41,view,10/26/2025 21:42
142,41,click,10/27/2025 0:20
142,50,click,10/27/2025 2:51
142,20,remove_cart,10/27/2025 3:48
142,30,search,10/27/2025 5:29
142,50,purchase,10/27/2025 6:33
142,32,rate,10/27/2025 6:58
142,38,add_to_cart,10/27/2025 9:37
142,48,search,10/27/2025 12:36
142,5,purchase,10/27/2025 14:53
142,38,purchase,10/27/2025 16:22
142,30,rate,10/27/2025 17:36
142,37,search,10/27/2025 18:09
142,30,click,10/27/2025 19:23
142,31,add_to_cart,10/27/2025 21:19
142,30,view,10/27/2025 22:05
142,4,view,10/27/2025 22:14
142,38,view,10/27/2025 23:39
142,31,add_to_cart,10/28/2025 0:05
142,9,click,10/28/2025 3:06
142,29,view,10/28/2025 5:41
142,27,update_quantity,10/28/2025 7:17
142,31,remove_cart,10/28/2025 8:56
142,29,click,10/28/2025 10:27
142,27,click,10/28/2025 10:59
142,27,view,10/28/2025 12:21
142,12,search,10/28/2025 12:54
142,45,view,10/28/2025 15:31
142,25,search,10/28/2025 17:35
142,25,view,10/28/2025 18:27
143,27,view,01/06/2026 18:01
143,27,view,01/06/2026 20:31
143,27,add_to_cart,01/06/2026 23:20
143,27,purchase,01/07/2026 2:14
143,41,click,01/07/2026 4:24
143,27,click,01/07/2026 7:24
143,27,view,01/07/2026 8:18
143,3,click,01/07/2026 11:16
143,27,click,01/07/2026 12:00
143,12,click,01/07/2026 15:00
143,27,rate,01/07/2026 17:20
143,27,click,01/07/2026 19:06
143,34,add_to_cart,01/07/2026 19:57
143,6,view,01/07/2026 21:07
143,34,update_quantity,01/07/2026 23:11
143,34,view,01/08/2026 0:23
143,48,search,01/08/2026 1:24
143,34,add_to_cart,01/08/2026 1:35
143,34,purchase,01/08/2026 3:14
143,34,view,01/08/2026 6:11
143,6,view,01/08/2026 8:38
143,34,view,01/08/2026 8:53
143,34,view,01/08/2026 9:57
143,34,click,01/08/2026 12:57
143,46,view,01/08/2026 13:43
143,34,click,01/08/2026 16:01
143,1,search,01/08/2026 16:46
143,1,search,01/08/2026 17:28
143,28,view,01/08/2026 19:57
143,34,add_to_cart,01/08/2026 21:20
143,34,add_to_cart,01/08/2026 21:52
143,21,view,01/08/2026 22:42
143,34,update_quantity,01/08/2026 22:49
143,9,view,01/08/2026 23:48
143,33,view,01/09/2026 1:02
143,25,click,01/09/2026 3:52
143,33,add_to_cart,01/09/2026 5:34
143,25,view,01/09/2026 6:31
143,16,search,01/09/2026 8:23
143,33,click,01/09/2026 9:09
143,25,view,01/09/2026 9:44
143,29,add_to_cart,01/09/2026 10:24
143,43,view,01/09/2026 12:54
143,46,search,01/09/2026 14:34
143,20,search,01/09/2026 15:33
143,36,click,01/09/2026 18:05
143,20,view,01/09/2026 19:21
143,35,add_to_cart,01/09/2026 22:17
143,11,search,01/09/2026 22:33
143,20,view,01/09/2026 23:58
143,29,update_quantity,01/10/2026 2:58
143,37,search,01/10/2026 3:07
143,30,search,01/10/2026 5:29
143,36,click,01/10/2026 7:39
143,29,update_quantity,01/10/2026 10:22
144,28,search,03/08/2026 18:27
144,36,search,03/08/2026 20:13
144,28,view,03/08/2026 22:37
144,11,view,03/09/2026 0:34
144,43,search,03/09/2026 3:27
144,28,view,03/09/2026 6:15
144,43,click,03/09/2026 7:59
144,36,add_to_cart,03/09/2026 8:50
144,9,search,03/09/2026 10:23
144,36,purchase,03/09/2026 10:30
144,11,view,03/09/2026 12:30
144,36,rate,03/09/2026 15:16
144,9,search,03/09/2026 18:16
144,41,view,03/09/2026 21:12
144,26,search,03/09/2026 23:54
144,47,click,03/10/2026 0:59
144,36,view,03/10/2026 1:55
144,48,view,03/10/2026 3:29
144,36,view,03/10/2026 3:50
144,37,click,03/10/2026 6:44
144,4,search,03/10/2026 9:12
144,43,click,03/10/2026 12:11
144,36,click,03/10/2026 13:14
144,31,view,03/10/2026 16:08
144,48,view,03/10/2026 18:32
144,31,click,03/10/2026 19:42
144,37,view,03/10/2026 21:27
144,31,view,03/10/2026 21:56
144,4,view,03/10/2026 23:48
144,4,view,03/11/2026 1:34
144,29,add_to_cart,03/11/2026 1:36
144,29,purchase,03/11/2026 2:20
144,4,click,03/11/2026 4:01
144,30,view,03/11/2026 4:21
144,40,add_to_cart,03/11/2026 7:18
144,29,add_to_cart,03/11/2026 7:49
144,40,update_quantity,03/11/2026 9:17
144,24,view,03/11/2026 11:52
144,29,purchase,03/11/2026 12:50
144,4,view,03/11/2026 14:28
145,27,view,11/22/2025 5:17
145,27,click,11/22/2025 5:28
145,27,view,11/22/2025 5:31
145,45,click,11/22/2025 6:49
145,5,view,11/22/2025 7:40
145,24,click,11/22/2025 9:36
145,5,view,11/22/2025 10:01
145,27,view,11/22/2025 10:55
145,48,search,11/22/2025 13:09
145,11,view,11/22/2025 15:10
145,13,view,11/22/2025 17:07
145,24,click,11/22/2025 18:48
145,27,view,11/22/2025 20:40
145,41,search,11/22/2025 21:27
145,9,search,11/22/2025 23:27
145,27,click,11/22/2025 23:50
145,21,view,11/23/2025 2:22
145,11,view,11/23/2025 5:08
145,27,view,11/23/2025 7:25
145,47,search,11/23/2025 8:12
145,29,add_to_cart,11/23/2025 10:20
145,27,view,11/23/2025 12:59
145,27,click,11/23/2025 13:35
145,45,view,11/23/2025 13:44
145,16,click,11/23/2025 16:12
145,29,click,11/23/2025 16:32
145,47,click,11/23/2025 18:11
145,29,update_quantity,11/23/2025 18:22
145,18,search,11/23/2025 18:30
145,18,view,11/23/2025 19:26
145,7,click,11/23/2025 21:07
145,45,click,11/23/2025 21:15
145,29,view,11/23/2025 23:03
145,45,search,11/24/2025 0:09
145,31,view,11/24/2025 2:49
145,49,view,11/24/2025 2:57
145,31,add_to_cart,11/24/2025 3:04
145,40,search,11/24/2025 5:17
145,31,view,11/24/2025 6:35
145,31,add_to_cart,11/24/2025 8:33
145,49,click,11/24/2025 10:43
145,19,add_to_cart,11/24/2025 12:18
145,19,search,11/24/2025 14:15
145,14,click,11/24/2025 16:45
145,23,view,11/24/2025 18:49
145,14,click,11/24/2025 20:32
145,29,purchase,11/24/2025 21:15
145,14,add_to_cart,11/24/2025 23:22
145,47,click,11/25/2025 1:23
145,14,click,11/25/2025 3:17
145,14,view,11/25/2025 5:41
145,14,click,11/25/2025 8:24
145,14,click,11/25/2025 10:28
145,29,search,11/25/2025 10:56
145,12,view,11/25/2025 13:15
145,42,search,11/25/2025 16:00
145,13,view,11/25/2025 17:22
145,19,purchase,11/25/2025 17:57
145,42,click,11/25/2025 19:09
145,2,add_to_cart,11/25/2025 20:15
145,42,click,11/25/2025 20:35
145,2,purchase,11/25/2025 23:22
145,27,click,11/26/2025 0:08
145,42,view,11/26/2025 1:03
145,31,purchase,11/26/2025 3:06
145,48,search,11/26/2025 3:37
145,2,click,11/26/2025 5:19
145,14,update_quantity,11/26/2025 6:35
145,14,update_quantity,11/26/2025 8:17
145,13,click,11/26/2025 10:49
145,14,view,11/26/2025 11:39
145,14,add_to_cart,11/26/2025 11:58
145,14,purchase,11/26/2025 14:35
145,16,search,11/26/2025 17:10
145,18,click,11/26/2025 19:40
145,14,view,11/26/2025 21:09
145,37,view,11/26/2025 23:48
145,14,view,11/27/2025 2:00
145,50,add_to_cart,11/27/2025 2:49
145,46,search,11/27/2025 5:27
146,28,search,03/03/2026 17:29
146,28,view,03/03/2026 18:16
146,33,view,03/03/2026 18:40
146,28,click,03/03/2026 20:57
146,28,add_to_cart,03/03/2026 21:09
146,28,update_quantity,03/03/2026 22:03
146,28,remove_cart,03/04/2026 0:35
146,22,view,03/04/2026 1:42
146,17,click,03/04/2026 4:24
146,13,search,03/04/2026 5:37
146,42,click,03/04/2026 6:10
146,4,view,03/04/2026 8:41
146,28,view,03/04/2026 10:45
146,30,view,03/04/2026 13:07
146,7,click,03/04/2026 14:33
146,34,view,03/04/2026 14:53
146,38,add_to_cart,03/04/2026 17:44
146,42,click,03/04/2026 19:49
146,7,add_to_cart,03/04/2026 19:59
146,7,update_quantity,03/04/2026 20:14
146,10,search,03/04/2026 21:04
146,7,update_quantity,03/04/2026 21:50
146,42,view,03/04/2026 22:08
146,11,search,03/05/2026 1:08
146,7,update_quantity,03/05/2026 3:22
146,42,click,03/05/2026 5:59
146,9,click,03/05/2026 6:50
146,11,view,03/05/2026 9:13
146,11,click,03/05/2026 11:39
146,7,view,03/05/2026 12:17
146,8,view,03/05/2026 13:06
146,11,click,03/05/2026 13:53
146,11,add_to_cart,03/05/2026 13:58
146,11,view,03/05/2026 14:46
146,11,update_quantity,03/05/2026 17:44
146,2,click,03/05/2026 19:11
146,36,view,03/05/2026 21:57
146,11,click,03/05/2026 23:02
146,38,update_quantity,03/05/2026 23:29
146,7,view,03/05/2026 23:48
146,50,search,03/06/2026 2:22
146,25,add_to_cart,03/06/2026 4:29
146,5,search,03/06/2026 7:20
146,36,view,03/06/2026 7:31
146,50,click,03/06/2026 7:53
146,2,search,03/06/2026 9:41
146,25,purchase,03/06/2026 11:07
146,35,view,03/06/2026 12:47
146,50,add_to_cart,03/06/2026 13:34
146,35,add_to_cart,03/06/2026 14:30
146,50,add_to_cart,03/06/2026 16:53
146,35,view,03/06/2026 17:15
146,35,update_quantity,03/06/2026 17:48
146,28,add_to_cart,03/06/2026 19:26
146,11,purchase,03/06/2026 20:29
146,28,view,03/06/2026 22:50
147,16,view,02/26/2026 23:40
147,16,view,02/27/2026 2:38
147,16,click,02/27/2026 4:30
147,16,view,02/27/2026 5:50
147,16,view,02/27/2026 8:00
147,16,add_to_cart,02/27/2026 8:57
147,29,search,02/27/2026 11:32
147,27,view,02/27/2026 11:37
147,16,add_to_cart,02/27/2026 13:42
147,6,search,02/27/2026 16:33
147,6,view,02/27/2026 19:14
147,6,click,02/27/2026 21:58
147,19,search,02/27/2026 22:45
147,6,add_to_cart,02/28/2026 1:18
147,6,search,02/28/2026 1:20
147,16,add_to_cart,02/28/2026 1:35
147,16,update_quantity,02/28/2026 4:30
147,8,search,02/28/2026 4:56
147,6,view,02/28/2026 5:08
147,41,view,02/28/2026 6:19
147,4,search,02/28/2026 8:08
147,46,search,02/28/2026 9:30
147,19,click,02/28/2026 11:33
147,10,search,02/28/2026 13:18
147,19,add_to_cart,02/28/2026 16:01
147,19,purchase,02/28/2026 18:21
147,16,purchase,02/28/2026 19:21
147,19,rate,02/28/2026 21:55
147,41,search,02/28/2026 22:31
147,19,view,03/01/2026 1:26
147,19,add_to_cart,03/01/2026 2:58
147,27,view,03/01/2026 3:56
147,19,view,03/01/2026 4:02
147,19,click,03/01/2026 4:49
147,19,add_to_cart,03/01/2026 5:33
148,26,search,11/11/2025 22:14
148,26,view,11/11/2025 22:21
148,2,add_to_cart,11/11/2025 22:50
148,26,add_to_cart,11/11/2025 23:25
148,2,click,11/12/2025 0:28
148,12,view,11/12/2025 1:01
148,2,click,11/12/2025 3:36
148,48,view,11/12/2025 5:31
148,35,click,11/12/2025 7:53
148,15,search,11/12/2025 8:32
148,26,remove_cart,11/12/2025 10:58
148,2,update_quantity,11/12/2025 11:07
148,19,search,11/12/2025 11:15
148,31,click,11/12/2025 12:07
148,24,click,11/12/2025 13:50
148,2,remove_cart,11/12/2025 15:16
148,26,click,11/12/2025 16:29
148,23,search,11/12/2025 18:11
148,24,click,11/12/2025 20:16
148,37,view,11/12/2025 22:27
148,16,add_to_cart,11/12/2025 23:36
148,2,click,11/13/2025 0:39
148,16,purchase,11/13/2025 2:25
148,26,add_to_cart,11/13/2025 3:07
148,16,rate,11/13/2025 5:02
148,40,click,11/13/2025 6:48
148,16,add_to_cart,11/13/2025 6:55
148,40,view,11/13/2025 8:34
148,45,click,11/13/2025 9:39
148,36,click,11/13/2025 12:37
148,19,add_to_cart,11/13/2025 13:27
148,19,search,11/13/2025 15:27
148,16,purchase,11/13/2025 16:20
148,45,click,11/13/2025 16:43
148,5,view,11/13/2025 18:24
148,45,view,11/13/2025 19:58
148,26,update_quantity,11/13/2025 21:12
148,19,add_to_cart,11/13/2025 22:21
148,19,update_quantity,11/13/2025 22:43
148,19,click,11/14/2025 1:34
148,31,view,11/14/2025 3:45
148,38,click,11/14/2025 5:46
148,22,search,11/14/2025 7:52
148,14,view,11/14/2025 8:11
148,21,view,11/14/2025 10:24
148,19,purchase,11/14/2025 12:48
148,19,rate,11/14/2025 14:42
148,19,click,11/14/2025 14:53
148,45,click,11/14/2025 16:41
148,41,search,11/14/2025 18:18
148,23,add_to_cart,11/14/2025 19:00
148,45,click,11/14/2025 19:38
148,26,remove_cart,11/14/2025 21:10
148,23,click,11/14/2025 23:43
148,29,view,11/15/2025 1:36
148,23,purchase,11/15/2025 3:04
148,23,rate,11/15/2025 4:34
148,41,search,11/15/2025 6:58
148,34,search,11/15/2025 7:03
148,23,add_to_cart,11/15/2025 7:28
148,41,click,11/15/2025 9:45
148,42,view,11/15/2025 11:33
148,23,remove_cart,11/15/2025 13:23
148,2,view,11/15/2025 14:37
148,34,click,11/15/2025 16:12
148,35,search,11/15/2025 17:27
148,40,search,11/15/2025 17:41
148,23,view,11/15/2025 18:39
148,2,view,11/15/2025 21:18
148,23,click,11/15/2025 23:05
148,40,click,11/16/2025 0:13
148,28,view,11/16/2025 1:50
148,40,view,11/16/2025 3:09
148,50,search,11/16/2025 6:04
148,21,search,11/16/2025 6:52
148,23,add_to_cart,11/16/2025 7:16
148,23,purchase,11/16/2025 10:07
148,21,add_to_cart,11/16/2025 11:13
148,30,search,11/16/2025 12:43
148,50,click,11/16/2025 14:36
149,26,search,02/20/2026 8:46
149,37,search,02/20/2026 10:56
149,21,click,02/20/2026 12:38
149,48,view,02/20/2026 13:47
149,50,view,02/20/2026 14:13
149,35,view,02/20/2026 15:58
149,2,search,02/20/2026 16:51
149,21,add_to_cart,02/20/2026 17:42
149,21,remove_cart,02/20/2026 18:51
149,21,view,02/20/2026 21:14
149,21,search,02/20/2026 22:42
149,50,view,02/20/2026 23:51
149,21,click,02/21/2026 1:53
149,20,add_to_cart,02/21/2026 4:37
149,50,view,02/21/2026 7:18
149,21,add_to_cart,02/21/2026 8:32
149,21,update_quantity,02/21/2026 8:45
149,50,click,02/21/2026 11:07
149,25,search,02/21/2026 13:42
149,21,view,02/21/2026 13:57
149,50,view,02/21/2026 15:25
149,35,search,02/21/2026 16:56
149,10,view,02/21/2026 17:13
149,21,click,02/21/2026 19:38
149,35,click,02/21/2026 21:54
149,17,view,02/21/2026 22:32
149,38,click,02/21/2026 23:56
149,21,view,02/22/2026 1:36
149,27,view,02/22/2026 2:33
149,35,view,02/22/2026 3:53
149,49,click,02/22/2026 5:36
149,35,view,02/22/2026 6:19
149,20,update_quantity,02/22/2026 7:27
149,20,remove_cart,02/22/2026 8:52
149,21,remove_cart,02/22/2026 11:11
149,8,add_to_cart,02/22/2026 13:35
149,35,view,02/22/2026 15:21
149,21,view,02/22/2026 15:39
149,46,add_to_cart,02/22/2026 17:43
149,3,search,02/22/2026 18:36
149,46,update_quantity,02/22/2026 20:43
149,21,add_to_cart,02/22/2026 23:05
149,29,click,02/23/2026 1:32
149,3,view,02/23/2026 3:27
149,21,add_to_cart,02/23/2026 4:35
149,3,view,02/23/2026 6:00
149,29,click,02/23/2026 6:17
149,21,add_to_cart,02/23/2026 8:24
149,21,update_quantity,02/23/2026 11:24
149,5,click,02/23/2026 14:20
149,37,search,02/23/2026 16:41
149,37,add_to_cart,02/23/2026 17:37
149,3,view,02/23/2026 19:36
149,49,search,02/23/2026 22:03
149,21,click,02/23/2026 23:29
149,39,search,02/24/2026 0:21
149,46,remove_cart,02/24/2026 2:15
149,22,view,02/24/2026 2:23
149,39,view,02/24/2026 2:50
149,37,click,02/24/2026 5:47
149,22,add_to_cart,02/24/2026 7:05
149,10,search,02/24/2026 9:59
149,15,search,02/24/2026 12:28
149,21,update_quantity,02/24/2026 13:42
149,23,search,02/24/2026 14:36
149,22,add_to_cart,02/24/2026 16:51
149,24,add_to_cart,02/24/2026 16:55
149,23,click,02/24/2026 18:02
149,2,search,02/24/2026 19:16
149,23,click,02/24/2026 21:13
149,24,update_quantity,02/24/2026 21:36
149,45,add_to_cart,02/24/2026 22:00
149,45,view,02/24/2026 22:08
149,22,click,02/25/2026 0:37
149,44,click,02/25/2026 2:19
149,23,view,02/25/2026 2:53
149,49,view,02/25/2026 4:50
149,45,update_quantity,02/25/2026 6:30
149,24,add_to_cart,02/25/2026 8:19
149,13,add_to_cart,02/25/2026 8:52
150,34,view,10/23/2025 22:02
150,45,search,10/23/2025 22:05
150,50,view,10/24/2025 0:35
150,34,view,10/24/2025 2:56
150,50,view,10/24/2025 4:00
150,25,add_to_cart,10/24/2025 5:12
150,25,update_quantity,10/24/2025 6:00
150,34,add_to_cart,10/24/2025 8:40
150,34,view,10/24/2025 9:33
150,25,click,10/24/2025 9:40
150,25,click,10/24/2025 11:38
150,47,search,10/24/2025 13:23
150,50,view,10/24/2025 14:43
150,25,remove_cart,10/24/2025 15:05
150,32,search,10/24/2025 17:36
150,34,purchase,10/24/2025 18:45
150,32,view,10/24/2025 21:35
150,49,view,10/24/2025 21:41
150,18,view,10/24/2025 22:11
150,34,rate,10/24/2025 23:17
150,34,view,10/25/2025 0:31
150,32,click,10/25/2025 3:24
150,39,add_to_cart,10/25/2025 4:16
150,16,click,10/25/2025 5:20
150,9,search,10/25/2025 5:43
150,31,search,10/25/2025 6:30
150,31,click,10/25/2025 8:12
150,34,click,10/25/2025 10:50
150,42,search,10/25/2025 11:05
150,32,view,10/25/2025 11:48
150,40,add_to_cart,10/25/2025 13:44
150,40,remove_cart,10/25/2025 16:04
150,39,purchase,10/25/2025 16:13
150,32,view,10/25/2025 18:43
150,19,click,10/25/2025 19:51
150,32,view,10/25/2025 20:57
150,39,click,10/25/2025 21:43
150,25,click,10/25/2025 22:26
150,40,click,10/25/2025 23:01
150,48,view,10/25/2025 23:30
150,40,search,10/26/2025 1:01
150,25,view,10/26/2025 1:53
150,40,view,10/26/2025 2:35
150,14,add_to_cart,10/26/2025 4:10
150,41,search,10/26/2025 7:05
150,25,search,10/26/2025 9:54
150,40,view,10/26/2025 11:36
150,20,search,10/26/2025 14:20
150,20,view,10/26/2025 15:07
150,40,add_to_cart,10/26/2025 16:06
150,38,view,10/26/2025 17:17
150,18,click,10/26/2025 17:37
150,39,rate,10/26/2025 19:36
150,2,add_to_cart,10/26/2025 20:50
150,40,view,10/26/2025 23:46
151,43,click,12/10/2025 7:13
151,43,view,12/10/2025 9:32
151,2,view,12/10/2025 11:20
151,43,add_to_cart,12/10/2025 11:26
151,43,purchase,12/10/2025 12:43
151,36,search,12/10/2025 14:35
151,2,view,12/10/2025 16:08
151,43,view,12/10/2025 16:41
151,35,add_to_cart,12/10/2025 18:38
151,50,view,12/10/2025 20:12
151,43,view,12/10/2025 21:23
151,36,add_to_cart,12/10/2025 23:11
151,41,add_to_cart,12/11/2025 1:44
151,35,purchase,12/11/2025 3:12
151,35,rate,12/11/2025 4:15
151,33,search,12/11/2025 5:06
151,5,click,12/11/2025 5:42
151,8,click,12/11/2025 6:47
151,41,update_quantity,12/11/2025 9:27
151,10,search,12/11/2025 11:29
151,18,click,12/11/2025 12:25
151,29,view,12/11/2025 13:25
151,15,add_to_cart,12/11/2025 15:48
151,29,view,12/11/2025 18:26
151,43,rate,12/11/2025 20:41
151,41,purchase,12/11/2025 23:15
151,22,add_to_cart,12/12/2025 0:23
151,15,click,12/12/2025 1:46
151,46,search,12/12/2025 1:51
151,6,search,12/12/2025 2:45
151,34,search,12/12/2025 4:40
151,29,view,12/12/2025 7:36
151,20,click,12/12/2025 7:48
151,43,view,12/12/2025 8:33
151,43,add_to_cart,12/12/2025 8:46
151,24,view,12/12/2025 9:17
151,43,view,12/12/2025 10:22
151,6,search,12/12/2025 13:10
151,43,click,12/12/2025 14:21
151,43,click,12/12/2025 16:24
152,23,click,01/06/2026 17:55
152,23,view,01/06/2026 17:58
152,28,add_to_cart,01/06/2026 20:37
152,41,view,01/06/2026 20:44
152,23,view,01/06/2026 22:48
152,46,add_to_cart,01/07/2026 0:41
152,41,click,01/07/2026 0:46
152,23,view,01/07/2026 1:59
152,35,add_to_cart,01/07/2026 4:05
152,33,search,01/07/2026 4:07
152,43,view,01/07/2026 6:34
152,18,search,01/07/2026 8:55
152,35,view,01/07/2026 11:29
152,35,click,01/07/2026 12:19
152,46,purchase,01/07/2026 15:19
152,7,click,01/07/2026 15:50
152,35,update_quantity,01/07/2026 18:24
152,46,click,01/07/2026 21:23
152,12,search,01/07/2026 22:16
152,11,view,01/08/2026 0:54
152,35,update_quantity,01/08/2026 2:56
152,28,purchase,01/08/2026 4:49
152,35,add_to_cart,01/08/2026 6:54
152,35,purchase,01/08/2026 9:54
152,5,search,01/08/2026 12:33
152,5,view,01/08/2026 12:41
152,28,click,01/08/2026 14:46
152,1,search,01/08/2026 15:25
152,5,add_to_cart,01/08/2026 16:57
152,5,purchase,01/08/2026 19:57
152,5,click,01/08/2026 22:17
152,6,add_to_cart,01/08/2026 22:35
152,49,view,01/08/2026 22:44
152,29,search,01/08/2026 23:28
152,5,view,01/08/2026 23:53
152,3,view,01/09/2026 1:37
152,29,search,01/09/2026 4:31
152,49,add_to_cart,01/09/2026 7:00
152,5,view,01/09/2026 7:41
152,29,click,01/09/2026 8:50
152,6,purchase,01/09/2026 11:50
152,35,rate,01/09/2026 12:24
152,49,update_quantity,01/09/2026 14:30
152,30,search,01/09/2026 16:42
152,6,click,01/09/2026 17:20
152,6,view,01/09/2026 20:04
152,15,add_to_cart,01/09/2026 20:20
152,35,add_to_cart,01/09/2026 21:26
152,39,add_to_cart,01/09/2026 23:39
152,49,update_quantity,01/10/2026 1:21
152,15,click,01/10/2026 3:02
152,13,search,01/10/2026 5:17
152,40,search,01/10/2026 7:03
152,28,search,01/10/2026 7:39
152,28,add_to_cart,01/10/2026 10:27
152,47,add_to_cart,01/10/2026 11:07
152,2,view,01/10/2026 12:55
152,15,view,01/10/2026 14:23
152,39,remove_cart,01/10/2026 15:28
152,28,add_to_cart,01/10/2026 15:41
152,15,search,01/10/2026 18:18
152,28,add_to_cart,01/10/2026 18:30
152,49,purchase,01/10/2026 20:43
152,47,remove_cart,01/10/2026 23:24
152,27,search,01/10/2026 23:59
152,28,update_quantity,01/11/2026 1:47
152,28,add_to_cart,01/11/2026 2:15
152,1,view,01/11/2026 2:22
152,16,view,01/11/2026 4:23
152,48,click,01/11/2026 6:51
152,15,update_quantity,01/11/2026 8:41
152,1,click,01/11/2026 10:21
152,35,remove_cart,01/11/2026 13:03
152,28,search,01/11/2026 13:25
152,8,view,01/11/2026 16:09
152,1,click,01/11/2026 18:00
152,28,purchase,01/11/2026 20:44
153,24,view,12/20/2025 10:17
153,21,view,12/20/2025 10:51
153,21,view,12/20/2025 12:25
153,23,search,12/20/2025 13:19
153,21,click,12/20/2025 14:18
153,21,click,12/20/2025 15:14
153,21,view,12/20/2025 15:59
153,14,view,12/20/2025 18:16
153,50,click,12/20/2025 18:38
153,21,view,12/20/2025 21:15
153,21,view,12/20/2025 22:33
153,21,view,12/20/2025 23:27
153,38,search,12/21/2025 0:05
153,21,view,12/21/2025 1:35
153,21,add_to_cart,12/21/2025 3:12
153,21,add_to_cart,12/21/2025 4:39
153,48,search,12/21/2025 5:01
153,36,search,12/21/2025 7:31
153,4,click,12/21/2025 7:57
153,50,search,12/21/2025 9:50
153,5,view,12/21/2025 10:26
153,8,search,12/21/2025 10:35
153,13,view,12/21/2025 12:53
153,39,view,12/21/2025 15:24
153,4,click,12/21/2025 16:45
153,21,search,12/21/2025 16:53
153,4,click,12/21/2025 18:57
153,8,view,12/21/2025 19:57
153,8,search,12/21/2025 22:07
153,21,update_quantity,12/22/2025 1:04
153,15,search,12/22/2025 2:00
153,33,view,12/22/2025 2:40
153,15,click,12/22/2025 4:07
153,49,add_to_cart,12/22/2025 5:06
153,49,update_quantity,12/22/2025 6:27
153,4,search,12/22/2025 7:02
153,21,remove_cart,12/22/2025 9:32
153,48,view,12/22/2025 10:49
153,48,view,12/22/2025 11:09
153,34,search,12/22/2025 11:38
153,36,click,12/22/2025 12:19
153,48,add_to_cart,12/22/2025 13:38
153,37,view,12/22/2025 14:44
153,49,remove_cart,12/22/2025 16:59
153,48,view,12/22/2025 18:45
153,48,view,12/22/2025 20:57
153,17,search,12/22/2025 21:37
153,42,view,12/22/2025 22:31
153,37,view,12/23/2025 1:08
153,7,click,12/23/2025 2:58
153,8,search,12/23/2025 5:53
153,8,view,12/23/2025 8:02
153,7,view,12/23/2025 9:56
153,12,search,12/23/2025 11:36
153,24,search,12/23/2025 12:57
153,41,add_to_cart,12/23/2025 13:51
153,48,purchase,12/23/2025 14:40
153,9,add_to_cart,12/23/2025 16:58
153,12,click,12/23/2025 19:24
153,24,view,12/23/2025 20:35
154,6,view,11/03/2025 1:58
154,35,search,11/03/2025 3:04
154,6,click,11/03/2025 4:45
154,35,click,11/03/2025 5:09
154,14,search,11/03/2025 7:26
154,22,view,11/03/2025 7:36
154,35,view,11/03/2025 9:19
154,14,add_to_cart,11/03/2025 10:49
154,14,update_quantity,11/03/2025 11:48
154,6,click,11/03/2025 13:44
154,35,view,11/03/2025 14:45
154,35,add_to_cart,11/03/2025 14:59
154,14,view,11/03/2025 16:39
154,35,purchase,11/03/2025 17:52
154,35,rate,11/03/2025 19:30
154,6,view,11/03/2025 22:27
154,44,view,11/04/2025 1:28
154,14,click,11/04/2025 3:23
154,14,add_to_cart,11/04/2025 5:50
154,14,update_quantity,11/04/2025 8:40
154,14,remove_cart,11/04/2025 10:25
154,18,search,11/04/2025 10:59
154,14,click,11/04/2025 13:27
154,18,add_to_cart,11/04/2025 14:38
154,44,add_to_cart,11/04/2025 17:33
154,16,view,11/04/2025 20:00
154,17,view,11/04/2025 20:37
154,28,view,11/04/2025 21:49
154,18,view,11/04/2025 22:17
154,18,view,11/05/2025 0:13
154,16,click,11/05/2025 2:10
154,17,click,11/05/2025 4:52
154,42,click,11/05/2025 6:27
154,42,add_to_cart,11/05/2025 7:08
154,38,search,11/05/2025 9:55
154,12,view,11/05/2025 12:36
154,18,remove_cart,11/05/2025 15:09
154,42,view,11/05/2025 16:31
154,44,remove_cart,11/05/2025 17:57
154,42,update_quantity,11/05/2025 19:37
154,42,view,11/05/2025 21:17
154,42,remove_cart,11/05/2025 23:17
154,42,click,11/06/2025 0:22
154,42,view,11/06/2025 2:32
154,17,click,11/06/2025 2:58
154,42,view,11/06/2025 3:08
154,39,search,11/06/2025 3:30
154,42,add_to_cart,11/06/2025 4:27
154,34,search,11/06/2025 5:25
154,5,search,11/06/2025 6:51
154,34,click,11/06/2025 7:21
155,36,view,02/04/2026 21:13
155,36,click,02/04/2026 22:13
155,18,view,02/05/2026 0:09
155,2,search,02/05/2026 0:17
155,18,view,02/05/2026 1:45
155,37,view,02/05/2026 4:21
155,43,search,02/05/2026 6:27
155,31,click,02/05/2026 8:09
155,41,click,02/05/2026 8:15
155,37,add_to_cart,02/05/2026 10:42
155,2,view,02/05/2026 11:54
155,31,search,02/05/2026 13:22
155,14,add_to_cart,02/05/2026 13:29
155,41,add_to_cart,02/05/2026 16:09
155,31,view,02/05/2026 17:30
155,40,view,02/05/2026 18:35
155,28,click,02/05/2026 18:45
155,48,view,02/05/2026 20:08
155,31,click,02/05/2026 21:39
155,44,click,02/05/2026 22:51
155,12,add_to_cart,02/06/2026 1:45
155,12,click,02/06/2026 4:08
155,41,remove_cart,02/06/2026 5:28
155,48,click,02/06/2026 7:44
155,44,add_to_cart,02/06/2026 9:13
155,12,purchase,02/06/2026 9:36
155,44,add_to_cart,02/06/2026 11:48
155,25,click,02/06/2026 12:50
155,22,click,02/06/2026 13:07
155,44,update_quantity,02/06/2026 15:36
155,13,view,02/06/2026 16:50
155,34,search,02/06/2026 18:34
155,49,search,02/06/2026 18:53
155,14,purchase,02/06/2026 20:44
155,25,view,02/06/2026 23:05
155,27,click,02/07/2026 0:39
155,6,view,02/07/2026 1:27
155,45,click,02/07/2026 2:51
155,37,purchase,02/07/2026 3:22
155,26,search,02/07/2026 5:14
155,44,purchase,02/07/2026 5:56
156,42,view,12/03/2025 7:53
156,7,view,12/03/2025 9:35
156,33,click,12/03/2025 10:06
156,28,search,12/03/2025 11:41
156,22,add_to_cart,12/03/2025 13:06
156,7,add_to_cart,12/03/2025 15:39
156,22,update_quantity,12/03/2025 16:01
156,19,click,12/03/2025 17:06
156,22,view,12/03/2025 19:22
156,8,search,12/03/2025 19:55
156,2,add_to_cart,12/03/2025 22:16
156,19,add_to_cart,12/04/2025 0:58
156,19,add_to_cart,12/04/2025 1:32
156,19,view,12/04/2025 2:01
156,27,search,12/04/2025 3:36
156,19,view,12/04/2025 5:43
156,22,purchase,12/04/2025 5:53
156,21,click,12/04/2025 6:30
156,2,update_quantity,12/04/2025 8:09
156,21,add_to_cart,12/04/2025 10:43
156,19,view,12/04/2025 12:21
156,21,add_to_cart,12/04/2025 12:48
156,32,click,12/04/2025 13:11
156,38,search,12/04/2025 15:18
156,19,view,12/04/2025 17:11
156,32,click,12/04/2025 18:05
156,46,search,12/04/2025 20:32
156,15,search,12/04/2025 22:03
156,2,update_quantity,12/04/2025 23:35
156,48,add_to_cart,12/05/2025 2:28
156,19,update_quantity,12/05/2025 3:50
156,39,add_to_cart,12/05/2025 6:14
156,7,purchase,12/05/2025 6:52
156,42,search,12/05/2025 9:41
156,2,view,12/05/2025 12:13
156,17,click,12/05/2025 14:29
156,6,search,12/05/2025 17:24
156,6,view,12/05/2025 19:11
156,2,purchase,12/05/2025 19:45
156,7,rate,12/05/2025 19:50
156,6,view,12/05/2025 21:42
156,6,click,12/05/2025 23:14
156,2,rate,12/05/2025 23:21
156,35,add_to_cart,12/06/2025 0:50
156,23,view,12/06/2025 3:35
156,39,search,12/06/2025 4:07
156,2,view,12/06/2025 6:43
156,41,search,12/06/2025 8:52
156,29,search,12/06/2025 10:05
156,39,add_to_cart,12/06/2025 10:41
156,48,update_quantity,12/06/2025 13:13
156,21,remove_cart,12/06/2025 13:53
156,21,search,12/06/2025 15:12
156,29,view,12/06/2025 17:11
156,2,click,12/06/2025 18:26
156,41,add_to_cart,12/06/2025 19:58
156,39,click,12/06/2025 22:22
156,2,view,12/06/2025 23:22
156,48,view,12/07/2025 0:42
157,47,view,10/23/2025 20:25
157,47,add_to_cart,10/23/2025 22:23
157,47,view,10/23/2025 22:37
157,47,click,10/24/2025 0:01
157,47,update_quantity,10/24/2025 2:25
157,47,add_to_cart,10/24/2025 5:13
157,47,remove_cart,10/24/2025 5:59
157,48,add_to_cart,10/24/2025 7:24
157,25,click,10/24/2025 9:39
157,47,view,10/24/2025 11:03
157,22,view,10/24/2025 11:43
157,47,click,10/24/2025 14:20
157,48,purchase,10/24/2025 17:11
157,17,search,10/24/2025 19:03
157,5,search,10/24/2025 21:49
157,11,search,10/25/2025 0:05
157,4,add_to_cart,10/25/2025 2:52
157,4,purchase,10/25/2025 4:10
157,50,click,10/25/2025 5:32
157,11,view,10/25/2025 6:44
157,30,search,10/25/2025 6:49
157,11,add_to_cart,10/25/2025 8:10
157,32,search,10/25/2025 9:43
157,30,add_to_cart,10/25/2025 11:07
157,40,view,10/25/2025 12:03
157,15,add_to_cart,10/25/2025 13:32
157,11,add_to_cart,10/25/2025 14:13
157,30,purchase,10/25/2025 15:22
157,41,view,10/25/2025 17:41
157,30,add_to_cart,10/25/2025 17:57
157,2,click,10/25/2025 19:30
157,2,view,10/25/2025 21:01
157,15,purchase,10/25/2025 21:12
157,30,update_quantity,10/25/2025 23:12
157,15,view,10/26/2025 1:04
157,30,purchase,10/26/2025 3:04
157,49,search,10/26/2025 4:40
157,11,update_quantity,10/26/2025 7:05
157,42,search,10/26/2025 8:26
157,11,update_quantity,10/26/2025 9:30
157,41,add_to_cart,10/26/2025 10:14
157,11,add_to_cart,10/26/2025 12:01
157,13,view,10/26/2025 13:54
157,11,update_quantity,10/26/2025 14:26
157,11,purchase,10/26/2025 15:13
157,41,purchase,10/26/2025 15:56
157,33,view,10/26/2025 17:52
157,47,view,10/26/2025 18:42
157,47,click,10/26/2025 19:03
157,44,search,10/26/2025 22:00
157,44,view,10/26/2025 22:38
157,11,click,10/26/2025 23:13
157,44,view,10/27/2025 1:26
157,49,view,10/27/2025 3:28
157,9,search,10/27/2025 3:50
157,44,view,10/27/2025 6:02
157,25,search,10/27/2025 8:01
157,9,add_to_cart,10/27/2025 10:43
157,9,purchase,10/27/2025 12:23
157,9,add_to_cart,10/27/2025 15:08
157,9,update_quantity,10/27/2025 15:32
157,20,add_to_cart,10/27/2025 18:25
157,21,add_to_cart,10/27/2025 19:14
157,36,view,10/27/2025 20:03
157,8,click,10/27/2025 20:53
157,6,click,10/27/2025 23:13
157,21,update_quantity,10/28/2025 0:06
157,21,purchase,10/28/2025 2:07
157,35,search,10/28/2025 5:07
157,20,purchase,10/28/2025 6:45
157,11,add_to_cart,10/28/2025 7:06
157,40,view,10/28/2025 9:55
157,9,update_quantity,10/28/2025 10:39
157,16,search,10/28/2025 13:39
157,35,add_to_cart,10/28/2025 15:09
157,35,add_to_cart,10/28/2025 15:51
157,40,view,10/28/2025 17:10
157,35,view,10/28/2025 19:33
157,35,click,10/28/2025 21:33
158,16,view,11/12/2025 18:24
158,13,add_to_cart,11/12/2025 21:22
158,19,search,11/12/2025 23:51
158,16,view,11/13/2025 0:34
158,13,purchase,11/13/2025 1:50
158,13,rate,11/13/2025 2:00
158,39,add_to_cart,11/13/2025 3:18
158,16,view,11/13/2025 5:14
158,16,add_to_cart,11/13/2025 6:14
158,16,update_quantity,11/13/2025 6:20
158,16,update_quantity,11/13/2025 8:16
158,39,purchase,11/13/2025 10:50
158,29,search,11/13/2025 11:05
158,13,view,11/13/2025 13:31
158,29,add_to_cart,11/13/2025 15:48
158,39,rate,11/13/2025 16:43
158,16,purchase,11/13/2025 19:10
158,26,click,11/13/2025 21:00
158,29,update_quantity,11/13/2025 22:35
158,15,search,11/14/2025 0:04
158,16,rate,11/14/2025 2:24
158,26,click,11/14/2025 4:29
158,21,search,11/14/2025 6:36
158,37,search,11/14/2025 9:09
158,21,view,11/14/2025 12:04
158,1,search,11/14/2025 12:08
158,17,search,11/14/2025 13:34
158,40,click,11/14/2025 15:40
158,21,view,11/14/2025 17:28
158,21,click,11/14/2025 19:34
158,33,click,11/14/2025 20:57
158,29,purchase,11/14/2025 23:50
158,29,view,11/15/2025 1:38
158,20,click,11/15/2025 1:58
158,17,view,11/15/2025 2:11
158,20,search,11/15/2025 3:49
158,29,click,11/15/2025 5:28
158,41,view,11/15/2025 8:05
158,20,view,11/15/2025 9:36
158,7,search,11/15/2025 11:27
158,38,view,11/15/2025 14:02
158,37,search,11/15/2025 16:33
158,17,view,11/15/2025 17:04
158,29,rate,11/15/2025 17:34
158,49,search,11/15/2025 19:19
158,41,view,11/15/2025 22:18
158,37,add_to_cart,11/15/2025 22:27
158,37,remove_cart,11/16/2025 0:43
158,25,view,11/16/2025 1:49
158,16,click,11/16/2025 2:46
158,5,view,11/16/2025 2:54
158,37,view,11/16/2025 5:21
158,49,view,11/16/2025 5:26
158,37,add_to_cart,11/16/2025 6:05
158,22,view,11/16/2025 7:15
158,37,add_to_cart,11/16/2025 9:54
158,25,add_to_cart,11/16/2025 10:55
158,37,update_quantity,11/16/2025 11:02
158,28,search,11/16/2025 13:13
158,37,view,11/16/2025 15:00
158,22,click,11/16/2025 17:14
158,37,update_quantity,11/16/2025 18:18
158,37,purchase,11/16/2025 18:29
158,25,view,11/16/2025 18:36
158,38,search,11/16/2025 19:35
158,40,search,11/16/2025 20:42
158,40,click,11/16/2025 21:29
158,33,search,11/16/2025 22:22
159,43,view,12/07/2025 14:55
159,50,view,12/07/2025 17:06
159,50,click,12/07/2025 20:03
159,47,view,12/07/2025 21:02
159,21,add_to_cart,12/07/2025 22:01
159,50,view,12/08/2025 0:47
159,18,add_to_cart,12/08/2025 1:23
159,18,purchase,12/08/2025 2:55
159,43,search,12/08/2025 3:40
159,21,remove_cart,12/08/2025 6:24
159,36,view,12/08/2025 7:36
159,50,view,12/08/2025 8:22
159,31,view,12/08/2025 11:09
159,20,search,12/08/2025 12:47
159,18,add_to_cart,12/08/2025 13:16
159,17,view,12/08/2025 13:35
159,18,click,12/08/2025 13:57
159,18,remove_cart,12/08/2025 16:51
159,40,search,12/08/2025 18:06
159,40,add_to_cart,12/08/2025 21:05
159,40,purchase,12/08/2025 23:56
159,40,view,12/09/2025 1:15
159,40,click,12/09/2025 2:15
159,15,view,12/09/2025 2:46
159,15,click,12/09/2025 3:37
159,18,view,12/09/2025 4:06
159,18,add_to_cart,12/09/2025 4:29
159,49,search,12/09/2025 6:22
159,35,view,12/09/2025 7:47
159,18,update_quantity,12/09/2025 9:03
159,28,add_to_cart,12/09/2025 10:34
159,15,add_to_cart,12/09/2025 12:56
159,18,view,12/09/2025 13:44
159,49,click,12/09/2025 14:17
159,40,rate,12/09/2025 16:26
159,30,search,12/09/2025 16:48
159,37,view,12/09/2025 17:51
159,33,add_to_cart,12/09/2025 18:17
159,40,click,12/09/2025 19:47
159,12,add_to_cart,12/09/2025 19:53
159,12,purchase,12/09/2025 22:05
159,31,click,12/10/2025 1:03
159,28,update_quantity,12/10/2025 2:01
159,15,update_quantity,12/10/2025 4:51
159,12,click,12/10/2025 5:34
159,19,view,12/10/2025 5:51
159,24,click,12/10/2025 5:54
159,12,click,12/10/2025 6:36
159,33,purchase,12/10/2025 9:11
159,31,add_to_cart,12/10/2025 10:27
159,31,purchase,12/10/2025 12:38
159,31,view,12/10/2025 13:33
159,24,view,12/10/2025 14:30
159,42,view,12/10/2025 16:42
159,33,view,12/10/2025 19:10
159,28,remove_cart,12/10/2025 21:40
159,18,purchase,12/10/2025 22:50
159,27,search,12/10/2025 23:57
159,26,search,12/11/2025 1:25
159,28,view,12/11/2025 4:07
159,42,add_to_cart,12/11/2025 5:26
159,15,remove_cart,12/11/2025 7:03
159,31,search,12/11/2025 8:50
159,36,search,12/11/2025 9:18
159,16,add_to_cart,12/11/2025 9:59
159,50,view,12/11/2025 12:11
159,40,search,12/11/2025 13:42
159,31,view,12/11/2025 14:51
159,3,search,12/11/2025 17:47
159,31,add_to_cart,12/11/2025 18:52
159,16,add_to_cart,12/11/2025 19:34
159,50,add_to_cart,12/11/2025 19:59
159,2,add_to_cart,12/11/2025 22:48
159,42,update_quantity,12/11/2025 22:52
159,31,add_to_cart,12/12/2025 1:17
159,31,purchase,12/12/2025 1:51
159,49,add_to_cart,12/12/2025 2:40
159,37,search,12/12/2025 3:49
159,11,search,12/12/2025 6:49
160,11,view,01/22/2026 10:44
160,46,add_to_cart,01/22/2026 11:45
160,46,update_quantity,01/22/2026 13:07
160,32,search,01/22/2026 15:16
160,4,search,01/22/2026 17:50
160,46,remove_cart,01/22/2026 19:27
160,4,search,01/22/2026 19:36
160,32,add_to_cart,01/22/2026 22:10
160,4,click,01/23/2026 0:03
160,4,click,01/23/2026 1:27
160,42,view,01/23/2026 4:13
160,4,view,01/23/2026 5:32
160,20,view,01/23/2026 8:22
160,32,view,01/23/2026 9:07
160,4,view,01/23/2026 10:30
160,32,update_quantity,01/23/2026 11:32
160,31,search,01/23/2026 13:09
160,32,purchase,01/23/2026 13:22
160,32,add_to_cart,01/23/2026 13:55
160,32,add_to_cart,01/23/2026 14:22
160,20,view,01/23/2026 15:19
160,30,view,01/23/2026 16:06
160,5,view,01/23/2026 17:24
160,31,click,01/23/2026 17:49
160,31,view,01/23/2026 19:06
160,12,click,01/23/2026 20:46
160,38,view,01/23/2026 23:06
160,33,view,01/24/2026 0:17
160,30,view,01/24/2026 2:08
160,32,update_quantity,01/24/2026 3:43
160,32,purchase,01/24/2026 6:10
160,32,click,01/24/2026 7:00
160,42,search,01/24/2026 9:08
160,32,rate,01/24/2026 10:49
160,39,search,01/24/2026 12:24
160,32,view,01/24/2026 13:33
160,32,search,01/24/2026 15:50
160,16,add_to_cart,01/24/2026 18:31
160,1,view,01/24/2026 18:56
160,46,search,01/24/2026 21:38
160,16,click,01/25/2026 0:22
160,16,purchase,01/25/2026 0:47
160,23,search,01/25/2026 3:14
160,50,search,01/25/2026 5:29
160,46,click,01/25/2026 6:03
160,2,search,01/25/2026 7:22
160,27,view,01/25/2026 9:06
160,50,view,01/25/2026 9:21
160,2,view,01/25/2026 11:20
160,13,view,01/25/2026 13:14
160,26,view,01/25/2026 14:17
161,19,view,10/31/2025 5:20
161,19,add_to_cart,10/31/2025 7:32
161,19,remove_cart,10/31/2025 10:29
161,19,view,10/31/2025 12:39
161,19,click,10/31/2025 15:21
161,19,view,10/31/2025 17:40
161,11,click,10/31/2025 20:27
161,43,add_to_cart,10/31/2025 22:54
161,19,click,10/31/2025 23:50
161,11,add_to_cart,11/01/2025 1:31
161,19,add_to_cart,11/01/2025 2:01
161,43,remove_cart,11/01/2025 2:26
161,37,view,11/01/2025 4:48
161,11,click,11/01/2025 7:07
161,35,search,11/01/2025 9:46
161,5,search,11/01/2025 12:03
161,28,view,11/01/2025 13:50
161,11,add_to_cart,11/01/2025 15:42
161,19,view,11/01/2025 17:41
161,5,view,11/01/2025 19:35
161,19,purchase,11/01/2025 21:21
161,19,view,11/01/2025 22:41
161,19,add_to_cart,11/01/2025 23:34
161,19,view,11/02/2025 1:11
161,13,click,11/02/2025 1:28
161,19,view,11/02/2025 2:39
161,19,click,11/02/2025 4:14
161,19,add_to_cart,11/02/2025 6:18
161,19,view,11/02/2025 9:13
161,11,remove_cart,11/02/2025 11:34
161,48,view,11/02/2025 12:56
161,19,click,11/02/2025 13:11
161,25,search,11/02/2025 15:27
161,5,view,11/02/2025 17:27
161,47,search,11/02/2025 18:20
161,43,view,11/02/2025 20:48
161,43,view,11/02/2025 23:17
161,19,remove_cart,11/03/2025 0:28
161,45,search,11/03/2025 1:49
161,42,click,11/03/2025 3:36
161,7,click,11/03/2025 4:30
161,3,click,11/03/2025 5:24
161,43,view,11/03/2025 6:22
161,45,add_to_cart,11/03/2025 7:13
161,45,update_quantity,11/03/2025 7:34
161,16,view,11/03/2025 9:25
161,50,click,11/03/2025 12:10
161,12,click,11/03/2025 12:20
161,45,add_to_cart,11/03/2025 14:37
161,26,view,11/03/2025 16:56
161,41,click,11/03/2025 18:26
161,45,purchase,11/03/2025 21:13
161,25,click,11/03/2025 22:26
161,18,search,11/03/2025 23:01
161,45,click,11/03/2025 23:41
161,45,click,11/04/2025 0:44
161,25,add_to_cart,11/04/2025 1:41
161,25,update_quantity,11/04/2025 2:15
161,25,remove_cart,11/04/2025 3:13
162,26,view,02/01/2026 2:52
162,26,add_to_cart,02/01/2026 3:58
162,40,click,02/01/2026 4:02
162,9,search,02/01/2026 4:35
162,26,view,02/01/2026 5:52
162,38,view,02/01/2026 6:19
162,26,click,02/01/2026 7:34
162,26,update_quantity,02/01/2026 8:55
162,26,add_to_cart,02/01/2026 11:00
162,26,click,02/01/2026 12:36
162,26,add_to_cart,02/01/2026 13:04
162,23,search,02/01/2026 15:41
162,18,search,02/01/2026 16:58
162,26,click,02/01/2026 18:36
162,26,remove_cart,02/01/2026 19:43
162,30,add_to_cart,02/01/2026 21:31
162,30,purchase,02/01/2026 23:19
162,30,rate,02/02/2026 0:57
162,40,search,02/02/2026 1:21
162,3,view,02/02/2026 3:26
162,41,search,02/02/2026 5:32
162,20,search,02/02/2026 8:18
162,3,click,02/02/2026 10:16
162,20,view,02/02/2026 11:36
162,6,search,02/02/2026 12:29
162,3,view,02/02/2026 14:04
162,40,click,02/02/2026 16:32
162,40,add_to_cart,02/02/2026 18:22
162,20,view,02/02/2026 19:22
162,20,view,02/02/2026 22:01
162,38,add_to_cart,02/02/2026 23:56
162,33,click,02/03/2026 2:17
162,40,add_to_cart,02/03/2026 4:08
162,38,search,02/03/2026 5:57
162,40,update_quantity,02/03/2026 8:11
162,49,search,02/03/2026 9:10
162,36,click,02/03/2026 12:10
162,42,search,02/03/2026 13:43
162,42,add_to_cart,02/03/2026 14:37
162,38,click,02/03/2026 17:38
162,33,view,02/03/2026 19:01
162,50,click,02/03/2026 19:51
162,40,update_quantity,02/03/2026 20:40
162,42,remove_cart,02/03/2026 22:53
162,46,add_to_cart,02/04/2026 0:51
162,35,search,02/04/2026 1:22
162,8,click,02/04/2026 1:53
162,33,click,02/04/2026 2:35
162,9,view,02/04/2026 3:17
162,45,view,02/04/2026 5:02
162,40,add_to_cart,02/04/2026 5:37
162,8,click,02/04/2026 6:09
162,5,search,02/04/2026 6:44
162,28,search,02/04/2026 9:37
162,27,search,02/04/2026 10:29
162,40,search,02/04/2026 12:19
162,40,purchase,02/04/2026 13:40
162,28,add_to_cart,02/04/2026 16:31
162,38,add_to_cart,02/04/2026 18:19
162,37,click,02/04/2026 18:52
163,16,add_to_cart,11/26/2025 22:26
163,41,search,11/27/2025 0:19
163,16,remove_cart,11/27/2025 1:22
163,16,click,11/27/2025 3:52
163,14,click,11/27/2025 4:11
163,16,click,11/27/2025 6:39
163,41,add_to_cart,11/27/2025 8:46
163,16,add_to_cart,11/27/2025 11:06
163,14,click,11/27/2025 12:11
163,44,view,11/27/2025 14:48
163,16,update_quantity,11/27/2025 16:23
163,6,view,11/27/2025 18:24
163,30,view,11/27/2025 18:36
163,41,remove_cart,11/27/2025 18:51
163,44,click,11/27/2025 21:42
163,6,add_to_cart,11/27/2025 22:14
163,6,remove_cart,11/28/2025 0:41
163,39,click,11/28/2025 1:41
163,16,view,11/28/2025 1:58
163,16,view,11/28/2025 2:56
163,16,click,11/28/2025 3:02
163,39,view,11/28/2025 3:32
163,39,add_to_cart,11/28/2025 4:17
163,16,add_to_cart,11/28/2025 6:49
163,45,click,11/28/2025 8:37
163,16,view,11/28/2025 8:54
163,39,purchase,11/28/2025 11:26
163,32,search,11/28/2025 12:49
163,39,rate,11/28/2025 13:29
163,39,add_to_cart,11/28/2025 16:11
163,49,click,11/28/2025 17:03
163,16,remove_cart,11/28/2025 19:28
163,16,view,11/28/2025 20:40
163,8,search,11/28/2025 22:28
163,39,remove_cart,11/28/2025 22:42
163,15,click,11/28/2025 23:20
163,8,add_to_cart,11/28/2025 23:33
164,18,add_to_cart,10/25/2025 3:56
164,14,view,10/25/2025 6:31
164,14,view,10/25/2025 6:34
164,1,view,10/25/2025 7:59
164,1,view,10/25/2025 10:51
164,8,view,10/25/2025 13:17
164,32,click,10/25/2025 14:05
164,15,search,10/25/2025 15:53
164,35,view,10/25/2025 16:08
164,32,view,10/25/2025 16:22
164,35,view,10/25/2025 18:58
164,32,view,10/25/2025 21:51
164,35,view,10/25/2025 23:11
164,37,click,10/26/2025 1:00
164,32,click,10/26/2025 2:49
164,18,update_quantity,10/26/2025 3:06
164,37,view,10/26/2025 4:11
164,18,update_quantity,10/26/2025 5:03
164,35,click,10/26/2025 5:58
164,18,view,10/26/2025 6:44
164,35,view,10/26/2025 9:00
164,37,click,10/26/2025 10:43
164,18,purchase,10/26/2025 13:10
164,18,add_to_cart,10/26/2025 15:35
164,18,update_quantity,10/26/2025 16:09
164,18,view,10/26/2025 17:55
164,18,rate,10/26/2025 20:29
164,18,click,10/26/2025 22:02
164,10,view,10/26/2025 23:34
164,33,view,10/27/2025 2:09
164,18,add_to_cart,10/27/2025 3:49
164,18,view,10/27/2025 5:55
164,18,add_to_cart,10/27/2025 6:20
164,33,click,10/27/2025 6:46
164,33,click,10/27/2025 6:49
164,10,view,10/27/2025 7:20
164,18,view,10/27/2025 9:12
164,34,add_to_cart,10/27/2025 10:43
164,7,search,10/27/2025 13:06
164,19,search,10/27/2025 15:24
164,30,view,10/27/2025 17:05
164,30,click,10/27/2025 19:41
164,46,search,10/27/2025 20:21
164,18,view,10/27/2025 22:21
164,18,purchase,10/27/2025 23:33
164,36,search,10/27/2025 23:49
164,24,view,10/28/2025 0:25
164,18,click,10/28/2025 2:31
164,46,add_to_cart,10/28/2025 3:32
164,24,click,10/28/2025 6:08
164,46,click,10/28/2025 6:31
164,18,add_to_cart,10/28/2025 6:49
164,2,view,10/28/2025 9:28
164,2,click,10/28/2025 11:49
164,34,remove_cart,10/28/2025 14:43
164,18,purchase,10/28/2025 14:56
164,18,view,10/28/2025 16:43
164,34,view,10/28/2025 19:35
164,46,purchase,10/28/2025 21:35
164,2,view,10/28/2025 23:08
164,36,search,10/28/2025 23:42
164,46,rate,10/29/2025 2:17
164,18,click,10/29/2025 3:09
164,21,search,10/29/2025 3:55
164,18,view,10/29/2025 6:22
164,46,click,10/29/2025 8:40
164,46,click,10/29/2025 10:09
164,23,add_to_cart,10/29/2025 10:21
164,9,add_to_cart,10/29/2025 13:04
164,9,update_quantity,10/29/2025 15:14
165,40,click,11/15/2025 7:03
165,40,view,11/15/2025 8:57
165,37,click,11/15/2025 11:49
165,40,click,11/15/2025 12:21
165,41,search,11/15/2025 13:55
165,32,view,11/15/2025 14:56
165,40,click,11/15/2025 16:54
165,35,search,11/15/2025 19:31
165,40,view,11/15/2025 19:50
165,37,view,11/15/2025 20:32
165,5,search,11/15/2025 23:21
165,33,view,11/16/2025 2:19
165,2,click,11/16/2025 3:16
165,2,view,11/16/2025 3:24
165,5,view,11/16/2025 4:16
165,33,view,11/16/2025 6:30
165,18,view,11/16/2025 7:00
165,33,click,11/16/2025 8:13
165,5,view,11/16/2025 8:32
165,33,add_to_cart,11/16/2025 10:19
165,33,click,11/16/2025 12:00
165,4,view,11/16/2025 14:15
165,50,click,11/16/2025 16:47
165,34,add_to_cart,11/16/2025 19:29
165,23,search,11/16/2025 20:35
165,33,update_quantity,11/16/2025 21:25
165,25,add_to_cart,11/16/2025 21:41
165,48,add_to_cart,11/16/2025 22:06
165,22,add_to_cart,11/17/2025 0:39
165,20,add_to_cart,11/17/2025 2:22
165,48,update_quantity,11/17/2025 4:27
165,33,view,11/17/2025 5:45
165,16,view,11/17/2025 6:27
165,46,search,11/17/2025 7:29
165,9,view,11/17/2025 9:22
165,48,update_quantity,11/17/2025 10:08
165,46,click,11/17/2025 11:13
165,7,search,11/17/2025 13:06
165,1,click,11/17/2025 15:38
165,39,view,11/17/2025 15:42
165,14,search,11/17/2025 17:03
165,9,view,11/17/2025 18:39
165,15,view,11/17/2025 20:16
165,48,add_to_cart,11/17/2025 21:16
165,46,click,11/17/2025 21:44
165,20,remove_cart,11/17/2025 22:04
165,14,add_to_cart,11/18/2025 0:09
165,46,add_to_cart,11/18/2025 2:17
165,20,click,11/18/2025 3:48
165,14,purchase,11/18/2025 4:48
165,20,click,11/18/2025 5:10
165,20,search,11/18/2025 5:56
165,8,click,11/18/2025 8:21
165,46,purchase,11/18/2025 9:59
165,32,add_to_cart,11/18/2025 11:09
165,24,search,11/18/2025 13:15
166,34,click,02/13/2026 20:55
166,34,add_to_cart,02/13/2026 21:54
166,34,click,02/13/2026 23:59
166,34,view,02/14/2026 0:06
166,34,update_quantity,02/14/2026 2:15
166,23,view,02/14/2026 4:25
166,34,click,02/14/2026 5:44
166,43,add_to_cart,02/14/2026 7:39
166,34,add_to_cart,02/14/2026 8:16
166,34,view,02/14/2026 8:56
166,34,click,02/14/2026 11:20
166,26,view,02/14/2026 13:06
166,27,search,02/14/2026 13:54
166,3,view,02/14/2026 16:53
166,14,search,02/14/2026 17:18
166,3,view,02/14/2026 20:17
166,43,purchase,02/14/2026 21:04
166,43,view,02/14/2026 23:16
166,25,add_to_cart,02/15/2026 1:16
166,12,click,02/15/2026 1:43
166,35,view,02/15/2026 1:58
166,3,view,02/15/2026 4:37
166,43,click,02/15/2026 5:00
166,25,update_quantity,02/15/2026 6:35
166,3,view,02/15/2026 6:48
166,34,update_quantity,02/15/2026 9:42
166,7,view,02/15/2026 11:40
166,38,click,02/15/2026 13:57
166,19,add_to_cart,02/15/2026 15:22
166,28,view,02/15/2026 16:28
166,25,remove_cart,02/15/2026 18:00
166,37,click,02/15/2026 18:58
166,19,view,02/15/2026 20:19
166,19,view,02/15/2026 20:53
166,48,view,02/15/2026 21:25
166,38,click,02/15/2026 23:16
166,14,search,02/16/2026 1:06
166,35,add_to_cart,02/16/2026 3:34
166,35,view,02/16/2026 6:19
166,35,click,02/16/2026 6:56
166,35,click,02/16/2026 9:11
166,35,add_to_cart,02/16/2026 9:38
166,14,view,02/16/2026 11:15
166,35,click,02/16/2026 12:57
166,4,search,02/16/2026 14:28
166,14,view,02/16/2026 15:46
166,35,view,02/16/2026 17:21
166,21,click,02/16/2026 19:37
166,25,search,02/16/2026 22:17
166,14,add_to_cart,02/17/2026 1:06
166,21,view,02/17/2026 2:13
166,21,view,02/17/2026 4:22
166,14,click,02/17/2026 4:27
166,21,view,02/17/2026 6:56
166,21,add_to_cart,02/17/2026 9:07
166,14,add_to_cart,02/17/2026 9:56
166,25,view,02/17/2026 12:16
166,21,view,02/17/2026 13:48
166,21,purchase,02/17/2026 16:31
166,44,add_to_cart,02/17/2026 18:18
166,15,add_to_cart,02/17/2026 18:56
166,44,click,02/17/2026 19:18
166,36,search,02/17/2026 19:44
166,19,click,02/17/2026 22:45
167,44,click,12/22/2025 20:35
167,44,view,12/22/2025 23:22
167,19,search,12/23/2025 1:52
167,41,search,12/23/2025 2:34
167,31,view,12/23/2025 4:44
167,48,add_to_cart,12/23/2025 6:39
167,31,click,12/23/2025 7:05
167,19,view,12/23/2025 7:50
167,46,click,12/23/2025 10:51
167,31,view,12/23/2025 13:43
167,31,add_to_cart,12/23/2025 15:58
167,32,search,12/23/2025 17:39
167,32,add_to_cart,12/23/2025 20:28
167,10,view,12/23/2025 22:36
167,48,purchase,12/24/2025 0:28
167,48,rate,12/24/2025 3:11
167,23,search,12/24/2025 5:43
167,27,search,12/24/2025 6:43
167,32,view,12/24/2025 8:48
167,15,add_to_cart,12/24/2025 9:18
167,31,update_quantity,12/24/2025 10:55
167,32,remove_cart,12/24/2025 13:36
167,41,search,12/24/2025 15:50
167,23,view,12/24/2025 18:46
167,41,view,12/24/2025 20:14
167,41,view,12/24/2025 23:06
167,32,click,12/25/2025 1:41
167,31,view,12/25/2025 3:47
167,3,search,12/25/2025 3:51
167,31,update_quantity,12/25/2025 5:56
167,10,click,12/25/2025 7:39
167,15,remove_cart,12/25/2025 7:45
167,1,view,12/25/2025 10:10
167,31,update_quantity,12/25/2025 11:51
167,31,view,12/25/2025 13:51
167,30,search,12/25/2025 14:15
167,31,remove_cart,12/25/2025 15:44
167,35,add_to_cart,12/25/2025 18:43
167,47,search,12/25/2025 21:27
167,31,click,12/25/2025 23:23
167,31,click,12/26/2025 1:39
167,28,search,12/26/2025 2:44
167,2,search,12/26/2025 4:39
167,31,search,12/26/2025 5:23
167,35,view,12/26/2025 8:16
167,3,search,12/26/2025 8:50
167,35,click,12/26/2025 9:00
167,31,view,12/26/2025 10:47
167,16,view,12/26/2025 11:47
167,30,click,12/26/2025 12:45
167,35,purchase,12/26/2025 14:54
167,16,search,12/26/2025 17:06
167,18,view,12/26/2025 20:07
167,16,add_to_cart,12/26/2025 22:00
167,34,search,12/26/2025 22:34
167,35,view,12/26/2025 23:45
167,18,view,12/27/2025 0:57
167,18,click,12/27/2025 3:32
167,23,view,12/27/2025 3:45
167,20,search,12/27/2025 5:00
167,16,click,12/27/2025 7:56
167,16,update_quantity,12/27/2025 8:55
167,42,view,12/27/2025 11:05
167,12,search,12/27/2025 12:36
167,14,search,12/27/2025 15:26
167,1,search,12/27/2025 17:19
168,4,add_to_cart,12/10/2025 3:41
168,4,click,12/10/2025 4:06
168,4,click,12/10/2025 5:46
168,4,click,12/10/2025 6:28
168,4,purchase,12/10/2025 7:35
168,34,add_to_cart,12/10/2025 10:09
168,4,view,12/10/2025 10:48
168,34,purchase,12/10/2025 13:18
168,4,add_to_cart,12/10/2025 15:18
168,34,add_to_cart,12/10/2025 17:13
168,4,view,12/10/2025 19:37
168,34,view,12/10/2025 22:10
168,4,purchase,12/10/2025 22:43
168,4,click,12/11/2025 0:48
168,34,click,12/11/2025 1:46
168,34,update_quantity,12/11/2025 3:03
168,37,add_to_cart,12/11/2025 5:00
168,37,update_quantity,12/11/2025 6:48
168,4,add_to_cart,12/11/2025 7:53
168,37,view,12/11/2025 9:25
168,16,click,12/11/2025 12:05
168,37,view,12/11/2025 13:51
168,39,click,12/11/2025 15:21
168,34,click,12/11/2025 17:39
168,4,rate,12/11/2025 18:26
168,34,update_quantity,12/11/2025 21:02
168,2,view,12/11/2025 23:48
168,23,search,12/12/2025 2:00
168,2,view,12/12/2025 2:53
168,25,search,12/12/2025 4:32
168,4,click,12/12/2025 5:46
168,4,update_quantity,12/12/2025 8:21
168,35,click,12/12/2025 8:42
168,34,update_quantity,12/12/2025 9:19
168,37,update_quantity,12/12/2025 11:13
168,38,click,12/12/2025 13:15
168,34,add_to_cart,12/12/2025 14:54
168,4,view,12/12/2025 15:42
168,34,add_to_cart,12/12/2025 18:12
168,38,view,12/12/2025 20:29
168,37,add_to_cart,12/12/2025 23:04
168,12,click,12/13/2025 1:52
168,10,view,12/13/2025 3:14
168,49,search,12/13/2025 4:18
168,34,view,12/13/2025 5:13
169,18,view,10/29/2025 23:33
169,47,add_to_cart,10/29/2025 23:54
169,47,update_quantity,10/30/2025 0:16
169,47,view,10/30/2025 2:38
169,36,click,10/30/2025 3:44
169,47,update_quantity,10/30/2025 4:58
169,47,click,10/30/2025 6:16
169,38,search,10/30/2025 7:58
169,22,view,10/30/2025 9:11
169,47,click,10/30/2025 10:26
169,29,search,10/30/2025 11:04
169,47,purchase,10/30/2025 13:29
169,47,click,10/30/2025 14:03
169,38,view,10/30/2025 14:21
169,40,search,10/30/2025 17:17
169,29,click,10/30/2025 18:00
169,29,click,10/30/2025 18:43
169,47,rate,10/30/2025 19:45
169,29,click,10/30/2025 21:30
169,43,view,10/30/2025 23:10
169,29,view,10/31/2025 1:00
169,40,view,10/31/2025 2:07
169,47,add_to_cart,10/31/2025 3:34
169,29,view,10/31/2025 3:39
169,47,remove_cart,10/31/2025 5:26
169,29,add_to_cart,10/31/2025 8:03
169,40,click,10/31/2025 10:39
169,29,purchase,10/31/2025 12:06
169,47,view,10/31/2025 14:23
169,29,rate,10/31/2025 16:03
169,27,search,10/31/2025 18:59
169,33,view,10/31/2025 21:15
169,13,view,11/01/2025 0:00
169,34,search,11/01/2025 2:48
169,33,click,11/01/2025 4:15
169,24,search,11/01/2025 5:52
169,35,add_to_cart,11/01/2025 7:49
169,13,view,11/01/2025 9:19
169,30,search,11/01/2025 10:52
169,24,click,11/01/2025 13:36
169,35,update_quantity,11/01/2025 15:53
169,11,view,11/01/2025 16:33
169,24,click,11/01/2025 18:24
169,35,view,11/01/2025 21:03
169,35,purchase,11/01/2025 21:45
169,35,rate,11/01/2025 22:23
169,8,view,11/01/2025 23:04
169,35,view,11/01/2025 23:46
169,35,click,11/01/2025 23:49
169,5,view,11/02/2025 0:43
169,35,view,11/02/2025 2:16
169,8,click,11/02/2025 3:22
169,35,click,11/02/2025 4:25
169,35,add_to_cart,11/02/2025 6:07
170,5,click,12/06/2025 11:04
170,7,click,12/06/2025 12:40
170,38,search,12/06/2025 14:23
170,46,search,12/06/2025 15:20
170,14,click,12/06/2025 15:34
170,4,search,12/06/2025 17:36
170,7,add_to_cart,12/06/2025 19:32
170,7,update_quantity,12/06/2025 20:49
170,7,purchase,12/06/2025 23:10
170,3,click,12/07/2025 0:44
170,6,view,12/07/2025 0:58
170,4,click,12/07/2025 2:15
170,7,search,12/07/2025 4:50
170,49,search,12/07/2025 7:43
170,49,click,12/07/2025 10:08
170,33,search,12/07/2025 10:23
170,45,search,12/07/2025 12:23
170,43,search,12/07/2025 14:04
170,7,rate,12/07/2025 15:08
170,27,search,12/07/2025 15:37
170,7,add_to_cart,12/07/2025 17:55
170,11,add_to_cart,12/07/2025 19:50
170,27,search,12/07/2025 22:28
170,7,click,12/07/2025 22:54
170,7,remove_cart,12/07/2025 22:57
170,23,view,12/08/2025 0:21
170,28,click,12/08/2025 2:23
170,44,add_to_cart,12/08/2025 4:20
170,11,purchase,12/08/2025 4:50
170,11,view,12/08/2025 5:22
170,44,remove_cart,12/08/2025 7:00
170,28,add_to_cart,12/08/2025 9:13
170,44,view,12/08/2025 9:33
170,35,search,12/08/2025 12:24
170,5,view,12/08/2025 13:00
170,28,purchase,12/08/2025 15:47
170,44,click,12/08/2025 16:18
170,11,view,12/08/2025 16:39
170,28,click,12/08/2025 18:23
170,5,click,12/08/2025 19:07
170,26,view,12/08/2025 20:10
170,26,add_to_cart,12/08/2025 20:39
170,16,search,12/08/2025 21:57
170,6,view,12/08/2025 22:31
170,26,remove_cart,12/09/2025 1:20
170,18,search,12/09/2025 2:11
170,26,click,12/09/2025 4:22
170,37,add_to_cart,12/09/2025 6:22
170,26,view,12/09/2025 8:11
170,7,search,12/09/2025 8:14
170,16,click,12/09/2025 9:39
171,40,view,01/12/2026 23:51
171,28,view,01/13/2026 1:20
171,46,add_to_cart,01/13/2026 2:16
171,28,click,01/13/2026 4:22
171,28,add_to_cart,01/13/2026 6:22
171,12,add_to_cart,01/13/2026 8:32
171,23,view,01/13/2026 9:07
171,28,add_to_cart,01/13/2026 9:43
171,28,view,01/13/2026 12:33
171,12,purchase,01/13/2026 13:59
171,46,remove_cart,01/13/2026 16:36
171,23,click,01/13/2026 17:56
171,46,view,01/13/2026 19:33
171,28,update_quantity,01/13/2026 21:11
171,12,view,01/13/2026 22:53
171,28,remove_cart,01/14/2026 0:56
171,12,add_to_cart,01/14/2026 1:24
171,46,click,01/14/2026 1:44
171,23,view,01/14/2026 3:55
171,19,search,01/14/2026 6:27
171,31,search,01/14/2026 6:50
171,12,view,01/14/2026 8:16
171,2,view,01/14/2026 9:48
171,15,search,01/14/2026 11:04
171,12,purchase,01/14/2026 11:34
171,6,search,01/14/2026 14:22
171,17,search,01/14/2026 15:04
171,31,view,01/14/2026 16:20
171,20,add_to_cart,01/14/2026 17:16
171,20,update_quantity,01/14/2026 18:44
171,3,add_to_cart,01/14/2026 20:46
171,20,view,01/14/2026 22:27
171,38,click,01/14/2026 22:53
171,18,click,01/14/2026 23:06
171,20,click,01/15/2026 0:31
171,20,update_quantity,01/15/2026 1:50
171,3,purchase,01/15/2026 3:20
171,49,click,01/15/2026 6:04
171,3,rate,01/15/2026 8:45
171,20,click,01/15/2026 9:31
171,3,click,01/15/2026 12:10
171,20,view,01/15/2026 13:57
171,16,search,01/15/2026 14:48
171,14,view,01/15/2026 17:13
171,3,view,01/15/2026 17:42
171,20,update_quantity,01/15/2026 18:04
171,20,click,01/15/2026 19:48
171,16,add_to_cart,01/15/2026 22:29
171,20,click,01/15/2026 23:34
171,45,search,01/15/2026 23:36
171,3,click,01/16/2026 2:26
171,45,click,01/16/2026 2:38
172,26,view,12/31/2025 1:50
172,9,search,12/31/2025 1:58
172,18,click,12/31/2025 2:00
172,43,search,12/31/2025 3:51
172,25,click,12/31/2025 5:34
172,43,click,12/31/2025 7:26
172,27,search,12/31/2025 7:49
172,36,search,12/31/2025 10:44
172,40,search,12/31/2025 13:11
172,9,view,12/31/2025 14:12
172,25,click,12/31/2025 14:18
172,46,view,12/31/2025 14:29
172,16,search,12/31/2025 15:11
172,46,click,12/31/2025 15:17
172,40,click,12/31/2025 17:45
172,6,click,12/31/2025 20:14
172,39,click,12/31/2025 21:29
172,18,click,12/31/2025 23:24
172,19,search,12/31/2025 23:45
172,19,add_to_cart,01/01/2026 0:37
172,19,view,01/01/2026 1:31
172,29,search,01/01/2026 3:05
172,3,search,01/01/2026 4:01
172,19,purchase,01/01/2026 5:45
172,15,click,01/01/2026 7:00
172,31,search,01/01/2026 7:05
172,14,click,01/01/2026 9:16
172,36,search,01/01/2026 11:13
172,3,view,01/01/2026 12:31
172,25,click,01/01/2026 14:23
172,25,view,01/01/2026 14:53
172,49,view,01/01/2026 15:30
172,14,click,01/01/2026 16:41
172,38,add_to_cart,01/01/2026 17:50
172,50,search,01/01/2026 18:01
172,30,view,01/01/2026 20:49
172,38,purchase,01/01/2026 21:41
172,25,click,01/01/2026 23:36
172,34,search,01/02/2026 1:48
172,23,click,01/02/2026 2:16
172,18,view,01/02/2026 5:01
172,18,view,01/02/2026 6:54
172,36,click,01/02/2026 7:20
172,37,search,01/02/2026 9:42
172,38,view,01/02/2026 11:30
172,38,view,01/02/2026 14:25
172,9,search,01/02/2026 16:01
172,18,view,01/02/2026 17:05
172,27,view,01/02/2026 19:37
172,18,click,01/02/2026 20:43
172,27,click,01/02/2026 22:01
173,5,view,01/29/2026 1:22
173,5,view,01/29/2026 3:05
173,5,view,01/29/2026 6:00
173,45,search,01/29/2026 7:35
173,47,search,01/29/2026 10:25
173,1,search,01/29/2026 12:37
173,5,view,01/29/2026 13:44
173,5,view,01/29/2026 14:49
173,5,click,01/29/2026 17:40
173,4,click,01/29/2026 17:57
173,5,view,01/29/2026 20:39
173,5,view,01/29/2026 22:47
173,5,view,01/29/2026 23:27
173,11,click,01/30/2026 0:24
173,43,click,01/30/2026 1:11
173,11,click,01/30/2026 3:25
173,5,add_to_cart,01/30/2026 4:40
173,5,purchase,01/30/2026 5:06
173,12,view,01/30/2026 7:53
173,12,view,01/30/2026 10:51
173,5,view,01/30/2026 12:44
173,12,search,01/30/2026 15:42
173,5,click,01/30/2026 18:39
173,5,view,01/30/2026 19:16
173,29,search,01/30/2026 21:38
173,15,search,01/30/2026 22:25
173,12,view,01/31/2026 1:13
173,23,add_to_cart,01/31/2026 2:24
173,11,search,01/31/2026 4:27
173,23,update_quantity,01/31/2026 5:40
173,43,view,01/31/2026 8:16
173,5,rate,01/31/2026 11:14
173,23,purchase,01/31/2026 13:35
173,5,view,01/31/2026 14:18
173,23,add_to_cart,01/31/2026 14:41
173,34,search,01/31/2026 17:20
173,38,add_to_cart,01/31/2026 17:40
173,23,view,01/31/2026 19:12
173,23,view,01/31/2026 22:01
173,34,click,01/31/2026 22:28
173,23,add_to_cart,01/31/2026 23:42
173,30,click,02/01/2026 0:44
173,38,purchase,02/01/2026 3:15
173,25,view,02/01/2026 5:43
173,25,view,02/01/2026 5:52
173,23,update_quantity,02/01/2026 6:47
173,23,purchase,02/01/2026 7:43
173,29,view,02/01/2026 8:34
173,47,view,02/01/2026 8:48
173,30,view,02/01/2026 9:50
173,47,click,02/01/2026 12:44
173,15,search,02/01/2026 12:56
173,15,view,02/01/2026 14:15
173,15,click,02/01/2026 16:59
173,30,click,02/01/2026 18:59
173,39,view,02/01/2026 20:50
173,15,view,02/01/2026 21:01
173,24,search,02/01/2026 21:45
173,33,search,02/01/2026 21:53
173,15,click,02/01/2026 22:11
173,23,rate,02/01/2026 22:52
173,39,view,02/01/2026 23:41
173,25,search,02/02/2026 2:05
173,47,add_to_cart,02/02/2026 2:30
173,47,update_quantity,02/02/2026 4:43
173,47,update_quantity,02/02/2026 5:13
173,33,click,02/02/2026 7:24
173,25,add_to_cart,02/02/2026 10:11
173,43,click,02/02/2026 12:44
173,25,view,02/02/2026 15:42
173,25,purchase,02/02/2026 15:55
173,25,add_to_cart,02/02/2026 16:34
173,25,add_to_cart,02/02/2026 17:46
174,13,search,12/28/2025 7:35
174,13,add_to_cart,12/28/2025 7:45
174,38,search,12/28/2025 9:44
174,43,search,12/28/2025 10:39
174,13,click,12/28/2025 12:42
174,13,click,12/28/2025 13:59
174,13,purchase,12/28/2025 16:01
174,43,view,12/28/2025 17:08
174,50,click,12/28/2025 17:57
174,41,search,12/28/2025 19:36
174,24,search,12/28/2025 21:41
174,13,view,12/28/2025 23:33
174,1,search,12/28/2025 23:51
174,9,click,12/29/2025 2:48
174,26,search,12/29/2025 3:25
174,13,click,12/29/2025 6:22
174,43,view,12/29/2025 7:18
174,31,search,12/29/2025 8:32
174,5,click,12/29/2025 9:49
174,33,search,12/29/2025 9:53
174,31,click,12/29/2025 12:02
174,11,search,12/29/2025 14:42
174,12,click,12/29/2025 15:21
174,43,view,12/29/2025 16:27
174,30,click,12/29/2025 16:56
174,47,search,12/29/2025 19:06
174,13,rate,12/29/2025 20:00
174,45,search,12/29/2025 20:50
174,43,click,12/29/2025 21:39
174,38,search,12/29/2025 21:55
174,13,view,12/30/2025 0:03
174,38,view,12/30/2025 2:45
174,38,add_to_cart,12/30/2025 5:02
174,38,click,12/30/2025 7:41
174,4,view,12/30/2025 8:26
174,8,add_to_cart,12/30/2025 9:06
175,41,add_to_cart,12/06/2025 6:11
175,41,purchase,12/06/2025 8:54
175,9,click,12/06/2025 9:35
175,8,add_to_cart,12/06/2025 9:56
175,8,purchase,12/06/2025 12:32
175,29,search,12/06/2025 12:36
175,8,click,12/06/2025 13:56
175,30,view,12/06/2025 15:07
175,9,view,12/06/2025 15:26
175,41,rate,12/06/2025 15:50
175,39,search,12/06/2025 16:19
175,32,add_to_cart,12/06/2025 18:14
175,9,click,12/06/2025 20:25
175,30,click,12/06/2025 21:02
175,8,view,12/06/2025 22:37
175,42,view,12/07/2025 0:07
175,32,update_quantity,12/07/2025 1:20
175,32,update_quantity,12/07/2025 3:01
175,34,view,12/07/2025 4:32
175,32,remove_cart,12/07/2025 4:53
175,32,view,12/07/2025 6:14
175,35,click,12/07/2025 7:34
175,44,search,12/07/2025 8:32
175,15,view,12/07/2025 10:18
175,32,click,12/07/2025 13:07
175,32,view,12/07/2025 15:36
175,34,view,12/07/2025 17:44
175,32,add_to_cart,12/07/2025 18:50
175,32,update_quantity,12/07/2025 20:37
175,32,click,12/07/2025 22:51
175,41,view,12/08/2025 0:54
175,32,add_to_cart,12/08/2025 1:18
175,10,view,12/08/2025 3:07
175,34,view,12/08/2025 4:53
175,32,remove_cart,12/08/2025 6:38
175,32,click,12/08/2025 8:02
175,32,click,12/08/2025 8:41
175,34,view,12/08/2025 10:46
175,41,click,12/08/2025 12:39
175,29,click,12/08/2025 13:21
175,14,search,12/08/2025 13:42
175,22,search,12/08/2025 15:03
175,14,view,12/08/2025 16:29
175,32,view,12/08/2025 17:55
175,32,add_to_cart,12/08/2025 19:43
175,32,update_quantity,12/08/2025 21:43
175,32,view,12/08/2025 22:01
175,32,remove_cart,12/08/2025 22:06
175,32,add_to_cart,12/09/2025 0:11
175,6,add_to_cart,12/09/2025 1:15
176,4,view,02/07/2026 22:44
176,4,add_to_cart,02/07/2026 23:07
176,4,add_to_cart,02/08/2026 0:50
176,34,click,02/08/2026 2:51
176,4,update_quantity,02/08/2026 5:38
176,16,click,02/08/2026 5:58
176,4,remove_cart,02/08/2026 7:51
176,4,view,02/08/2026 9:08
176,4,view,02/08/2026 11:20
176,16,view,02/08/2026 13:43
176,42,click,02/08/2026 14:29
176,4,view,02/08/2026 17:25
176,42,click,02/08/2026 18:25
176,21,search,02/08/2026 18:37
176,4,click,02/08/2026 21:01
176,16,add_to_cart,02/08/2026 22:30
176,4,click,02/08/2026 23:22
176,16,view,02/09/2026 1:58
176,8,add_to_cart,02/09/2026 3:34
176,15,click,02/09/2026 5:43
176,8,update_quantity,02/09/2026 6:38
176,50,search,02/09/2026 9:20
176,11,view,02/09/2026 9:26
176,2,search,02/09/2026 11:43
176,15,search,02/09/2026 13:25
176,8,view,02/09/2026 15:16
176,38,click,02/09/2026 16:27
176,11,click,02/09/2026 17:20
176,28,search,02/09/2026 20:20
176,16,update_quantity,02/09/2026 21:05
176,46,add_to_cart,02/09/2026 22:17
176,8,purchase,02/10/2026 0:26
176,46,click,02/10/2026 2:02
176,28,add_to_cart,02/10/2026 2:33
176,16,purchase,02/10/2026 5:12
176,11,add_to_cart,02/10/2026 6:29
176,11,purchase,02/10/2026 8:28
176,16,click,02/10/2026 11:05
176,28,add_to_cart,02/10/2026 13:51
176,11,add_to_cart,02/10/2026 16:10
176,11,click,02/10/2026 18:49
176,16,view,02/10/2026 19:44
176,28,remove_cart,02/10/2026 21:49
176,5,view,02/11/2026 0:34
176,25,click,02/11/2026 1:53
176,25,view,02/11/2026 3:17
176,28,add_to_cart,02/11/2026 3:52
176,38,search,02/11/2026 5:23
176,28,add_to_cart,02/11/2026 7:35
176,16,click,02/11/2026 10:27
176,15,search,02/11/2026 12:30
176,31,view,02/11/2026 13:03
176,47,search,02/11/2026 14:07
176,15,view,02/11/2026 16:28
176,15,view,02/11/2026 16:47
176,7,search,02/11/2026 19:07
176,16,click,02/11/2026 19:31
176,47,view,02/11/2026 20:40
176,36,click,02/11/2026 22:39
176,15,click,02/12/2026 0:35
176,37,search,02/12/2026 1:58
176,37,view,02/12/2026 4:42
176,36,view,02/12/2026 7:41
176,11,purchase,02/12/2026 9:56
176,8,rate,02/12/2026 11:38
176,37,click,02/12/2026 12:09
176,36,add_to_cart,02/12/2026 13:35
176,15,view,02/12/2026 14:25
176,36,remove_cart,02/12/2026 14:56
176,11,view,02/12/2026 15:37
176,50,view,02/12/2026 17:43
176,46,remove_cart,02/12/2026 20:02
176,50,click,02/12/2026 22:03
176,28,remove_cart,02/13/2026 0:32
176,4,view,02/13/2026 2:14
176,42,search,02/13/2026 2:43
176,50,click,02/13/2026 4:00
176,28,add_to_cart,02/13/2026 4:17
176,45,add_to_cart,02/13/2026 5:00
176,28,update_quantity,02/13/2026 7:23
177,36,search,02/07/2026 6:07
177,17,click,02/07/2026 8:29
177,25,search,02/07/2026 10:32
177,17,click,02/07/2026 11:18
177,10,view,02/07/2026 11:51
177,10,view,02/07/2026 14:26
177,25,view,02/07/2026 15:43
177,25,view,02/07/2026 16:06
177,25,add_to_cart,02/07/2026 17:42
177,25,purchase,02/07/2026 18:03
177,25,click,02/07/2026 19:41
177,1,view,02/07/2026 20:08
177,10,click,02/07/2026 21:37
177,25,view,02/07/2026 23:02
177,25,click,02/07/2026 23:15
177,42,add_to_cart,02/08/2026 0:08
177,32,search,02/08/2026 2:58
177,32,click,02/08/2026 4:20
177,10,view,02/08/2026 5:01
177,33,add_to_cart,02/08/2026 6:32
177,33,view,02/08/2026 7:59
177,25,add_to_cart,02/08/2026 10:30
177,33,update_quantity,02/08/2026 11:07
177,48,search,02/08/2026 12:36
177,25,add_to_cart,02/08/2026 14:55
177,21,search,02/08/2026 16:31
177,33,click,02/08/2026 17:39
177,33,view,02/08/2026 18:54
177,20,view,02/08/2026 20:13
177,33,click,02/08/2026 20:20
177,8,view,02/08/2026 22:40
177,28,view,02/08/2026 23:16
177,33,add_to_cart,02/09/2026 0:10
177,25,update_quantity,02/09/2026 3:07
177,9,search,02/09/2026 5:28
177,20,view,02/09/2026 7:32
177,14,view,02/09/2026 9:28
177,32,search,02/09/2026 11:35
178,14,view,02/02/2026 23:31
178,14,add_to_cart,02/03/2026 2:15
178,42,view,02/03/2026 4:45
178,14,update_quantity,02/03/2026 7:37
178,16,view,02/03/2026 10:37
178,34,search,02/03/2026 10:48
178,14,update_quantity,02/03/2026 11:00
178,14,purchase,02/03/2026 12:39
178,5,click,02/03/2026 12:54
178,15,click,02/03/2026 15:28
178,3,view,02/03/2026 18:06
178,14,rate,02/03/2026 19:35
178,37,search,02/03/2026 20:07
178,34,click,02/03/2026 21:41
178,34,view,02/04/2026 0:31
178,21,click,02/04/2026 3:03
178,46,search,02/04/2026 3:12
178,4,search,02/04/2026 4:25
178,4,view,02/04/2026 7:19
178,4,view,02/04/2026 7:59
178,37,view,02/04/2026 10:44
178,2,search,02/04/2026 13:26
178,17,click,02/04/2026 15:32
178,4,click,02/04/2026 18:31
178,45,search,02/04/2026 20:33
178,4,view,02/04/2026 20:51
178,2,view,02/04/2026 21:53
178,4,add_to_cart,02/04/2026 23:24
178,1,search,02/05/2026 1:08
178,45,view,02/05/2026 3:38
178,4,update_quantity,02/05/2026 4:39
178,37,search,02/05/2026 7:18
178,4,add_to_cart,02/05/2026 8:15
178,38,search,02/05/2026 9:45
178,47,search,02/05/2026 9:52
178,4,add_to_cart,02/05/2026 11:52
178,24,view,02/05/2026 14:39
178,24,view,02/05/2026 16:11
178,14,view,02/05/2026 16:41
178,4,search,02/05/2026 19:19
178,25,search,02/05/2026 21:50
178,4,add_to_cart,02/05/2026 23:21
178,4,view,02/06/2026 1:53
178,4,purchase,02/06/2026 4:46
178,4,add_to_cart,02/06/2026 7:30
178,14,view,02/06/2026 10:27
178,6,search,02/06/2026 11:27
178,4,view,02/06/2026 12:44
178,19,view,02/06/2026 13:26
178,6,click,02/06/2026 16:15
178,4,update_quantity,02/06/2026 18:06
178,4,update_quantity,02/06/2026 20:46
178,26,search,02/06/2026 21:03
178,37,add_to_cart,02/06/2026 22:42
179,18,view,03/07/2026 6:49
179,20,view,03/07/2026 7:54
179,20,click,03/07/2026 10:06
179,10,search,03/07/2026 10:27
179,37,search,03/07/2026 12:10
179,13,click,03/07/2026 14:56
179,26,search,03/07/2026 15:39
179,37,add_to_cart,03/07/2026 17:21
179,20,view,03/07/2026 17:41
179,20,click,03/07/2026 18:44
179,37,update_quantity,03/07/2026 19:21
179,37,add_to_cart,03/07/2026 20:49
179,37,click,03/07/2026 23:21
179,37,purchase,03/08/2026 1:50
179,37,view,03/08/2026 3:41
179,11,add_to_cart,03/08/2026 5:27
179,11,view,03/08/2026 7:28
179,14,search,03/08/2026 9:04
179,44,click,03/08/2026 9:50
179,14,search,03/08/2026 11:13
179,11,purchase,03/08/2026 11:45
179,11,view,03/08/2026 12:13
179,21,click,03/08/2026 12:54
179,5,add_to_cart,03/08/2026 13:44
179,11,click,03/08/2026 16:24
179,11,view,03/08/2026 17:48
179,39,click,03/08/2026 20:38
179,5,update_quantity,03/08/2026 22:44
179,20,search,03/08/2026 23:58
179,39,add_to_cart,03/09/2026 2:41
179,48,search,03/09/2026 2:57
179,5,remove_cart,03/09/2026 5:37
179,26,search,03/09/2026 6:34
179,5,click,03/09/2026 8:39
179,48,view,03/09/2026 9:23
179,33,view,03/09/2026 10:26
179,39,purchase,03/09/2026 11:38
179,17,search,03/09/2026 13:46
179,48,add_to_cart,03/09/2026 15:41
179,5,view,03/09/2026 16:26
179,41,search,03/09/2026 17:00
179,48,add_to_cart,03/09/2026 18:32
179,41,click,03/09/2026 18:34
179,41,search,03/09/2026 19:06
179,41,view,03/09/2026 19:16
179,40,add_to_cart,03/09/2026 19:26
179,48,view,03/09/2026 20:15
179,48,purchase,03/09/2026 20:19
179,48,rate,03/09/2026 20:26
179,48,add_to_cart,03/09/2026 22:57
179,41,view,03/10/2026 0:29
179,48,click,03/10/2026 0:45
179,40,purchase,03/10/2026 1:18
179,18,click,03/10/2026 1:53
179,48,view,03/10/2026 4:34
179,22,view,03/10/2026 5:19
179,48,click,03/10/2026 6:51
179,27,search,03/10/2026 9:01
179,40,view,03/10/2026 9:54
179,48,click,03/10/2026 12:35
179,48,purchase,03/10/2026 15:12
179,4,view,03/10/2026 17:30
179,17,view,03/10/2026 19:50
179,4,add_to_cart,03/10/2026 20:29
179,28,add_to_cart,03/10/2026 21:24
180,14,search,03/05/2026 23:19
180,14,add_to_cart,03/06/2026 1:11
180,14,update_quantity,03/06/2026 1:16
180,21,click,03/06/2026 1:53
180,14,remove_cart,03/06/2026 4:09
180,21,click,03/06/2026 6:54
180,31,add_to_cart,03/06/2026 9:08
180,3,add_to_cart,03/06/2026 10:10
180,31,purchase,03/06/2026 12:03
180,21,click,03/06/2026 12:06
180,12,search,03/06/2026 12:30
180,19,search,03/06/2026 14:35
180,3,update_quantity,03/06/2026 16:39
180,38,click,03/06/2026 18:47
180,3,purchase,03/06/2026 19:53
180,38,view,03/06/2026 21:00
180,21,click,03/06/2026 22:01
180,33,view,03/06/2026 23:12
180,38,view,03/06/2026 23:47
180,10,view,03/07/2026 0:21
180,38,view,03/07/2026 1:23
180,38,view,03/07/2026 4:12
180,33,click,03/07/2026 4:30
180,33,add_to_cart,03/07/2026 5:26
180,40,add_to_cart,03/07/2026 5:29
180,10,click,03/07/2026 6:21
180,10,add_to_cart,03/07/2026 8:02
180,10,view,03/07/2026 8:36
180,38,add_to_cart,03/07/2026 11:36
180,48,view,03/07/2026 11:45
180,49,search,03/07/2026 14:42
180,10,click,03/07/2026 14:59
180,7,add_to_cart,03/07/2026 17:52
180,32,add_to_cart,03/07/2026 19:12
180,5,click,03/07/2026 20:04
180,2,view,03/07/2026 21:24
180,45,add_to_cart,03/07/2026 23:16
180,21,view,03/08/2026 0:41
180,32,view,03/08/2026 1:03
180,46,view,03/08/2026 3:11
180,10,remove_cart,03/08/2026 3:52
180,2,click,03/08/2026 4:47
180,38,search,03/08/2026 6:29
180,46,view,03/08/2026 6:41
180,2,search,03/08/2026 6:56
180,37,search,03/08/2026 9:47
180,32,purchase,03/08/2026 11:00
180,30,click,03/08/2026 12:26
180,2,click,03/08/2026 13:16
180,38,remove_cart,03/08/2026 14:00
180,40,view,03/08/2026 14:06
180,40,remove_cart,03/08/2026 14:12
180,14,add_to_cart,03/08/2026 14:58
180,40,view,03/08/2026 16:31
180,33,update_quantity,03/08/2026 17:35
180,40,add_to_cart,03/08/2026 18:56
180,7,remove_cart,03/08/2026 21:32
180,45,update_quantity,03/08/2026 23:30
180,6,search,03/09/2026 0:09
180,14,add_to_cart,03/09/2026 2:51
180,11,view,03/09/2026 5:16
180,14,view,03/09/2026 6:36
180,33,add_to_cart,03/09/2026 9:07
180,33,click,03/09/2026 11:29
180,33,purchase,03/09/2026 12:50
180,9,add_to_cart,03/09/2026 14:47
180,26,view,03/09/2026 15:28
180,6,search,03/09/2026 16:51
180,45,remove_cart,03/09/2026 19:32
180,31,rate,03/09/2026 19:39
180,18,search,03/09/2026 20:02
180,38,search,03/09/2026 20:13
180,40,purchase,03/09/2026 22:35
181,2,search,01/30/2026 16:42
181,28,click,01/30/2026 19:09
181,29,search,01/30/2026 21:37
181,11,click,01/30/2026 22:01
181,25,search,01/30/2026 23:49
181,2,view,01/31/2026 0:27
181,30,view,01/31/2026 2:43
181,2,add_to_cart,01/31/2026 4:52
181,12,view,01/31/2026 6:08
181,25,add_to_cart,01/31/2026 7:58
181,30,view,01/31/2026 9:58
181,25,purchase,01/31/2026 12:59
181,2,purchase,01/31/2026 14:44
181,43,view,01/31/2026 17:31
181,25,click,01/31/2026 18:41
181,18,view,01/31/2026 20:49
181,12,click,01/31/2026 21:09
181,12,view,01/31/2026 22:22
181,3,search,01/31/2026 22:53
181,27,view,02/01/2026 0:13
181,2,click,02/01/2026 2:19
181,4,click,02/01/2026 4:13
181,12,click,02/01/2026 6:43
181,32,click,02/01/2026 9:41
181,8,view,02/01/2026 11:44
181,12,click,02/01/2026 13:00
181,11,click,02/01/2026 14:44
181,42,view,02/01/2026 17:13
181,6,search,02/01/2026 20:06
181,12,view,02/01/2026 22:14
181,32,add_to_cart,02/02/2026 0:48
181,32,update_quantity,02/02/2026 0:53
181,32,purchase,02/02/2026 2:07
181,46,search,02/02/2026 4:57
181,32,view,02/02/2026 7:47
181,10,add_to_cart,02/02/2026 9:49
181,32,view,02/02/2026 10:03
181,10,remove_cart,02/02/2026 11:08
181,31,search,02/02/2026 12:09
181,27,add_to_cart,02/02/2026 13:21
181,27,purchase,02/02/2026 14:27
181,2,rate,02/02/2026 16:46
181,5,view,02/02/2026 18:38
181,32,view,02/02/2026 20:58
181,27,click,02/02/2026 23:57
181,5,view,02/03/2026 2:42
181,32,rate,02/03/2026 5:25
181,24,add_to_cart,02/03/2026 7:45
181,24,remove_cart,02/03/2026 10:25
181,39,search,02/03/2026 11:54
181,13,add_to_cart,02/03/2026 12:08
181,22,add_to_cart,02/03/2026 14:12
181,16,search,02/03/2026 16:29
181,22,view,02/03/2026 19:17
181,13,update_quantity,02/03/2026 19:27
182,5,view,02/24/2026 21:21
182,26,search,02/24/2026 21:46
182,36,add_to_cart,02/24/2026 23:53
182,36,click,02/25/2026 2:33
182,36,view,02/25/2026 3:31
182,36,click,02/25/2026 4:10
182,26,add_to_cart,02/25/2026 6:25
182,36,click,02/25/2026 8:48
182,36,add_to_cart,02/25/2026 10:14
182,26,update_quantity,02/25/2026 10:19
182,18,view,02/25/2026 11:08
182,36,click,02/25/2026 11:48
182,36,add_to_cart,02/25/2026 13:06
182,26,click,02/25/2026 14:28
182,9,search,02/25/2026 16:28
182,18,view,02/25/2026 19:23
182,18,add_to_cart,02/25/2026 19:47
182,26,remove_cart,02/25/2026 22:09
182,36,view,02/25/2026 22:45
182,26,click,02/26/2026 1:06
182,36,view,02/26/2026 2:14
182,26,add_to_cart,02/26/2026 2:31
182,18,view,02/26/2026 2:35
182,24,search,02/26/2026 4:17
182,18,remove_cart,02/26/2026 4:53
182,18,click,02/26/2026 7:14
182,18,view,02/26/2026 8:19
182,22,search,02/26/2026 8:48
182,49,click,02/26/2026 9:06
182,35,search,02/26/2026 11:17
182,31,search,02/26/2026 13:36
182,49,view,02/26/2026 13:48
182,36,update_quantity,02/26/2026 14:44
182,16,add_to_cart,02/26/2026 15:01
182,36,update_quantity,02/26/2026 15:12
182,22,click,02/26/2026 16:57
182,4,search,02/26/2026 18:32
182,49,view,02/26/2026 18:38
182,16,update_quantity,02/26/2026 18:54
182,11,click,02/26/2026 20:58
182,11,click,02/26/2026 23:06
182,26,update_quantity,02/26/2026 23:35
182,26,remove_cart,02/27/2026 0:20
182,16,remove_cart,02/27/2026 3:15
182,14,view,02/27/2026 5:55
182,37,view,02/27/2026 6:30
182,13,search,02/27/2026 7:03
182,36,remove_cart,02/27/2026 7:53
182,37,view,02/27/2026 8:58
182,26,view,02/27/2026 9:28
182,36,view,02/27/2026 10:20
182,49,click,02/27/2026 13:16
182,36,view,02/27/2026 15:29
182,26,click,02/27/2026 16:32
182,37,click,02/27/2026 17:59
182,36,view,02/27/2026 20:57
182,36,view,02/27/2026 21:14
182,17,search,02/27/2026 23:48
182,47,click,02/28/2026 1:12
182,36,click,02/28/2026 2:56
182,26,view,02/28/2026 3:22
182,47,click,02/28/2026 5:56
182,24,add_to_cart,02/28/2026 6:37
182,24,purchase,02/28/2026 7:43
182,47,add_to_cart,02/28/2026 10:37
182,36,view,02/28/2026 11:08
182,47,view,02/28/2026 14:04
182,31,click,02/28/2026 16:09
182,21,view,02/28/2026 16:40
182,15,add_to_cart,02/28/2026 19:30
182,47,update_quantity,02/28/2026 22:13
182,14,add_to_cart,03/01/2026 0:52
182,4,click,03/01/2026 2:32
183,18,search,12/11/2025 1:45
183,18,view,12/11/2025 3:51
183,25,view,12/11/2025 5:24
183,25,click,12/11/2025 5:48
183,18,click,12/11/2025 6:42
183,34,click,12/11/2025 9:27
183,38,view,12/11/2025 9:29
183,38,add_to_cart,12/11/2025 9:58
183,38,update_quantity,12/11/2025 11:14
183,25,add_to_cart,12/11/2025 11:41
183,38,remove_cart,12/11/2025 13:47
183,25,update_quantity,12/11/2025 14:47
183,25,remove_cart,12/11/2025 16:09
183,14,search,12/11/2025 17:14
183,38,view,12/11/2025 19:39
183,26,click,12/11/2025 20:41
183,44,search,12/11/2025 23:14
183,31,view,12/12/2025 1:57
183,38,view,12/12/2025 2:21
183,38,click,12/12/2025 3:21
183,19,search,12/12/2025 6:01
183,10,search,12/12/2025 6:10
183,32,view,12/12/2025 8:04
183,14,search,12/12/2025 10:52
183,47,view,12/12/2025 11:44
183,47,add_to_cart,12/12/2025 12:33
183,32,view,12/12/2025 13:24
183,26,search,12/12/2025 15:07
183,9,view,12/12/2025 17:57
183,32,click,12/12/2025 18:53
183,20,search,12/12/2025 20:00
183,21,view,12/12/2025 21:38
183,39,search,12/12/2025 21:42
183,39,view,12/12/2025 23:24
183,47,remove_cart,12/13/2025 1:15
183,21,view,12/13/2025 1:19
183,13,search,12/13/2025 2:32
183,42,search,12/13/2025 3:25
183,13,view,12/13/2025 5:29
183,25,search,12/13/2025 6:09
183,4,add_to_cart,12/13/2025 7:26
183,13,click,12/13/2025 10:26
183,21,click,12/13/2025 12:53
183,21,view,12/13/2025 14:48
184,35,search,02/08/2026 22:40
184,22,view,02/08/2026 22:52
184,20,add_to_cart,02/09/2026 0:27
184,11,search,02/09/2026 1:25
184,20,add_to_cart,02/09/2026 2:01
184,25,search,02/09/2026 2:40
184,11,view,02/09/2026 5:22
184,20,update_quantity,02/09/2026 6:50
184,3,search,02/09/2026 7:44
184,34,view,02/09/2026 9:21
184,11,click,02/09/2026 10:00
184,20,view,02/09/2026 12:36
184,34,view,02/09/2026 14:59
184,23,search,02/09/2026 15:35
184,11,view,02/09/2026 16:47
184,20,remove_cart,02/09/2026 18:05
184,3,add_to_cart,02/09/2026 19:49
184,20,add_to_cart,02/09/2026 20:22
184,36,add_to_cart,02/09/2026 23:10
184,34,add_to_cart,02/10/2026 0:33
184,13,search,02/10/2026 0:45
184,23,view,02/10/2026 1:17
184,31,search,02/10/2026 4:04
184,1,search,02/10/2026 6:20
184,28,search,02/10/2026 7:34
184,34,purchase,02/10/2026 7:44
184,34,rate,02/10/2026 8:37
184,42,search,02/10/2026 10:27
184,6,view,02/10/2026 12:16
184,42,click,02/10/2026 12:53
184,14,search,02/10/2026 15:39
184,16,search,02/10/2026 18:38
184,19,view,02/10/2026 21:30
184,42,view,02/10/2026 21:53
184,17,search,02/10/2026 22:04
184,19,view,02/10/2026 23:48
184,3,purchase,02/11/2026 1:30
184,42,add_to_cart,02/11/2026 3:56
184,17,view,02/11/2026 4:04
184,30,add_to_cart,02/11/2026 4:46
184,30,remove_cart,02/11/2026 7:15
184,24,search,02/11/2026 8:32
184,30,click,02/11/2026 9:09
184,20,update_quantity,02/11/2026 10:35
184,20,view,02/11/2026 11:25
184,10,view,02/11/2026 11:44
184,22,view,02/11/2026 12:54
184,27,view,02/11/2026 14:32
184,17,search,02/11/2026 16:22
184,22,view,02/11/2026 16:38
184,10,view,02/11/2026 18:43
184,4,search,02/11/2026 19:09
184,10,add_to_cart,02/11/2026 20:47
184,20,remove_cart,02/11/2026 22:05
184,17,click,02/11/2026 22:55
184,10,add_to_cart,02/12/2026 0:00
184,9,view,02/12/2026 0:07
184,17,add_to_cart,02/12/2026 1:36
184,9,search,02/12/2026 4:11
185,34,search,12/16/2025 20:06
185,34,click,12/16/2025 20:36
185,14,click,12/16/2025 22:21
185,34,view,12/17/2025 1:02
185,14,view,12/17/2025 3:10
185,14,view,12/17/2025 4:44
185,34,add_to_cart,12/17/2025 4:46
185,34,view,12/17/2025 6:10
185,14,view,12/17/2025 8:01
185,34,click,12/17/2025 9:13
185,10,search,12/17/2025 11:12
185,34,purchase,12/17/2025 13:18
185,34,rate,12/17/2025 15:42
185,22,search,12/17/2025 17:06
185,35,search,12/17/2025 19:25
185,1,search,12/17/2025 21:19
185,14,click,12/17/2025 22:24
185,19,search,12/18/2025 0:31
185,10,view,12/18/2025 1:23
185,5,click,12/18/2025 1:54
185,16,search,12/18/2025 3:25
185,49,search,12/18/2025 5:13
185,49,add_to_cart,12/18/2025 5:48
185,14,add_to_cart,12/18/2025 7:13
185,40,search,12/18/2025 9:02
185,49,purchase,12/18/2025 9:51
185,49,view,12/18/2025 12:34
185,16,view,12/18/2025 14:05
185,49,add_to_cart,12/18/2025 15:44
185,49,view,12/18/2025 16:53
185,49,click,12/18/2025 17:00
185,11,add_to_cart,12/18/2025 17:42
185,16,view,12/18/2025 17:58
185,49,add_to_cart,12/18/2025 19:58
185,46,click,12/18/2025 21:43
185,12,view,12/18/2025 23:01
185,21,view,12/19/2025 0:40
185,12,view,12/19/2025 0:47
185,5,add_to_cart,12/19/2025 1:10
185,21,add_to_cart,12/19/2025 1:18
185,14,purchase,12/19/2025 3:23
185,14,rate,12/19/2025 5:46
186,43,view,11/06/2025 23:49
186,27,search,11/07/2025 0:17
186,27,click,11/07/2025 3:11
186,27,click,11/07/2025 4:34
186,38,add_to_cart,11/07/2025 6:59
186,17,view,11/07/2025 9:17
186,39,add_to_cart,11/07/2025 10:29
186,17,click,11/07/2025 12:47
186,3,add_to_cart,11/07/2025 13:15
186,21,click,11/07/2025 13:22
186,11,search,11/07/2025 15:42
186,35,view,11/07/2025 16:50
186,13,add_to_cart,11/07/2025 19:36
186,46,view,11/07/2025 20:30
186,3,click,11/07/2025 21:08
186,18,add_to_cart,11/07/2025 23:15
186,13,update_quantity,11/08/2025 1:40
186,39,purchase,11/08/2025 3:18
186,4,search,11/08/2025 5:59
186,3,view,11/08/2025 7:31
186,3,click,11/08/2025 8:57
186,18,purchase,11/08/2025 11:49
186,13,remove_cart,11/08/2025 12:37
186,18,click,11/08/2025 12:48
186,22,click,11/08/2025 14:52
186,3,remove_cart,11/08/2025 15:38
186,18,view,11/08/2025 16:17
186,18,view,11/08/2025 18:13
186,30,view,11/08/2025 19:18
186,30,add_to_cart,11/08/2025 20:22
186,5,search,11/08/2025 21:30
186,37,view,11/09/2025 0:05
186,3,click,11/09/2025 0:56
186,3,view,11/09/2025 3:08
186,30,update_quantity,11/09/2025 5:45
186,37,add_to_cart,11/09/2025 6:31
186,30,view,11/09/2025 7:44
186,37,add_to_cart,11/09/2025 9:48
186,38,remove_cart,11/09/2025 10:31
186,41,search,11/09/2025 10:34
186,23,view,11/09/2025 12:30
186,30,update_quantity,11/09/2025 14:18
186,30,view,11/09/2025 15:56
186,23,view,11/09/2025 16:19
186,37,add_to_cart,11/09/2025 17:24
186,27,view,11/09/2025 19:35
186,46,search,11/09/2025 19:54
186,39,view,11/09/2025 22:16
186,8,search,11/09/2025 23:06
186,34,search,11/10/2025 0:21
186,37,update_quantity,11/10/2025 2:53
186,27,add_to_cart,11/10/2025 4:20
186,27,add_to_cart,11/10/2025 6:09
186,39,view,11/10/2025 7:32
186,11,click,11/10/2025 9:37
186,37,purchase,11/10/2025 12:35
186,27,remove_cart,11/10/2025 12:42
186,27,click,11/10/2025 12:48
186,37,add_to_cart,11/10/2025 14:42
186,37,purchase,11/10/2025 15:00
186,44,click,11/10/2025 15:21
186,30,purchase,11/10/2025 17:29
186,27,search,11/10/2025 19:13
186,39,view,11/10/2025 21:12
186,27,click,11/10/2025 21:22
186,45,click,11/10/2025 22:56
186,10,search,11/11/2025 1:45
187,24,click,12/16/2025 15:50
187,24,view,12/16/2025 16:44
187,45,click,12/16/2025 18:32
187,24,add_to_cart,12/16/2025 20:20
187,24,add_to_cart,12/16/2025 20:51
187,24,view,12/16/2025 22:39
187,45,view,12/17/2025 0:09
187,24,click,12/17/2025 1:46
187,24,add_to_cart,12/17/2025 3:46
187,24,update_quantity,12/17/2025 4:01
187,24,purchase,12/17/2025 5:36
187,4,add_to_cart,12/17/2025 6:45
187,15,view,12/17/2025 9:33
187,24,view,12/17/2025 10:00
187,17,view,12/17/2025 11:09
187,15,view,12/17/2025 13:36
187,24,click,12/17/2025 15:17
187,24,view,12/17/2025 17:03
187,50,search,12/17/2025 18:44
187,17,add_to_cart,12/17/2025 20:40
187,24,rate,12/17/2025 22:46
187,17,click,12/17/2025 23:28
187,15,view,12/18/2025 1:54
187,24,click,12/18/2025 3:37
187,4,add_to_cart,12/18/2025 5:28
187,17,add_to_cart,12/18/2025 5:32
187,17,click,12/18/2025 6:59
187,49,view,12/18/2025 9:55
187,48,view,12/18/2025 11:43
187,17,remove_cart,12/18/2025 12:19
187,45,view,12/18/2025 14:58
187,4,update_quantity,12/18/2025 16:17
187,43,view,12/18/2025 17:14
187,39,view,12/18/2025 19:11
187,5,add_to_cart,12/18/2025 20:28
187,4,purchase,12/18/2025 23:27
187,5,view,12/18/2025 23:34
187,4,rate,12/19/2025 2:25
187,22,search,12/19/2025 3:33
187,5,click,12/19/2025 4:58
187,5,update_quantity,12/19/2025 5:42
187,37,add_to_cart,12/19/2025 6:02
187,4,click,12/19/2025 7:54
187,8,view,12/19/2025 9:55
187,8,click,12/19/2025 11:09
187,33,view,12/19/2025 12:00
187,18,search,12/19/2025 13:40
187,34,search,12/19/2025 15:28
187,8,view,12/19/2025 17:47
187,18,click,12/19/2025 20:37
187,8,view,12/19/2025 22:16
187,33,add_to_cart,12/19/2025 23:11
187,8,add_to_cart,12/20/2025 2:00
187,5,purchase,12/20/2025 4:16
187,34,view,12/20/2025 4:35
187,8,purchase,12/20/2025 7:27
187,8,rate,12/20/2025 7:48
187,33,purchase,12/20/2025 8:05
187,4,search,12/20/2025 10:45
187,5,view,12/20/2025 12:21
187,17,search,12/20/2025 13:42
187,8,click,12/20/2025 15:47
187,5,rate,12/20/2025 17:42
187,39,search,12/20/2025 20:39
187,7,view,12/20/2025 20:59
187,33,click,12/20/2025 23:55
188,33,view,03/05/2026 11:21
188,33,view,03/05/2026 14:09
188,21,view,03/05/2026 15:25
188,40,add_to_cart,03/05/2026 17:28
188,33,click,03/05/2026 19:41
188,40,update_quantity,03/05/2026 22:10
188,40,view,03/05/2026 23:57
188,40,purchase,03/06/2026 2:45
188,21,view,03/06/2026 3:02
188,21,add_to_cart,03/06/2026 5:05
188,33,view,03/06/2026 5:18
188,37,click,03/06/2026 6:47
188,37,add_to_cart,03/06/2026 6:52
188,6,search,03/06/2026 8:20
188,21,click,03/06/2026 8:31
188,37,add_to_cart,03/06/2026 10:36
188,27,search,03/06/2026 13:25
188,47,search,03/06/2026 15:46
188,37,update_quantity,03/06/2026 17:56
188,36,click,03/06/2026 20:36
188,21,update_quantity,03/06/2026 21:05
188,29,click,03/06/2026 21:23
188,6,search,03/06/2026 22:48
188,37,add_to_cart,03/07/2026 1:41
188,29,click,03/07/2026 2:44
188,40,rate,03/07/2026 5:25
188,37,view,03/07/2026 6:13
188,49,search,03/07/2026 7:27
188,21,click,03/07/2026 9:48
188,35,search,03/07/2026 11:22
188,20,search,03/07/2026 13:16
188,37,view,03/07/2026 14:16
188,37,purchase,03/07/2026 16:50
188,21,update_quantity,03/07/2026 17:03
188,31,search,03/07/2026 17:17
188,21,add_to_cart,03/07/2026 19:17
188,21,update_quantity,03/07/2026 21:22
188,21,add_to_cart,03/07/2026 22:33
188,32,search,03/07/2026 22:35
188,31,view,03/08/2026 0:45
188,37,click,03/08/2026 3:02
188,10,search,03/08/2026 5:54
189,26,view,01/18/2026 4:46
189,34,view,01/18/2026 5:13
189,37,view,01/18/2026 6:51
189,26,click,01/18/2026 8:22
189,26,view,01/18/2026 9:24
189,11,add_to_cart,01/18/2026 10:05
189,36,add_to_cart,01/18/2026 12:44
189,36,update_quantity,01/18/2026 13:16
189,23,view,01/18/2026 15:34
189,36,purchase,01/18/2026 17:59
189,50,add_to_cart,01/18/2026 19:45
189,11,update_quantity,01/18/2026 22:15
189,26,view,01/18/2026 22:49
189,11,purchase,01/19/2026 1:35
189,40,click,01/19/2026 2:50
189,38,click,01/19/2026 4:31
189,38,click,01/19/2026 5:54
189,38,view,01/19/2026 6:00
189,26,view,01/19/2026 7:03
189,40,click,01/19/2026 7:20
189,9,click,01/19/2026 9:50
189,26,click,01/19/2026 10:59
189,34,add_to_cart,01/19/2026 11:02
189,38,add_to_cart,01/19/2026 13:56
189,3,view,01/19/2026 15:15
189,18,view,01/19/2026 15:45
189,3,add_to_cart,01/19/2026 16:59
189,50,remove_cart,01/19/2026 19:12
189,38,click,01/19/2026 22:11
189,8,click,01/20/2026 0:10
189,5,add_to_cart,01/20/2026 0:33
189,34,update_quantity,01/20/2026 2:01
189,19,view,01/20/2026 3:08
189,31,view,01/20/2026 4:35
189,3,search,01/20/2026 6:36
189,38,remove_cart,01/20/2026 6:57
189,2,search,01/20/2026 7:05
189,7,search,01/20/2026 8:05
189,38,view,01/20/2026 11:02
189,3,click,01/20/2026 11:14
189,7,search,01/20/2026 12:03
189,38,add_to_cart,01/20/2026 13:01
189,17,search,01/20/2026 14:27
189,34,purchase,01/20/2026 15:32
189,7,view,01/20/2026 16:41
190,17,click,02/09/2026 4:38
190,5,search,02/09/2026 6:43
190,5,click,02/09/2026 8:52
190,5,click,02/09/2026 11:24
190,5,view,02/09/2026 12:08
190,37,search,02/09/2026 13:45
190,17,view,02/09/2026 16:45
190,15,click,02/09/2026 18:35
190,1,search,02/09/2026 21:10
190,37,search,02/09/2026 21:58
190,31,view,02/09/2026 22:27
190,5,view,02/09/2026 23:06
190,5,click,02/10/2026 1:47
190,37,view,02/10/2026 2:12
190,30,add_to_cart,02/10/2026 3:51
190,30,view,02/10/2026 4:24
190,22,search,02/10/2026 5:26
190,30,purchase,02/10/2026 8:27
190,30,rate,02/10/2026 10:53
190,1,search,02/10/2026 11:49
190,45,view,02/10/2026 12:14
190,15,add_to_cart,02/10/2026 13:54
190,46,search,02/10/2026 15:26
190,15,update_quantity,02/10/2026 17:19
190,45,view,02/10/2026 17:48
190,49,click,02/10/2026 20:05
190,15,purchase,02/10/2026 22:03
190,28,add_to_cart,02/11/2026 0:19
190,28,update_quantity,02/11/2026 1:47
190,17,view,02/11/2026 2:20
190,13,search,02/11/2026 5:06
190,43,search,02/11/2026 7:13
190,28,purchase,02/11/2026 8:57
190,5,search,02/11/2026 10:17
190,16,add_to_cart,02/11/2026 11:23
190,16,purchase,02/11/2026 12:51
190,16,rate,02/11/2026 14:40
190,5,search,02/11/2026 15:58
190,10,search,02/11/2026 17:29
190,4,view,02/11/2026 18:16
190,28,add_to_cart,02/11/2026 18:32
190,16,click,02/11/2026 20:56
190,16,view,02/11/2026 22:14
190,16,view,02/12/2026 0:59
190,28,rate,02/12/2026 3:36
190,15,rate,02/12/2026 4:43
190,14,search,02/12/2026 6:04
190,19,search,02/12/2026 7:46
190,16,click,02/12/2026 7:54
190,15,view,02/12/2026 10:03
190,24,search,02/12/2026 10:54
190,15,view,02/12/2026 12:13
190,15,click,02/12/2026 13:42
190,28,purchase,02/12/2026 16:09
190,15,add_to_cart,02/12/2026 16:13
190,16,view,02/12/2026 18:04
190,47,add_to_cart,02/12/2026 21:04
190,15,update_quantity,02/12/2026 22:07
190,24,search,02/13/2026 0:46
190,10,search,02/13/2026 2:44
191,19,view,02/09/2026 15:06
191,19,view,02/09/2026 18:05
191,49,search,02/09/2026 18:42
191,41,click,02/09/2026 20:54
191,35,click,02/09/2026 23:27
191,11,view,02/09/2026 23:35
191,11,add_to_cart,02/10/2026 1:54
191,11,view,02/10/2026 2:05
191,49,view,02/10/2026 2:47
191,24,add_to_cart,02/10/2026 5:14
191,11,remove_cart,02/10/2026 7:09
191,42,search,02/10/2026 7:28
191,11,view,02/10/2026 9:02
191,11,click,02/10/2026 9:58
191,24,purchase,02/10/2026 10:17
191,9,search,02/10/2026 12:20
191,11,click,02/10/2026 14:25
191,11,view,02/10/2026 16:26
191,11,view,02/10/2026 16:40
191,44,search,02/10/2026 17:02
191,50,view,02/10/2026 17:31
191,47,view,02/10/2026 20:28
191,24,click,02/10/2026 22:13
191,37,click,02/11/2026 0:27
191,11,click,02/11/2026 2:36
191,24,search,02/11/2026 3:25
191,46,view,02/11/2026 5:30
191,24,add_to_cart,02/11/2026 7:39
191,11,click,02/11/2026 8:14
191,24,view,02/11/2026 10:30
191,46,add_to_cart,02/11/2026 11:04
191,34,click,02/11/2026 11:12
191,24,add_to_cart,02/11/2026 11:45
191,24,click,02/11/2026 12:01
191,6,view,02/11/2026 14:38
191,31,search,02/11/2026 16:58
191,46,add_to_cart,02/11/2026 17:33
191,24,rate,02/11/2026 19:17
191,6,add_to_cart,02/11/2026 20:07
191,24,view,02/11/2026 20:59
191,46,update_quantity,02/11/2026 22:44
191,20,view,02/11/2026 23:45
191,50,search,02/12/2026 2:30
191,28,view,02/12/2026 4:15
191,4,add_to_cart,02/12/2026 5:38
191,50,view,02/12/2026 7:49
191,6,purchase,02/12/2026 9:24
191,4,remove_cart,02/12/2026 12:16
191,3,view,02/12/2026 13:47
191,20,search,02/12/2026 13:51
191,50,view,02/12/2026 13:58
191,23,search,02/12/2026 14:56
191,4,click,02/12/2026 16:07
191,24,update_quantity,02/12/2026 18:27
191,31,add_to_cart,02/12/2026 19:50
191,22,search,02/12/2026 22:34
191,50,click,02/13/2026 0:34
191,23,view,02/13/2026 2:34
191,23,view,02/13/2026 3:21
191,5,view,02/13/2026 5:49
191,4,click,02/13/2026 6:00
191,31,update_quantity,02/13/2026 6:54
191,49,view,02/13/2026 8:49
191,23,click,02/13/2026 10:53
191,23,click,02/13/2026 11:49
191,49,add_to_cart,02/13/2026 11:59
191,28,view,02/13/2026 12:42
191,46,add_to_cart,02/13/2026 13:28
191,13,add_to_cart,02/13/2026 16:18
191,24,update_quantity,02/13/2026 17:54
191,23,view,02/13/2026 20:35
192,38,click,01/31/2026 19:19
192,6,click,01/31/2026 20:43
192,18,view,01/31/2026 21:27
192,13,search,01/31/2026 22:08
192,38,add_to_cart,01/31/2026 22:57
192,38,click,02/01/2026 1:06
192,43,view,02/01/2026 2:14
192,50,add_to_cart,02/01/2026 3:04
192,50,add_to_cart,02/01/2026 4:24
192,50,update_quantity,02/01/2026 6:19
192,14,click,02/01/2026 6:35
192,38,add_to_cart,02/01/2026 7:43
192,43,click,02/01/2026 8:11
192,33,view,02/01/2026 8:48
192,31,view,02/01/2026 9:39
192,50,update_quantity,02/01/2026 9:56
192,11,add_to_cart,02/01/2026 10:56
192,14,add_to_cart,02/01/2026 13:32
192,37,search,02/01/2026 14:39
192,33,click,02/01/2026 17:31
192,14,view,02/01/2026 17:45
192,50,remove_cart,02/01/2026 19:51
192,5,view,02/01/2026 22:17
192,11,purchase,02/01/2026 22:52
192,5,click,02/01/2026 23:31
192,11,click,02/02/2026 1:35
192,38,purchase,02/02/2026 3:30
192,17,add_to_cart,02/02/2026 5:19
192,5,click,02/02/2026 8:16
192,5,view,02/02/2026 10:45
192,11,add_to_cart,02/02/2026 11:38
192,11,click,02/02/2026 12:39
192,6,search,02/02/2026 14:38
192,6,click,02/02/2026 15:25
192,38,rate,02/02/2026 18:17
192,20,add_to_cart,02/02/2026 18:57
192,5,click,02/02/2026 20:56
192,48,search,02/02/2026 23:09
192,30,search,02/03/2026 0:51
192,11,remove_cart,02/03/2026 1:14
192,20,add_to_cart,02/03/2026 2:11
192,40,search,02/03/2026 2:15
192,11,view,02/03/2026 4:28
192,11,search,02/03/2026 7:04
192,5,click,02/03/2026 9:01
192,1,view,02/03/2026 11:30
192,28,search,02/03/2026 14:20
193,43,view,02/24/2026 12:26
193,43,click,02/24/2026 15:23
193,43,click,02/24/2026 16:04
193,36,view,02/24/2026 17:06
193,47,add_to_cart,02/24/2026 19:06
193,47,update_quantity,02/24/2026 21:07
193,17,click,02/24/2026 22:22
193,43,view,02/24/2026 22:28
193,40,view,02/24/2026 22:32
193,2,search,02/25/2026 0:19
193,47,search,02/25/2026 2:50
193,40,add_to_cart,02/25/2026 3:36
193,38,search,02/25/2026 5:00
193,17,view,02/25/2026 5:24
193,40,update_quantity,02/25/2026 7:12
193,24,search,02/25/2026 8:09
193,17,add_to_cart,02/25/2026 11:03
193,1,search,02/25/2026 11:20
193,2,view,02/25/2026 12:43
193,1,add_to_cart,02/25/2026 15:33
193,38,view,02/25/2026 15:57
193,24,click,02/25/2026 16:14
193,17,view,02/25/2026 17:36
193,2,click,02/25/2026 18:07
193,2,click,02/25/2026 19:43
193,2,search,02/25/2026 21:58
193,1,remove_cart,02/26/2026 0:53
193,32,add_to_cart,02/26/2026 2:11
193,17,view,02/26/2026 3:52
193,6,search,02/26/2026 6:47
193,2,add_to_cart,02/26/2026 7:43
193,40,purchase,02/26/2026 10:35
193,2,view,02/26/2026 12:14
193,9,add_to_cart,02/26/2026 14:45
193,9,purchase,02/26/2026 14:49
193,17,view,02/26/2026 17:08
193,48,click,02/26/2026 18:28
193,9,add_to_cart,02/26/2026 21:16
193,9,click,02/26/2026 23:14
193,17,click,02/27/2026 1:54
193,32,search,02/27/2026 3:47
193,18,add_to_cart,02/27/2026 6:40
193,32,click,02/27/2026 7:03
193,36,search,02/27/2026 9:11
193,18,view,02/27/2026 10:32
193,32,purchase,02/27/2026 13:28
193,39,search,02/27/2026 13:31
193,32,click,02/27/2026 15:07
193,40,search,02/27/2026 17:17
193,28,add_to_cart,02/27/2026 17:23
193,9,update_quantity,02/27/2026 17:34
194,31,search,02/03/2026 11:51
194,31,view,02/03/2026 14:21
194,31,add_to_cart,02/03/2026 14:59
194,31,add_to_cart,02/03/2026 17:49
194,31,update_quantity,02/03/2026 17:59
194,12,view,02/03/2026 19:35
194,31,update_quantity,02/03/2026 21:37
194,42,search,02/03/2026 22:15
194,31,update_quantity,02/04/2026 1:10
194,12,click,02/04/2026 1:32
194,12,add_to_cart,02/04/2026 1:50
194,6,view,02/04/2026 3:25
194,31,view,02/04/2026 4:00
194,28,view,02/04/2026 4:19
194,6,click,02/04/2026 5:05
194,31,view,02/04/2026 5:59
194,40,search,02/04/2026 8:07
194,21,view,02/04/2026 10:02
194,35,search,02/04/2026 11:46
194,35,view,02/04/2026 11:55
194,31,purchase,02/04/2026 13:53
194,31,rate,02/04/2026 14:53
194,12,update_quantity,02/04/2026 17:44
194,12,purchase,02/04/2026 20:39
194,16,search,02/04/2026 21:47
194,21,click,02/04/2026 23:03
194,14,search,02/05/2026 1:40
194,12,click,02/05/2026 2:07
194,27,view,02/05/2026 4:22
194,12,view,02/05/2026 4:35
194,10,view,02/05/2026 5:39
194,50,add_to_cart,02/05/2026 7:41
194,16,add_to_cart,02/05/2026 10:08
194,12,view,02/05/2026 10:35
194,12,click,02/05/2026 12:25
194,12,click,02/05/2026 13:47
194,50,view,02/05/2026 16:47
194,12,click,02/05/2026 19:41
194,50,view,02/05/2026 22:12
194,12,add_to_cart,02/05/2026 22:29
194,40,click,02/06/2026 0:05
194,50,view,02/06/2026 1:51
194,8,view,02/06/2026 2:50
194,12,add_to_cart,02/06/2026 3:29
194,50,view,02/06/2026 5:11
194,9,search,02/06/2026 7:09
194,16,update_quantity,02/06/2026 8:30
194,12,remove_cart,02/06/2026 9:46
195,42,click,01/29/2026 23:28
195,33,search,01/30/2026 2:16
195,42,add_to_cart,01/30/2026 5:07
195,42,click,01/30/2026 7:06
195,1,search,01/30/2026 8:57
195,16,search,01/30/2026 10:15
195,14,view,01/30/2026 11:38
195,42,click,01/30/2026 14:34
195,42,update_quantity,01/30/2026 15:19
195,42,purchase,01/30/2026 15:33
195,42,click,01/30/2026 17:12
195,16,click,01/30/2026 18:23
195,1,search,01/30/2026 21:13
195,1,add_to_cart,01/31/2026 0:12
195,11,search,01/31/2026 2:32
195,42,add_to_cart,01/31/2026 4:02
195,1,view,01/31/2026 6:06
195,42,click,01/31/2026 7:34
195,1,purchase,01/31/2026 9:46
195,42,rate,01/31/2026 11:21
195,28,view,01/31/2026 11:34
195,32,search,01/31/2026 12:20
195,42,view,01/31/2026 13:49
195,42,add_to_cart,01/31/2026 14:55
195,1,click,01/31/2026 17:12
195,35,add_to_cart,01/31/2026 18:37
195,32,add_to_cart,01/31/2026 19:39
195,42,remove_cart,01/31/2026 20:03
195,26,add_to_cart,01/31/2026 20:58
195,28,view,01/31/2026 22:22
195,11,add_to_cart,01/31/2026 22:48
195,32,view,01/31/2026 23:02
195,42,view,02/01/2026 1:51
195,26,click,02/01/2026 4:00
195,47,search,02/01/2026 4:29
195,48,view,02/01/2026 6:45
195,48,view,02/01/2026 8:31
195,28,view,02/01/2026 11:13
195,1,rate,02/01/2026 13:05
195,49,view,02/01/2026 13:21
195,49,view,02/01/2026 14:11
195,44,search,02/01/2026 15:54
195,48,view,02/01/2026 16:12
195,30,add_to_cart,02/01/2026 18:23
195,49,view,02/01/2026 20:35
195,44,add_to_cart,02/01/2026 22:04
195,5,view,02/01/2026 23:49
195,24,search,02/02/2026 1:32
195,49,click,02/02/2026 2:40
195,42,search,02/02/2026 3:31
195,1,add_to_cart,02/02/2026 5:39
195,49,click,02/02/2026 6:55
195,42,view,02/02/2026 8:12
195,21,search,02/02/2026 9:12
195,49,view,02/02/2026 11:48
195,15,click,02/02/2026 12:59
195,28,add_to_cart,02/02/2026 15:30
196,26,search,11/10/2025 18:34
196,1,view,11/10/2025 19:31
196,1,view,11/10/2025 21:44
196,1,view,11/10/2025 23:25
196,1,click,11/11/2025 0:48
196,12,search,11/11/2025 2:08
196,1,click,11/11/2025 4:39
196,38,click,11/11/2025 7:12
196,50,search,11/11/2025 9:15
196,50,view,11/11/2025 11:58
196,33,view,11/11/2025 12:41
196,1,click,11/11/2025 13:52
196,38,view,11/11/2025 16:19
196,12,view,11/11/2025 16:52
196,1,click,11/11/2025 17:35
196,12,click,11/11/2025 19:54
196,16,view,11/11/2025 20:02
196,50,click,11/11/2025 21:42
196,1,view,11/11/2025 23:14
196,50,click,11/12/2025 1:06
196,1,add_to_cart,11/12/2025 3:47
196,12,view,11/12/2025 4:23
196,1,remove_cart,11/12/2025 5:12
196,28,search,11/12/2025 7:31
196,46,click,11/12/2025 9:28
196,14,view,11/12/2025 11:32
196,36,view,11/12/2025 11:58
196,15,search,11/12/2025 12:08
196,1,view,11/12/2025 13:53
196,31,view,11/12/2025 14:57
196,17,search,11/12/2025 16:00
196,44,search,11/12/2025 17:32
196,44,view,11/12/2025 20:05
196,14,click,11/12/2025 21:41
196,9,add_to_cart,11/13/2025 0:22
196,38,click,11/13/2025 2:44
196,31,view,11/13/2025 3:44
196,14,add_to_cart,11/13/2025 6:20
196,14,update_quantity,11/13/2025 9:19
196,9,purchase,11/13/2025 11:25
196,37,click,11/13/2025 12:53
196,11,search,11/13/2025 14:52
196,11,add_to_cart,11/13/2025 15:45
196,14,click,11/13/2025 16:49
196,26,view,11/13/2025 19:18
196,33,view,11/13/2025 20:45
196,14,remove_cart,11/13/2025 23:27
196,11,update_quantity,11/14/2025 0:35
196,37,view,11/14/2025 1:54
196,47,search,11/14/2025 4:46
196,11,remove_cart,11/14/2025 5:26
196,6,view,11/14/2025 7:10
196,29,click,11/14/2025 9:52
196,14,view,11/14/2025 11:46
196,21,view,11/14/2025 14:11
196,6,click,11/14/2025 15:19
196,27,view,11/14/2025 17:25
196,42,search,11/14/2025 19:18
196,27,view,11/14/2025 19:39
196,6,view,11/14/2025 22:32
196,21,view,11/14/2025 22:59
196,6,click,11/14/2025 23:21
196,21,click,11/15/2025 1:47
196,21,add_to_cart,11/15/2025 2:53
196,21,view,11/15/2025 4:30
196,16,search,11/15/2025 6:56
196,21,view,11/15/2025 6:59
196,21,click,11/15/2025 9:11
196,21,click,11/15/2025 9:48
196,21,view,11/15/2025 11:56
196,21,click,11/15/2025 12:04
196,50,search,11/15/2025 13:08
196,47,search,11/15/2025 15:26
196,21,add_to_cart,11/15/2025 16:06
196,21,view,11/15/2025 18:39
196,33,click,11/15/2025 19:19
197,8,view,11/19/2025 17:43
197,8,add_to_cart,11/19/2025 17:48
197,8,update_quantity,11/19/2025 17:55
197,8,remove_cart,11/19/2025 19:53
197,24,view,11/19/2025 22:50
197,8,add_to_cart,11/19/2025 23:51
197,8,update_quantity,11/20/2025 2:24
197,8,purchase,11/20/2025 4:23
197,45,search,11/20/2025 4:55
197,8,view,11/20/2025 5:32
197,8,click,11/20/2025 7:05
197,38,search,11/20/2025 7:51
197,24,view,11/20/2025 8:34
197,1,search,11/20/2025 10:14
197,8,click,11/20/2025 10:22
197,8,search,11/20/2025 12:02
197,15,search,11/20/2025 12:25
197,29,view,11/20/2025 13:31
197,38,click,11/20/2025 13:48
197,34,search,11/20/2025 15:36
197,8,rate,11/20/2025 17:01
197,2,click,11/20/2025 17:45
197,29,view,11/20/2025 19:31
197,8,add_to_cart,11/20/2025 22:20
197,11,search,11/20/2025 23:28
197,8,remove_cart,11/21/2025 2:04
197,36,search,11/21/2025 2:12
197,28,view,11/21/2025 2:44
197,25,search,11/21/2025 4:08
197,12,view,11/21/2025 4:21
197,3,search,11/21/2025 5:02
197,50,search,11/21/2025 7:17
197,37,click,11/21/2025 9:30
197,37,view,11/21/2025 10:41
197,3,view,11/21/2025 11:13
197,28,view,11/21/2025 12:52
197,50,click,11/21/2025 14:20
197,3,add_to_cart,11/21/2025 15:10
197,3,update_quantity,11/21/2025 17:20
197,3,view,11/21/2025 18:41
197,39,click,11/21/2025 20:17
197,43,search,11/21/2025 20:23
197,28,click,11/21/2025 21:35
197,22,click,11/21/2025 22:00
197,3,view,11/21/2025 22:57
197,21,click,11/22/2025 0:38
197,23,view,11/22/2025 2:45
197,3,update_quantity,11/22/2025 5:15
197,39,search,11/22/2025 7:48
197,3,update_quantity,11/22/2025 10:26
197,4,search,11/22/2025 10:51
197,3,purchase,11/22/2025 12:20
197,4,add_to_cart,11/22/2025 13:55
197,4,view,11/22/2025 16:54
197,28,click,11/22/2025 19:47
197,12,search,11/22/2025 20:52
197,45,add_to_cart,11/22/2025 23:24
197,12,click,11/23/2025 0:40
197,12,search,11/23/2025 2:40
197,45,update_quantity,11/23/2025 5:33
197,4,remove_cart,11/23/2025 6:16
197,45,update_quantity,11/23/2025 7:47
197,45,view,11/23/2025 8:00
197,12,add_to_cart,11/23/2025 10:37
197,20,search,11/23/2025 11:37
197,41,add_to_cart,11/23/2025 12:47
197,47,click,11/23/2025 14:43
197,20,click,11/23/2025 15:07
197,20,view,11/23/2025 16:48
197,12,add_to_cart,11/23/2025 17:17
197,41,click,11/23/2025 18:14
198,48,search,03/08/2026 6:03
198,48,click,03/08/2026 6:13
198,45,search,03/08/2026 6:17
198,48,add_to_cart,03/08/2026 6:42
198,40,search,03/08/2026 8:21
198,48,view,03/08/2026 8:44
198,40,view,03/08/2026 11:34
198,40,add_to_cart,03/08/2026 14:26
198,18,click,03/08/2026 17:19
198,48,click,03/08/2026 17:45
198,40,purchase,03/08/2026 18:10
198,40,rate,03/08/2026 20:06
198,4,search,03/08/2026 20:37
198,15,search,03/08/2026 22:24
198,48,update_quantity,03/09/2026 0:56
198,14,search,03/09/2026 1:28
198,48,add_to_cart,03/09/2026 4:21
198,42,search,03/09/2026 6:45
198,48,remove_cart,03/09/2026 7:03
198,15,click,03/09/2026 8:57
198,16,click,03/09/2026 11:54
198,14,view,03/09/2026 12:35
198,19,search,03/09/2026 14:58
198,14,click,03/09/2026 17:02
198,49,click,03/09/2026 20:01
198,47,search,03/09/2026 22:13
198,25,search,03/09/2026 23:25
198,19,view,03/10/2026 1:36
198,32,view,03/10/2026 4:35
198,14,view,03/10/2026 6:30
198,25,add_to_cart,03/10/2026 7:23
198,25,view,03/10/2026 10:16
198,19,click,03/10/2026 11:04
198,13,search,03/10/2026 13:05
198,32,click,03/10/2026 13:51
198,25,purchase,03/10/2026 14:02
198,25,rate,03/10/2026 15:10
198,3,search,03/10/2026 15:26
198,25,view,03/10/2026 16:56
198,46,search,03/10/2026 19:27
198,13,click,03/10/2026 19:40
198,18,add_to_cart,03/10/2026 19:51
198,19,view,03/10/2026 22:43
198,3,view,03/10/2026 23:30
198,36,view,03/11/2026 0:54
198,3,view,03/11/2026 2:19
198,18,purchase,03/11/2026 3:53
198,18,view,03/11/2026 5:57
198,37,add_to_cart,03/11/2026 7:18
198,24,search,03/11/2026 9:16
198,18,view,03/11/2026 10:28
198,50,search,03/11/2026 12:00
198,18,view,03/11/2026 12:47
198,3,add_to_cart,03/11/2026 14:42
198,24,view,03/11/2026 16:14
198,24,view,03/11/2026 18:15
198,37,update_quantity,03/11/2026 18:46
198,37,update_quantity,03/11/2026 19:23
198,13,search,03/11/2026 19:51
198,13,view,03/11/2026 20:09
198,13,add_to_cart,03/11/2026 21:10
198,37,view,03/11/2026 22:06
198,24,search,03/12/2026 0:01
198,12,click,03/12/2026 1:44
198,20,view,03/12/2026 3:12
198,12,click,03/12/2026 3:35
198,20,click,03/12/2026 3:49
198,12,view,03/12/2026 4:41
198,26,search,03/12/2026 7:22
198,3,update_quantity,03/12/2026 9:20
198,42,view,03/12/2026 10:42
199,17,click,10/23/2025 17:15
199,2,add_to_cart,10/23/2025 20:04
199,17,view,10/23/2025 20:24
199,2,purchase,10/23/2025 20:31
199,2,view,10/23/2025 23:16
199,49,add_to_cart,10/24/2025 0:33
199,11,search,10/24/2025 2:35
199,29,view,10/24/2025 3:26
199,5,click,10/24/2025 4:32
199,11,add_to_cart,10/24/2025 4:54
199,5,view,10/24/2025 5:36
199,49,update_quantity,10/24/2025 5:50
199,5,click,10/24/2025 8:44
199,11,update_quantity,10/24/2025 11:29
199,11,view,10/24/2025 12:18
199,11,update_quantity,10/24/2025 13:57
199,44,search,10/24/2025 14:15
199,43,search,10/24/2025 16:50
199,44,view,10/24/2025 17:37
199,11,click,10/24/2025 19:24
199,11,view,10/24/2025 20:48
199,22,view,10/24/2025 22:37
199,26,add_to_cart,10/24/2025 22:49
199,11,view,10/25/2025 0:54
199,22,view,10/25/2025 3:22
199,48,click,10/25/2025 4:12
199,44,click,10/25/2025 7:13
199,26,update_quantity,10/25/2025 7:57
199,26,add_to_cart,10/25/2025 10:16
199,35,search,10/25/2025 13:09
199,46,click,10/25/2025 13:29
199,2,rate,10/25/2025 14:47
199,46,add_to_cart,10/25/2025 16:00
199,30,view,10/25/2025 18:06
199,14,search,10/25/2025 19:37
199,18,view,10/25/2025 21:43
199,7,click,10/26/2025 0:29
199,30,view,10/26/2025 2:54
199,11,purchase,10/26/2025 4:30
199,34,click,10/26/2025 5:47
199,49,remove_cart,10/26/2025 6:30
199,34,search,10/26/2025 8:33
199,7,add_to_cart,10/26/2025 8:52
199,24,search,10/26/2025 9:41
199,7,view,10/26/2025 11:30
199,11,view,10/26/2025 13:54
199,9,click,10/26/2025 13:56
199,11,view,10/26/2025 16:11
199,9,view,10/26/2025 16:55
199,47,search,10/26/2025 17:08
200,30,search,01/19/2026 20:13
200,13,search,01/19/2026 22:18
200,42,search,01/19/2026 23:21
200,30,add_to_cart,01/20/2026 1:09
200,42,click,01/20/2026 2:54
200,42,view,01/20/2026 5:43
200,30,add_to_cart,01/20/2026 6:12
200,30,update_quantity,01/20/2026 8:58
200,30,remove_cart,01/20/2026 10:57
200,13,click,01/20/2026 13:55
200,30,add_to_cart,01/20/2026 14:31
200,28,search,01/20/2026 15:57
200,22,click,01/20/2026 17:57
200,4,search,01/20/2026 19:56
200,16,search,01/20/2026 20:08
200,30,update_quantity,01/20/2026 20:10
200,30,view,01/20/2026 20:18
200,11,view,01/20/2026 22:27
200,4,add_to_cart,01/21/2026 0:36
200,5,search,01/21/2026 3:22
200,22,click,01/21/2026 5:19
200,49,view,01/21/2026 6:40
200,30,search,01/21/2026 7:44
200,34,search,01/21/2026 9:29
200,30,remove_cart,01/21/2026 10:53
200,11,click,01/21/2026 13:46
200,30,click,01/21/2026 14:09
200,29,click,01/21/2026 17:05
200,14,click,01/21/2026 19:43
200,41,click,01/21/2026 20:54
200,1,search,01/21/2026 23:33
200,4,update_quantity,01/21/2026 23:55
200,4,update_quantity,01/22/2026 0:15
200,50,search,01/22/2026 1:37
200,50,view,01/22/2026 3:56
200,4,remove_cart,01/22/2026 5:17
200,22,view,01/22/2026 5:30
200,1,add_to_cart,01/22/2026 8:01
200,20,search,01/22/2026 9:22
200,20,view,01/22/2026 12:19
200,50,search,01/22/2026 15:14
200,20,search,01/22/2026 18:13
200,20,view,01/22/2026 19:28
200,20,add_to_cart,01/22/2026 21:06
200,21,click,01/22/2026 21:13
200,20,view,01/22/2026 21:31
200,1,update_quantity,01/23/2026 0:19
200,9,search,01/23/2026 2:42
200,21,click,01/23/2026 4:42
200,26,click,01/23/2026 6:52
200,1,update_quantity,01/23/2026 9:43
200,31,view,01/23/2026 11:48
200,26,click,01/23/2026 13:05
200,42,view,01/23/2026 13:36
200,20,update_quantity,01/23/2026 15:45
200,20,click,01/23/2026 18:31
200,39,add_to_cart,01/23/2026 19:15
200,22,view,01/23/2026 21:24
200,39,click,01/23/2026 23:43
200,12,search,01/24/2026 0:09
200,3,click,01/24/2026 3:03
200,12,view,01/24/2026 5:27
200,20,update_quantity,01/24/2026 6:07
200,8,view,01/24/2026 9:03
200,32,search,01/24/2026 10:32
200,8,search,01/24/2026 12:03
200,8,view,01/24/2026 12:21
200,28,view,01/24/2026 13:01
200,20,purchase,01/24/2026 15:04
200,7,view,01/24/2026 15:18
200,34,add_to_cart,01/24/2026 15:47
200,1,update_quantity,01/24/2026 16:54
200,41,view,01/24/2026 18:40
201,27,click,01/30/2026 19:51
201,27,view,01/30/2026 21:45
201,22,search,01/30/2026 22:31
201,43,search,01/31/2026 0:40
201,27,view,01/31/2026 0:42
201,27,view,01/31/2026 1:38
201,27,click,01/31/2026 3:29
201,23,view,01/31/2026 6:16
201,27,view,01/31/2026 6:47
201,27,add_to_cart,01/31/2026 8:08
201,27,view,01/31/2026 10:34
201,16,search,01/31/2026 11:30
201,37,add_to_cart,01/31/2026 11:37
201,37,purchase,01/31/2026 14:33
201,16,view,01/31/2026 15:06
201,50,search,01/31/2026 16:26
201,7,view,01/31/2026 17:44
201,27,view,01/31/2026 18:27
201,37,view,01/31/2026 19:55
201,37,add_to_cart,01/31/2026 21:26
201,37,purchase,01/31/2026 22:06
201,37,click,01/31/2026 23:59
201,22,click,02/01/2026 0:46
201,27,purchase,02/01/2026 2:36
201,37,add_to_cart,02/01/2026 4:45
201,37,click,02/01/2026 6:24
201,3,view,02/01/2026 7:53
201,3,add_to_cart,02/01/2026 10:08
201,37,purchase,02/01/2026 11:57
201,37,add_to_cart,02/01/2026 12:51
201,3,click,02/01/2026 15:46
201,3,add_to_cart,02/01/2026 16:38
201,41,search,02/01/2026 18:49
201,37,click,02/01/2026 19:38
201,30,search,02/01/2026 21:49
201,30,click,02/02/2026 0:06
201,37,update_quantity,02/02/2026 0:18
201,30,view,02/02/2026 0:41
201,3,purchase,02/02/2026 2:56
201,41,view,02/02/2026 3:22
201,27,search,02/02/2026 3:35
201,37,update_quantity,02/02/2026 5:39
201,27,rate,02/02/2026 8:16
201,16,view,02/02/2026 8:51
201,39,view,02/02/2026 11:24
201,41,click,02/02/2026 12:00
201,41,view,02/02/2026 13:12
201,37,view,02/02/2026 14:37
201,46,search,02/02/2026 17:00
201,41,view,02/02/2026 17:53
201,47,click,02/02/2026 20:25
201,13,add_to_cart,02/02/2026 22:08
201,32,search,02/02/2026 22:23
201,46,click,02/03/2026 0:47
201,37,remove_cart,02/03/2026 3:30
201,13,update_quantity,02/03/2026 3:58
201,13,purchase,02/03/2026 5:25
201,37,rate,02/03/2026 5:48
201,29,click,02/03/2026 6:35
201,40,search,02/03/2026 6:49
202,36,search,03/03/2026 2:46
202,36,click,03/03/2026 4:35
202,36,view,03/03/2026 7:23
202,9,search,03/03/2026 8:35
202,48,view,03/03/2026 11:35
202,48,add_to_cart,03/03/2026 14:00
202,36,add_to_cart,03/03/2026 15:52
202,19,search,03/03/2026 17:33
202,31,search,03/03/2026 19:47
202,48,view,03/03/2026 22:42
202,47,search,03/03/2026 23:13
202,48,update_quantity,03/04/2026 0:29
202,22,search,03/04/2026 2:04
202,36,update_quantity,03/04/2026 4:40
202,47,view,03/04/2026 4:53
202,33,click,03/04/2026 4:57
202,36,search,03/04/2026 7:30
202,36,click,03/04/2026 9:55
202,6,view,03/04/2026 11:33
202,22,add_to_cart,03/04/2026 12:40
202,22,update_quantity,03/04/2026 13:25
202,48,purchase,03/04/2026 13:54
202,18,search,03/04/2026 14:05
202,33,view,03/04/2026 14:49
202,20,click,03/04/2026 17:31
202,48,rate,03/04/2026 19:44
202,31,search,03/04/2026 20:37
202,22,update_quantity,03/04/2026 23:05
202,32,view,03/04/2026 23:27
202,48,add_to_cart,03/05/2026 2:15
202,31,view,03/05/2026 5:12
202,48,view,03/05/2026 8:05
202,31,click,03/05/2026 10:43
202,33,view,03/05/2026 10:51
202,49,search,03/05/2026 11:33
202,36,remove_cart,03/05/2026 12:08
202,22,purchase,03/05/2026 13:20
202,19,search,03/05/2026 14:21
202,28,search,03/05/2026 15:07
202,28,view,03/05/2026 16:39
202,25,search,03/05/2026 18:06
202,31,search,03/05/2026 19:57
202,22,rate,03/05/2026 22:27
202,48,remove_cart,03/06/2026 0:11
202,32,click,03/06/2026 1:13
202,19,view,03/06/2026 3:46
202,28,view,03/06/2026 6:04
202,28,click,03/06/2026 7:25
202,41,search,03/06/2026 7:58
202,48,view,03/06/2026 10:38
202,32,view,03/06/2026 11:16
202,28,add_to_cart,03/06/2026 13:16
202,26,click,03/06/2026 15:00
202,21,search,03/06/2026 17:35
202,16,search,03/06/2026 18:47
202,41,add_to_cart,03/06/2026 21:20
202,41,view,03/06/2026 21:53
203,39,search,10/22/2025 9:09
203,38,add_to_cart,10/22/2025 10:28
203,3,view,10/22/2025 13:14
203,28,add_to_cart,10/22/2025 14:14
203,38,purchase,10/22/2025 15:56
203,39,add_to_cart,10/22/2025 16:18
203,28,add_to_cart,10/22/2025 18:52
203,38,rate,10/22/2025 21:43
203,50,view,10/22/2025 23:05
203,16,view,10/23/2025 0:47
203,17,view,10/23/2025 3:23
203,50,add_to_cart,10/23/2025 5:12
203,39,click,10/23/2025 7:59
203,11,add_to_cart,10/23/2025 8:08
203,39,remove_cart,10/23/2025 10:37
203,17,search,10/23/2025 12:04
203,50,purchase,10/23/2025 12:26
203,39,add_to_cart,10/23/2025 14:39
203,32,search,10/23/2025 14:57
203,39,view,10/23/2025 16:22
203,43,view,10/23/2025 17:30
203,17,search,10/23/2025 18:33
203,39,click,10/23/2025 20:28
203,43,add_to_cart,10/23/2025 21:40
203,28,remove_cart,10/23/2025 22:12
203,28,click,10/24/2025 0:22
203,39,click,10/24/2025 1:57
203,50,rate,10/24/2025 3:15
203,43,update_quantity,10/24/2025 4:24
203,7,search,10/24/2025 5:06
203,48,add_to_cart,10/24/2025 6:16
203,28,add_to_cart,10/24/2025 8:43
203,28,remove_cart,10/24/2025 9:30
203,33,search,10/24/2025 11:28
203,43,click,10/24/2025 11:50
203,43,click,10/24/2025 12:42
203,33,view,10/24/2025 13:07
203,23,view,10/24/2025 14:19
203,29,search,10/24/2025 14:27
203,43,search,10/24/2025 16:53
203,33,view,10/24/2025 18:38
203,43,add_to_cart,10/24/2025 19:21
203,6,search,10/24/2025 19:46
203,43,purchase,10/24/2025 21:58
203,43,rate,10/24/2025 22:58
203,23,add_to_cart,10/25/2025 1:02
203,11,update_quantity,10/25/2025 3:19
203,11,purchase,10/25/2025 3:39
203,33,add_to_cart,10/25/2025 5:56
203,20,click,10/25/2025 7:24
203,33,view,10/25/2025 9:06
203,44,search,10/25/2025 9:34
203,33,view,10/25/2025 12:30
203,39,purchase,10/25/2025 15:27
203,11,view,10/25/2025 16:45
203,30,click,10/25/2025 18:59
203,33,add_to_cart,10/25/2025 21:25
203,48,update_quantity,10/25/2025 23:41
203,23,purchase,10/26/2025 2:06
203,33,click,10/26/2025 2:49
203,33,view,10/26/2025 5:04
203,35,search,10/26/2025 5:36
203,15,view,10/26/2025 5:53
203,15,search,10/26/2025 7:03
203,35,add_to_cart,10/26/2025 8:40
203,48,view,10/26/2025 11:07
203,48,remove_cart,10/26/2025 13:47
203,33,purchase,10/26/2025 15:25
203,30,add_to_cart,10/26/2025 15:32
203,30,purchase,10/26/2025 16:08
203,35,update_quantity,10/26/2025 18:01
203,35,view,10/26/2025 20:38
203,4,search,10/26/2025 21:54
203,33,click,10/26/2025 22:14
203,33,add_to_cart,10/26/2025 22:56
204,2,view,03/10/2026 20:45
204,38,search,03/10/2026 20:58
204,7,search,03/10/2026 23:43
204,38,click,03/11/2026 1:58
204,50,view,03/11/2026 2:01
204,38,view,03/11/2026 3:48
204,7,view,03/11/2026 5:40
204,7,add_to_cart,03/11/2026 8:16
204,7,add_to_cart,03/11/2026 11:11
204,7,remove_cart,03/11/2026 12:33
204,5,search,03/11/2026 12:40
204,38,view,03/11/2026 14:26
204,33,search,03/11/2026 17:13
204,5,click,03/11/2026 17:36
204,6,search,03/11/2026 18:47
204,33,click,03/11/2026 19:45
204,33,add_to_cart,03/11/2026 21:56
204,46,view,03/11/2026 23:57
204,25,search,03/12/2026 2:04
204,5,view,03/12/2026 3:18
204,5,add_to_cart,03/12/2026 6:06
204,33,purchase,03/12/2026 8:49
204,6,click,03/12/2026 9:26
204,11,add_to_cart,03/12/2026 12:02
204,44,add_to_cart,03/12/2026 14:53
204,46,click,03/12/2026 17:18
204,11,add_to_cart,03/12/2026 17:38
204,11,update_quantity,03/12/2026 18:15
204,11,remove_cart,03/12/2026 19:43
204,44,update_quantity,03/12/2026 21:22
204,11,click,03/12/2026 22:56
204,16,click,03/12/2026 23:41
204,46,click,03/13/2026 0:42
204,46,click,03/13/2026 1:42
204,47,search,03/13/2026 4:14
204,11,click,03/13/2026 6:35
204,16,view,03/13/2026 8:11
204,7,search,03/13/2026 9:14
204,46,view,03/13/2026 10:50
204,40,view,03/13/2026 11:16
204,46,click,03/13/2026 12:01
204,16,view,03/13/2026 12:44
204,40,click,03/13/2026 15:13
204,44,purchase,03/13/2026 17:03
204,14,search,03/13/2026 18:54
204,46,view,03/13/2026 21:17
204,40,add_to_cart,03/13/2026 23:34
204,15,add_to_cart,03/14/2026 1:27
204,45,search,03/14/2026 2:02
204,5,remove_cart,03/14/2026 4:22
204,45,view,03/14/2026 7:09
204,15,remove_cart,03/14/2026 9:17
204,14,view,03/14/2026 10:37
204,44,rate,03/14/2026 10:47
204,40,remove_cart,03/14/2026 10:55
204,5,view,03/14/2026 12:02
204,14,add_to_cart,03/14/2026 13:03
204,14,remove_cart,03/14/2026 14:20
204,20,view,03/14/2026 16:58
204,35,search,03/14/2026 18:08
204,44,view,03/14/2026 19:28
204,5,add_to_cart,03/14/2026 21:09
204,23,click,03/14/2026 21:22
204,33,view,03/15/2026 0:04
204,14,view,03/15/2026 2:10
204,20,add_to_cart,03/15/2026 4:16
204,36,search,03/15/2026 5:08
204,29,search,03/15/2026 6:47
204,16,view,03/15/2026 7:57
204,23,click,03/15/2026 9:44
204,14,view,03/15/2026 12:39
204,14,view,03/15/2026 12:43
204,18,click,03/15/2026 13:50
204,49,view,03/15/2026 15:45
204,37,click,03/15/2026 17:28
205,45,view,02/05/2026 13:55
205,45,view,02/05/2026 16:34
205,12,view,02/05/2026 18:24
205,24,click,02/05/2026 20:28
205,28,click,02/05/2026 22:54
205,34,click,02/06/2026 0:59
205,28,add_to_cart,02/06/2026 3:42
205,6,search,02/06/2026 4:42
205,40,search,02/06/2026 6:51
205,40,view,02/06/2026 9:41
205,28,view,02/06/2026 11:11
205,6,click,02/06/2026 12:14
205,28,view,02/06/2026 12:19
205,7,add_to_cart,02/06/2026 14:45
205,28,purchase,02/06/2026 16:09
205,28,click,02/06/2026 18:29
205,40,view,02/06/2026 18:54
205,40,search,02/06/2026 20:27
205,35,click,02/06/2026 22:24
205,7,update_quantity,02/07/2026 0:47
205,7,purchase,02/07/2026 2:13
205,28,rate,02/07/2026 2:51
205,38,click,02/07/2026 3:25
205,44,view,02/07/2026 4:14
205,40,view,02/07/2026 7:09
205,3,view,02/07/2026 10:07
205,3,view,02/07/2026 10:59
205,41,search,02/07/2026 11:16
205,7,rate,02/07/2026 12:04
205,28,view,02/07/2026 13:32
205,37,view,02/07/2026 15:27
205,3,click,02/07/2026 16:43
205,41,add_to_cart,02/07/2026 19:18
205,35,view,02/07/2026 21:45
205,41,click,02/07/2026 23:36
205,7,view,02/08/2026 0:51
205,4,search,02/08/2026 2:55
205,41,purchase,02/08/2026 5:39
205,3,search,02/08/2026 7:38
205,35,search,02/08/2026 8:01
205,22,view,02/08/2026 9:29
205,43,search,02/08/2026 11:40
205,12,click,02/08/2026 13:53
205,35,view,02/08/2026 14:56
205,41,rate,02/08/2026 16:26
205,33,search,02/08/2026 19:08
205,3,click,02/08/2026 21:38
205,12,click,02/08/2026 23:02
205,13,view,02/08/2026 23:30
205,12,click,02/08/2026 23:41
205,33,click,02/09/2026 0:46
205,21,view,02/09/2026 3:11
205,41,add_to_cart,02/09/2026 5:43
205,12,view,02/09/2026 6:04
205,26,click,02/09/2026 8:39
205,37,click,02/09/2026 10:35
205,12,view,02/09/2026 13:16
205,6,search,02/09/2026 15:46
205,37,click,02/09/2026 17:21
205,26,click,02/09/2026 17:49
205,37,view,02/09/2026 18:13
205,29,view,02/09/2026 18:24
205,24,view,02/09/2026 20:57
205,41,remove_cart,02/09/2026 23:40
205,44,add_to_cart,02/10/2026 0:06
205,44,remove_cart,02/10/2026 1:14
205,10,click,02/10/2026 2:21
205,24,view,02/10/2026 5:03
205,44,view,02/10/2026 6:59
205,15,search,02/10/2026 8:58
205,48,search,02/10/2026 11:35
205,20,click,02/10/2026 12:19
205,44,add_to_cart,02/10/2026 14:50
206,43,view,12/07/2025 21:20
206,17,click,12/07/2025 23:51
206,27,search,12/08/2025 1:13
206,39,click,12/08/2025 3:18
206,17,view,12/08/2025 6:15
206,39,view,12/08/2025 7:23
206,17,add_to_cart,12/08/2025 8:23
206,17,remove_cart,12/08/2025 10:42
206,22,view,12/08/2025 11:02
206,22,click,12/08/2025 13:33
206,17,add_to_cart,12/08/2025 16:26
206,39,view,12/08/2025 18:36
206,22,add_to_cart,12/08/2025 20:47
206,4,view,12/08/2025 21:39
206,37,search,12/09/2025 0:29
206,29,add_to_cart,12/09/2025 2:01
206,39,view,12/09/2025 3:28
206,17,view,12/09/2025 3:48
206,17,update_quantity,12/09/2025 5:56
206,17,purchase,12/09/2025 6:02
206,39,click,12/09/2025 8:40
206,29,purchase,12/09/2025 10:50
206,39,add_to_cart,12/09/2025 12:39
206,17,view,12/09/2025 15:34
206,25,click,12/09/2025 15:50
206,22,update_quantity,12/09/2025 16:44
206,27,search,12/09/2025 17:51
206,48,search,12/09/2025 20:34
206,17,view,12/09/2025 23:16
206,48,view,12/09/2025 23:45
206,46,click,12/09/2025 23:51
206,24,search,12/10/2025 1:34
206,13,view,12/10/2025 3:40
206,17,view,12/10/2025 4:15
206,22,update_quantity,12/10/2025 6:28
206,47,search,12/10/2025 7:46
206,39,update_quantity,12/10/2025 10:32
206,18,search,12/10/2025 10:58
206,25,view,12/10/2025 11:02
206,18,add_to_cart,12/10/2025 11:57
206,22,click,12/10/2025 14:07
206,9,search,12/10/2025 17:07
207,46,add_to_cart,01/16/2026 21:09
207,46,click,01/16/2026 23:14
207,4,search,01/16/2026 23:51
207,46,click,01/17/2026 0:37
207,4,add_to_cart,01/17/2026 0:51
207,46,remove_cart,01/17/2026 1:57
207,46,view,01/17/2026 3:56
207,1,search,01/17/2026 4:54
207,46,click,01/17/2026 7:28
207,36,add_to_cart,01/17/2026 10:22
207,50,search,01/17/2026 11:42
207,32,search,01/17/2026 12:50
207,9,click,01/17/2026 15:19
207,32,add_to_cart,01/17/2026 17:27
207,50,view,01/17/2026 18:03
207,4,remove_cart,01/17/2026 18:49
207,46,view,01/17/2026 19:45
207,50,add_to_cart,01/17/2026 19:51
207,4,add_to_cart,01/17/2026 22:21
207,50,view,01/17/2026 22:25
207,10,click,01/18/2026 0:38
207,2,search,01/18/2026 2:21
207,46,view,01/18/2026 5:22
207,2,add_to_cart,01/18/2026 7:36
207,46,view,01/18/2026 8:29
207,2,click,01/18/2026 9:42
207,49,view,01/18/2026 12:43
207,2,add_to_cart,01/18/2026 14:38
207,4,update_quantity,01/18/2026 16:02
207,32,remove_cart,01/18/2026 18:26
207,4,click,01/18/2026 19:24
207,4,view,01/18/2026 21:04
207,2,update_quantity,01/18/2026 23:11
207,2,click,01/19/2026 1:22
207,23,add_to_cart,01/19/2026 1:41
207,15,view,01/19/2026 2:35
207,46,search,01/19/2026 2:57
207,32,view,01/19/2026 4:21
207,4,add_to_cart,01/19/2026 7:08
207,47,add_to_cart,01/19/2026 8:52
207,40,search,01/19/2026 10:22
207,25,add_to_cart,01/19/2026 11:55
207,47,update_quantity,01/19/2026 14:20
207,47,click,01/19/2026 14:42
207,4,update_quantity,01/19/2026 15:18
207,36,view,01/19/2026 16:52
207,25,view,01/19/2026 19:00
207,15,click,01/19/2026 19:29
207,15,click,01/19/2026 21:17
207,15,add_to_cart,01/19/2026 23:01
207,47,view,01/20/2026 0:08
207,2,purchase,01/20/2026 0:17
207,15,click,01/20/2026 0:40
207,17,view,01/20/2026 3:34
207,15,add_to_cart,01/20/2026 4:37
207,21,search,01/20/2026 6:03
207,50,remove_cart,01/20/2026 6:21
207,2,add_to_cart,01/20/2026 6:38
207,24,view,01/20/2026 8:33
207,21,click,01/20/2026 9:26
207,46,click,01/20/2026 10:56
207,23,remove_cart,01/20/2026 12:31
207,2,add_to_cart,01/20/2026 15:07
207,41,search,01/20/2026 18:02
207,36,update_quantity,01/20/2026 19:33
207,46,click,01/20/2026 21:13
207,4,update_quantity,01/20/2026 21:18
207,49,add_to_cart,01/20/2026 23:37
207,25,purchase,01/21/2026 1:09
207,25,view,01/21/2026 3:43
207,25,rate,01/21/2026 6:04
207,49,update_quantity,01/21/2026 8:56
207,46,click,01/21/2026 9:43
207,48,view,01/21/2026 10:12
207,2,update_quantity,01/21/2026 12:28
207,46,add_to_cart,01/21/2026 13:11
207,46,click,01/21/2026 16:00
207,47,update_quantity,01/21/2026 18:40
207,44,view,01/21/2026 19:48
208,13,click,11/20/2025 13:24
208,8,click,11/20/2025 14:32
208,50,search,11/20/2025 16:45
208,13,view,11/20/2025 17:51
208,23,search,11/20/2025 18:36
208,40,view,11/20/2025 20:35
208,42,search,11/20/2025 22:22
208,8,view,11/20/2025 23:03
208,49,view,11/20/2025 23:53
208,40,view,11/21/2025 2:26
208,13,add_to_cart,11/21/2025 4:23
208,13,update_quantity,11/21/2025 4:32
208,21,add_to_cart,11/21/2025 7:05
208,13,remove_cart,11/21/2025 7:10
208,47,click,11/21/2025 8:35
208,13,add_to_cart,11/21/2025 10:49
208,21,click,11/21/2025 11:08
208,21,purchase,11/21/2025 12:08
208,44,search,11/21/2025 14:38
208,47,view,11/21/2025 15:19
208,30,add_to_cart,11/21/2025 17:38
208,13,update_quantity,11/21/2025 20:29
208,47,view,11/21/2025 20:31
208,48,add_to_cart,11/21/2025 22:58
208,50,view,11/21/2025 23:02
208,22,add_to_cart,11/22/2025 0:00
208,48,update_quantity,11/22/2025 0:19
208,22,purchase,11/22/2025 1:43
208,21,rate,11/22/2025 2:22
208,13,update_quantity,11/22/2025 2:35
208,48,update_quantity,11/22/2025 2:41
208,21,view,11/22/2025 3:28
208,22,click,11/22/2025 6:02
208,45,search,11/22/2025 8:46
208,48,remove_cart,11/22/2025 10:24
208,22,view,11/22/2025 10:32
208,50,view,11/22/2025 12:50
208,45,click,11/22/2025 15:43
209,48,search,02/28/2026 3:02
209,44,click,02/28/2026 5:32
209,48,view,02/28/2026 6:05
209,44,add_to_cart,02/28/2026 6:22
209,48,view,02/28/2026 8:22
209,49,add_to_cart,02/28/2026 8:46
209,49,purchase,02/28/2026 9:22
209,44,view,02/28/2026 9:38
209,44,view,02/28/2026 11:14
209,2,search,02/28/2026 11:36
209,3,click,02/28/2026 12:03
209,48,view,02/28/2026 13:20
209,49,click,02/28/2026 16:09
209,17,search,02/28/2026 17:42
209,5,add_to_cart,02/28/2026 19:18
209,2,view,02/28/2026 21:57
209,3,view,02/28/2026 23:49
209,5,update_quantity,03/01/2026 0:43
209,5,click,03/01/2026 1:29
209,3,view,03/01/2026 3:11
209,5,click,03/01/2026 4:14
209,5,purchase,03/01/2026 6:53
209,23,add_to_cart,03/01/2026 8:56
209,5,click,03/01/2026 10:40
209,23,view,03/01/2026 13:32
209,10,add_to_cart,03/01/2026 15:00
209,10,purchase,03/01/2026 16:24
209,8,click,03/01/2026 18:09
209,8,click,03/01/2026 18:13
209,23,update_quantity,03/01/2026 21:01
209,23,view,03/01/2026 22:36
209,7,click,03/02/2026 1:03
209,29,click,03/02/2026 3:23
209,36,search,03/02/2026 3:36
209,7,view,03/02/2026 6:04
209,7,view,03/02/2026 6:36
209,25,click,03/02/2026 8:12
209,5,rate,03/02/2026 9:52
209,7,add_to_cart,03/02/2026 11:36
209,5,click,03/02/2026 12:20
209,7,click,03/02/2026 14:37
209,28,click,03/02/2026 15:15
209,25,view,03/02/2026 16:39
209,25,click,03/02/2026 19:17
209,7,click,03/02/2026 19:43
209,7,click,03/02/2026 20:41
209,7,purchase,03/02/2026 22:40
209,42,click,03/02/2026 23:17
209,14,view,03/02/2026 23:50
209,28,view,03/03/2026 1:58
209,50,search,03/03/2026 4:21
209,28,search,03/03/2026 6:04
210,14,view,12/26/2025 7:33
210,5,add_to_cart,12/26/2025 8:15
210,5,view,12/26/2025 9:13
210,31,search,12/26/2025 10:58
210,23,view,12/26/2025 12:00
210,14,add_to_cart,12/26/2025 14:40
210,5,purchase,12/26/2025 16:38
210,14,remove_cart,12/26/2025 17:49
210,17,search,12/26/2025 18:32
210,50,add_to_cart,12/26/2025 21:07
210,5,view,12/26/2025 21:51
210,5,view,12/26/2025 22:55
210,5,add_to_cart,12/27/2025 0:39
210,9,view,12/27/2025 1:48
210,34,click,12/27/2025 4:11
210,8,view,12/27/2025 4:21
210,28,search,12/27/2025 7:00
210,50,remove_cart,12/27/2025 7:33
210,9,click,12/27/2025 9:59
210,34,view,12/27/2025 10:02
210,48,view,12/27/2025 11:05
210,40,click,12/27/2025 12:50
210,8,click,12/27/2025 14:06
210,5,remove_cart,12/27/2025 14:43
210,48,view,12/27/2025 15:20
210,8,click,12/27/2025 16:10
210,48,view,12/27/2025 16:26
210,5,view,12/27/2025 17:32
210,48,add_to_cart,12/27/2025 18:04
210,40,add_to_cart,12/27/2025 19:17
210,11,view,12/27/2025 19:44
210,8,add_to_cart,12/27/2025 21:36
210,48,view,12/28/2025 0:02
210,48,update_quantity,12/28/2025 1:21
210,12,view,12/28/2025 2:15
210,30,view,12/28/2025 2:46
210,8,search,12/28/2025 4:40
210,11,view,12/28/2025 6:31
210,48,update_quantity,12/28/2025 8:59
210,8,view,12/28/2025 11:49
210,48,add_to_cart,12/28/2025 12:10
210,48,view,12/28/2025 15:05
210,8,remove_cart,12/28/2025 16:04
210,20,search,12/28/2025 17:00
210,6,view,12/28/2025 18:49
210,26,add_to_cart,12/28/2025 20:17
210,48,search,12/28/2025 21:46
210,48,remove_cart,12/29/2025 0:40
210,40,remove_cart,12/29/2025 1:42
210,4,search,12/29/2025 2:52
210,8,view,12/29/2025 3:02
210,8,search,12/29/2025 3:35
210,9,click,12/29/2025 5:31
210,27,search,12/29/2025 7:59
210,4,click,12/29/2025 8:41
210,4,add_to_cart,12/29/2025 9:43
210,27,add_to_cart,12/29/2025 12:37
210,4,view,12/29/2025 15:20
210,8,add_to_cart,12/29/2025 15:39
210,5,rate,12/29/2025 17:53
210,27,add_to_cart,12/29/2025 20:25
210,29,view,12/29/2025 21:05
210,26,remove_cart,12/29/2025 21:35
210,4,add_to_cart,12/29/2025 21:41
210,4,update_quantity,12/29/2025 23:54
210,38,search,12/30/2025 1:31
211,42,click,11/05/2025 17:22
211,42,add_to_cart,11/05/2025 18:10
211,9,search,11/05/2025 21:03
211,42,update_quantity,11/05/2025 23:37
211,43,search,11/06/2025 1:02
211,42,update_quantity,11/06/2025 1:35
211,34,search,11/06/2025 3:05
211,15,search,11/06/2025 5:17
211,42,update_quantity,11/06/2025 6:18
211,42,view,11/06/2025 9:06
211,33,search,11/06/2025 10:31
211,42,view,11/06/2025 11:43
211,42,update_quantity,11/06/2025 13:25
211,5,click,11/06/2025 14:56
211,37,view,11/06/2025 16:06
211,3,search,11/06/2025 17:03
211,33,click,11/06/2025 18:38
211,18,search,11/06/2025 19:35
211,33,view,11/06/2025 21:17
211,37,add_to_cart,11/06/2025 22:02
211,37,add_to_cart,11/06/2025 23:44
211,37,view,11/07/2025 1:23
211,27,add_to_cart,11/07/2025 2:57
211,37,update_quantity,11/07/2025 4:33
211,27,click,11/07/2025 7:05
211,15,search,11/07/2025 9:11
211,49,click,11/07/2025 11:56
211,13,add_to_cart,11/07/2025 14:22
211,43,search,11/07/2025 14:50
211,30,view,11/07/2025 16:15
211,37,view,11/07/2025 17:02
211,13,click,11/07/2025 17:11
211,33,search,11/07/2025 18:52
211,11,view,11/07/2025 21:18
211,30,click,11/07/2025 23:30
211,37,search,11/08/2025 0:05
211,42,search,11/08/2025 0:24
211,15,view,11/08/2025 2:57
211,13,update_quantity,11/08/2025 4:27
211,24,click,11/08/2025 6:29
211,36,search,11/08/2025 8:43
211,11,click,11/08/2025 11:40
211,42,add_to_cart,11/08/2025 12:15
211,23,view,11/08/2025 15:15
211,13,purchase,11/08/2025 17:29
211,42,purchase,11/08/2025 20:25
211,37,purchase,11/08/2025 21:50
211,42,view,11/08/2025 23:00
211,27,update_quantity,11/09/2025 1:24
211,27,update_quantity,11/09/2025 3:50
211,23,search,11/09/2025 6:28
211,27,view,11/09/2025 8:10
211,16,search,11/09/2025 10:43
211,27,update_quantity,11/09/2025 12:20
211,27,click,11/09/2025 13:04
211,33,search,11/09/2025 13:26
211,15,search,11/09/2025 15:03
211,4,view,11/09/2025 16:45
211,27,view,11/09/2025 19:16
211,13,rate,11/09/2025 21:38
211,33,search,11/09/2025 21:50
211,27,add_to_cart,11/09/2025 22:21
211,27,purchase,11/09/2025 22:24
211,37,rate,11/10/2025 0:45
211,42,rate,11/10/2025 1:45
211,42,view,11/10/2025 3:43
211,26,click,11/10/2025 5:58
212,36,search,12/20/2025 10:26
212,29,view,12/20/2025 10:31
212,36,click,12/20/2025 11:29
212,29,click,12/20/2025 11:43
212,36,click,12/20/2025 11:54
212,36,add_to_cart,12/20/2025 13:52
212,22,search,12/20/2025 15:29
212,36,view,12/20/2025 18:23
212,36,view,12/20/2025 18:47
212,9,view,12/20/2025 20:32
212,45,search,12/20/2025 21:27
212,46,click,12/20/2025 22:22
212,2,search,12/20/2025 22:57
212,36,click,12/21/2025 1:33
212,2,view,12/21/2025 2:21
212,23,view,12/21/2025 3:40
212,2,click,12/21/2025 5:57
212,46,view,12/21/2025 7:39
212,45,add_to_cart,12/21/2025 8:44
212,46,click,12/21/2025 11:20
212,50,add_to_cart,12/21/2025 14:21
212,30,search,12/21/2025 14:25
212,2,view,12/21/2025 15:00
212,36,update_quantity,12/21/2025 15:56
212,17,add_to_cart,12/21/2025 17:29
212,46,view,12/21/2025 18:24
212,50,click,12/21/2025 20:17
212,50,view,12/21/2025 20:58
212,50,remove_cart,12/21/2025 23:15
212,32,search,12/22/2025 1:43
212,36,view,12/22/2025 3:18
212,27,click,12/22/2025 6:18
212,7,search,12/22/2025 6:43
212,1,search,12/22/2025 9:24
212,41,search,12/22/2025 9:50
212,1,add_to_cart,12/22/2025 11:00
212,45,remove_cart,12/22/2025 12:01
212,41,click,12/22/2025 14:41
212,17,remove_cart,12/22/2025 16:13
212,37,view,12/22/2025 17:23
212,41,click,12/22/2025 18:18
212,38,search,12/22/2025 21:18
212,36,purchase,12/22/2025 22:49
212,1,purchase,12/22/2025 23:09
212,8,search,12/23/2025 1:14
212,16,search,12/23/2025 4:04
212,48,click,12/23/2025 5:57
212,33,view,12/23/2025 6:09
212,38,search,12/23/2025 6:38
212,27,view,12/23/2025 7:02
212,16,click,12/23/2025 7:49
212,8,view,12/23/2025 8:09
212,5,click,12/23/2025 8:48
212,38,view,12/23/2025 11:17
212,15,add_to_cart,12/23/2025 13:21
212,33,add_to_cart,12/23/2025 13:39
212,36,search,12/23/2025 16:32
212,38,view,12/23/2025 18:52
212,33,remove_cart,12/23/2025 21:42
212,10,search,12/23/2025 22:02
212,15,update_quantity,12/23/2025 23:16
213,15,search,02/21/2026 17:21
213,15,view,02/21/2026 20:07
213,15,click,02/21/2026 22:24
213,33,view,02/22/2026 0:20
213,19,add_to_cart,02/22/2026 1:13
213,41,add_to_cart,02/22/2026 1:50
213,15,add_to_cart,02/22/2026 4:43
213,33,view,02/22/2026 6:03
213,19,remove_cart,02/22/2026 9:00
213,1,search,02/22/2026 9:14
213,25,view,02/22/2026 11:36
213,1,view,02/22/2026 11:48
213,19,click,02/22/2026 13:56
213,8,view,02/22/2026 15:10
213,24,view,02/22/2026 17:55
213,36,view,02/22/2026 18:41
213,12,search,02/22/2026 19:31
213,17,click,02/22/2026 21:59
213,36,view,02/22/2026 22:12
213,39,search,02/22/2026 23:06
213,44,click,02/22/2026 23:23
213,19,search,02/23/2026 2:18
213,12,view,02/23/2026 2:30
213,36,add_to_cart,02/23/2026 3:08
213,42,add_to_cart,02/23/2026 5:59
213,41,purchase,02/23/2026 7:28
213,25,click,02/23/2026 7:38
213,15,purchase,02/23/2026 9:23
213,37,search,02/23/2026 10:26
213,12,click,02/23/2026 13:18
213,37,view,02/23/2026 13:45
213,25,add_to_cart,02/23/2026 14:23
213,24,view,02/23/2026 16:38
213,25,click,02/23/2026 19:11
213,36,purchase,02/23/2026 21:30
213,36,rate,02/23/2026 23:20
213,21,add_to_cart,02/24/2026 1:16
213,36,add_to_cart,02/24/2026 2:05
213,40,view,02/24/2026 2:11
213,40,add_to_cart,02/24/2026 4:47
213,42,click,02/24/2026 5:28
213,36,click,02/24/2026 8:04
213,9,click,02/24/2026 9:18
213,25,update_quantity,02/24/2026 9:26
214,1,search,01/19/2026 6:48
214,1,click,01/19/2026 8:00
214,10,search,01/19/2026 9:17
214,1,add_to_cart,01/19/2026 11:22
214,1,purchase,01/19/2026 11:30
214,1,rate,01/19/2026 13:53
214,36,view,01/19/2026 16:28
214,10,click,01/19/2026 16:56
214,50,click,01/19/2026 18:45
214,7,search,01/19/2026 20:16
214,28,click,01/19/2026 20:36
214,1,view,01/19/2026 22:12
214,1,click,01/19/2026 23:27
214,1,add_to_cart,01/20/2026 1:03
214,7,click,01/20/2026 2:54
214,1,click,01/20/2026 4:55
214,25,add_to_cart,01/20/2026 6:12
214,25,view,01/20/2026 9:06
214,42,search,01/20/2026 10:01
214,1,click,01/20/2026 12:05
214,1,click,01/20/2026 13:27
214,1,view,01/20/2026 15:23
214,43,click,01/20/2026 17:04
214,1,click,01/20/2026 17:57
214,43,click,01/20/2026 19:35
214,42,view,01/20/2026 20:23
214,1,view,01/20/2026 21:41
214,43,view,01/20/2026 21:53
214,1,view,01/20/2026 23:54
214,34,click,01/21/2026 1:10
214,43,click,01/21/2026 2:58
214,36,search,01/21/2026 3:07
214,1,click,01/21/2026 5:16
214,50,view,01/21/2026 7:07
214,1,view,01/21/2026 8:53
214,1,add_to_cart,01/21/2026 11:32
214,45,view,01/21/2026 11:59
214,18,click,01/21/2026 14:37
214,25,update_quantity,01/21/2026 14:53
214,10,add_to_cart,01/21/2026 15:12
214,34,view,01/21/2026 15:38
214,22,click,01/21/2026 16:04
214,25,view,01/21/2026 16:35
214,45,click,01/21/2026 17:37
214,25,update_quantity,01/21/2026 20:01
214,34,add_to_cart,01/21/2026 22:50
214,45,add_to_cart,01/22/2026 0:38
214,45,click,01/22/2026 1:03
214,19,search,01/22/2026 3:11
214,12,search,01/22/2026 3:56
214,34,click,01/22/2026 6:35
214,34,view,01/22/2026 6:54
214,4,click,01/22/2026 8:05
214,45,click,01/22/2026 8:42
214,49,search,01/22/2026 11:35
214,38,search,01/22/2026 12:46
214,4,view,01/22/2026 13:41
214,25,search,01/22/2026 14:00
214,4,click,01/22/2026 14:20
214,1,update_quantity,01/22/2026 16:16
214,50,add_to_cart,01/22/2026 17:09
215,14,search,12/24/2025 19:45
215,26,click,12/24/2025 22:00
215,30,view,12/24/2025 22:09
215,34,search,12/25/2025 1:00
215,14,click,12/25/2025 3:57
215,32,click,12/25/2025 5:15
215,37,view,12/25/2025 5:41
215,14,view,12/25/2025 7:36
215,46,search,12/25/2025 9:29
215,3,add_to_cart,12/25/2025 9:50
215,3,search,12/25/2025 11:46
215,31,search,12/25/2025 12:22
215,37,view,12/25/2025 13:46
215,31,click,12/25/2025 15:50
215,39,search,12/25/2025 18:49
215,39,view,12/25/2025 19:17
215,3,purchase,12/25/2025 20:14
215,3,click,12/25/2025 21:47
215,8,view,12/25/2025 22:11
215,39,click,12/26/2025 0:14
215,37,add_to_cart,12/26/2025 1:05
215,37,view,12/26/2025 1:22
215,8,view,12/26/2025 4:14
215,3,view,12/26/2025 4:44
215,37,click,12/26/2025 4:49
215,3,view,12/26/2025 5:55
215,48,search,12/26/2025 8:14
215,50,search,12/26/2025 11:06
215,37,purchase,12/26/2025 13:08
215,37,rate,12/26/2025 15:26
215,8,view,12/26/2025 17:09
215,37,click,12/26/2025 19:45
215,3,rate,12/26/2025 21:47
215,3,view,12/27/2025 0:42
215,7,add_to_cart,12/27/2025 3:27
215,8,click,12/27/2025 4:34
215,34,add_to_cart,12/27/2025 6:25
215,21,search,12/27/2025 7:45
215,7,update_quantity,12/27/2025 8:34
215,8,view,12/27/2025 11:33
215,49,search,12/27/2025 13:06
215,43,search,12/27/2025 13:49
215,38,view,12/27/2025 16:03
215,8,view,12/27/2025 18:31
215,50,view,12/27/2025 20:13
215,43,view,12/27/2025 21:26
215,6,click,12/27/2025 22:47
215,43,add_to_cart,12/27/2025 22:51
215,31,view,12/27/2025 23:20
215,50,click,12/28/2025 1:28
215,8,add_to_cart,12/28/2025 2:54
215,20,click,12/28/2025 4:57
215,50,view,12/28/2025 5:41
215,39,search,12/28/2025 5:57
215,6,view,12/28/2025 8:16
215,48,add_to_cart,12/28/2025 9:02
215,50,click,12/28/2025 9:29
215,36,view,12/28/2025 11:50
215,26,search,12/28/2025 14:30
215,20,click,12/28/2025 16:57
215,39,add_to_cart,12/28/2025 19:50
215,17,add_to_cart,12/28/2025 22:25
215,7,purchase,12/28/2025 23:40
215,30,search,12/28/2025 23:59
215,41,search,12/29/2025 2:34
215,26,click,12/29/2025 4:50
215,7,view,12/29/2025 5:11
215,31,click,12/29/2025 6:01
215,43,update_quantity,12/29/2025 8:57
215,7,view,12/29/2025 9:25
215,11,search,12/29/2025 11:12
215,43,purchase,12/29/2025 12:32
215,7,add_to_cart,12/29/2025 13:37
215,39,purchase,12/29/2025 14:40
215,17,search,12/29/2025 15:07
215,14,view,12/29/2025 17:30
215,48,remove_cart,12/29/2025 17:48
215,7,remove_cart,12/29/2025 19:06
215,22,add_to_cart,12/29/2025 20:51
215,34,update_quantity,12/29/2025 21:35
216,30,view,02/05/2026 19:17
216,30,add_to_cart,02/05/2026 19:27
216,30,purchase,02/05/2026 21:15
216,30,view,02/05/2026 22:22
216,23,view,02/05/2026 22:55
216,30,click,02/05/2026 22:59
216,30,click,02/06/2026 0:47
216,4,search,02/06/2026 1:52
216,23,click,02/06/2026 3:01
216,23,add_to_cart,02/06/2026 4:53
216,22,add_to_cart,02/06/2026 5:27
216,22,purchase,02/06/2026 6:57
216,30,click,02/06/2026 8:08
216,22,view,02/06/2026 9:07
216,41,view,02/06/2026 10:23
216,14,add_to_cart,02/06/2026 11:54
216,28,view,02/06/2026 13:42
216,30,view,02/06/2026 15:32
216,22,view,02/06/2026 17:30
216,21,add_to_cart,02/06/2026 17:41
216,23,update_quantity,02/06/2026 18:39
216,50,search,02/06/2026 20:25
216,11,view,02/06/2026 21:47
216,15,view,02/06/2026 21:51
216,50,search,02/06/2026 22:14
216,7,search,02/07/2026 1:12
216,23,purchase,02/07/2026 2:05
216,29,search,02/07/2026 2:25
216,49,search,02/07/2026 2:52
216,14,purchase,02/07/2026 3:17
216,21,update_quantity,02/07/2026 5:45
216,32,search,02/07/2026 8:13
216,7,search,02/07/2026 11:07
216,9,click,02/07/2026 11:46
216,21,remove_cart,02/07/2026 14:44
216,42,search,02/07/2026 16:11
216,22,rate,02/07/2026 16:28
216,32,click,02/07/2026 17:37
217,17,click,12/11/2025 20:13
217,16,search,12/11/2025 22:42
217,33,view,12/12/2025 1:37
217,33,click,12/12/2025 4:05
217,6,click,12/12/2025 5:15
217,26,view,12/12/2025 5:28
217,16,view,12/12/2025 5:57
217,16,view,12/12/2025 8:37
217,33,view,12/12/2025 10:24
217,6,click,12/12/2025 13:22
217,16,add_to_cart,12/12/2025 14:01
217,30,search,12/12/2025 15:55
217,26,add_to_cart,12/12/2025 17:34
217,44,search,12/12/2025 18:57
217,16,purchase,12/12/2025 19:57
217,16,rate,12/12/2025 21:23
217,36,search,12/12/2025 23:08
217,16,view,12/13/2025 1:12
217,26,purchase,12/13/2025 2:53
217,30,view,12/13/2025 5:33
217,26,click,12/13/2025 6:27
217,9,view,12/13/2025 8:51
217,9,click,12/13/2025 11:50
217,16,click,12/13/2025 14:35
217,41,click,12/13/2025 17:30
217,16,view,12/13/2025 18:14
217,26,rate,12/13/2025 19:26
217,40,search,12/13/2025 20:30
217,26,click,12/13/2025 23:20
217,38,search,12/14/2025 0:53
217,40,add_to_cart,12/14/2025 2:12
217,30,search,12/14/2025 2:40
217,26,click,12/14/2025 5:33
217,40,view,12/14/2025 7:48
217,40,view,12/14/2025 10:34
217,31,view,12/14/2025 10:46
217,40,purchase,12/14/2025 11:07
217,44,view,12/14/2025 12:16
217,40,click,12/14/2025 14:30
217,30,view,12/14/2025 15:16
217,40,add_to_cart,12/14/2025 16:27
217,17,view,12/14/2025 19:27
217,34,add_to_cart,12/14/2025 19:31
217,40,click,12/14/2025 20:23
217,5,click,12/14/2025 22:32
217,39,search,12/15/2025 0:21
217,34,remove_cart,12/15/2025 1:46
217,42,add_to_cart,12/15/2025 2:43
217,28,search,12/15/2025 3:04
217,13,view,12/15/2025 3:32
217,34,add_to_cart,12/15/2025 5:09
217,30,view,12/15/2025 7:59
217,34,view,12/15/2025 9:42
217,42,update_quantity,12/15/2025 10:38
217,10,add_to_cart,12/15/2025 12:57
217,10,click,12/15/2025 14:00
217,34,click,12/15/2025 16:09
217,35,search,12/15/2025 16:51
217,10,view,12/15/2025 17:46
217,34,view,12/15/2025 19:33
217,23,search,12/15/2025 21:59
217,10,purchase,12/15/2025 23:16
217,23,add_to_cart,12/15/2025 23:52
217,23,click,12/16/2025 0:30
217,34,click,12/16/2025 2:52
217,17,view,12/16/2025 5:18
217,10,view,12/16/2025 5:36
217,17,add_to_cart,12/16/2025 7:20
217,42,view,12/16/2025 9:24
217,17,purchase,12/16/2025 12:00
217,9,view,12/16/2025 13:14
217,22,search,12/16/2025 13:47
217,42,remove_cart,12/16/2025 15:22
217,17,add_to_cart,12/16/2025 16:13
217,10,rate,12/16/2025 16:40
217,22,add_to_cart,12/16/2025 18:30
217,10,view,12/16/2025 20:44
217,43,view,12/16/2025 23:27
218,13,view,12/02/2025 12:21
218,13,click,12/02/2025 15:18
218,13,search,12/02/2025 16:34
218,39,click,12/02/2025 16:54
218,13,add_to_cart,12/02/2025 17:18
218,9,click,12/02/2025 17:44
218,13,click,12/02/2025 19:03
218,13,add_to_cart,12/02/2025 21:40
218,13,click,12/03/2025 0:21
218,17,search,12/03/2025 0:50
218,24,search,12/03/2025 1:52
218,39,view,12/03/2025 2:11
218,50,click,12/03/2025 4:20
218,10,view,12/03/2025 4:54
218,13,purchase,12/03/2025 6:17
218,13,click,12/03/2025 6:52
218,13,click,12/03/2025 8:06
218,32,add_to_cart,12/03/2025 10:12
218,8,view,12/03/2025 10:38
218,4,click,12/03/2025 12:04
218,32,purchase,12/03/2025 14:06
218,25,search,12/03/2025 14:30
218,32,rate,12/03/2025 16:00
218,13,view,12/03/2025 17:27
218,8,click,12/03/2025 18:30
218,13,click,12/03/2025 19:53
218,21,search,12/03/2025 21:20
218,8,view,12/03/2025 23:58
218,8,view,12/04/2025 2:03
218,8,click,12/04/2025 3:15
218,8,view,12/04/2025 3:23
218,8,add_to_cart,12/04/2025 6:13
218,10,search,12/04/2025 6:53
218,9,search,12/04/2025 7:53
218,8,click,12/04/2025 8:41
218,12,view,12/04/2025 10:46
218,9,view,12/04/2025 12:30
218,8,update_quantity,12/04/2025 15:02
218,10,add_to_cart,12/04/2025 17:08
218,10,update_quantity,12/04/2025 19:59
218,42,add_to_cart,12/04/2025 20:19
218,12,add_to_cart,12/04/2025 23:07
218,10,add_to_cart,12/05/2025 1:25
218,8,update_quantity,12/05/2025 1:50
218,42,update_quantity,12/05/2025 4:51
218,8,add_to_cart,12/05/2025 5:27
218,10,click,12/05/2025 8:28
218,24,click,12/05/2025 11:02
218,4,add_to_cart,12/05/2025 12:07
218,8,purchase,12/05/2025 13:03
218,8,view,12/05/2025 14:27
218,41,click,12/05/2025 15:26
218,46,click,12/05/2025 16:58
218,7,search,12/05/2025 18:41
218,42,purchase,12/05/2025 19:00
218,10,purchase,12/05/2025 20:47
218,4,update_quantity,12/05/2025 23:27
218,42,view,12/05/2025 23:52
218,2,click,12/06/2025 1:56
218,22,click,12/06/2025 3:30
218,28,add_to_cart,12/06/2025 4:55
218,12,update_quantity,12/06/2025 7:05
219,10,view,01/07/2026 13:51
219,10,view,01/07/2026 16:17
219,10,add_to_cart,01/07/2026 17:35
219,33,add_to_cart,01/07/2026 18:35
219,40,search,01/07/2026 20:22
219,10,view,01/07/2026 20:48
219,40,click,01/07/2026 22:43
219,16,search,01/07/2026 22:51
219,33,click,01/07/2026 23:46
219,45,click,01/08/2026 1:10
219,33,view,01/08/2026 3:30
219,9,view,01/08/2026 5:38
219,33,purchase,01/08/2026 8:08
219,41,add_to_cart,01/08/2026 10:54
219,41,add_to_cart,01/08/2026 11:33
219,40,click,01/08/2026 11:55
219,50,add_to_cart,01/08/2026 13:34
219,10,view,01/08/2026 14:25
219,6,add_to_cart,01/08/2026 17:06
219,41,update_quantity,01/08/2026 18:45
219,41,view,01/08/2026 21:46
219,48,add_to_cart,01/08/2026 22:01
219,10,search,01/08/2026 23:21
219,28,click,01/09/2026 0:29
219,41,purchase,01/09/2026 0:56
219,11,view,01/09/2026 3:08
219,20,view,01/09/2026 3:49
219,35,add_to_cart,01/09/2026 4:07
219,6,purchase,01/09/2026 5:54
219,28,view,01/09/2026 8:16
219,28,add_to_cart,01/09/2026 10:54
219,48,purchase,01/09/2026 12:03
219,11,view,01/09/2026 13:01
219,32,search,01/09/2026 13:44
219,6,view,01/09/2026 14:54
219,10,update_quantity,01/09/2026 16:03
219,28,add_to_cart,01/09/2026 16:05
219,14,search,01/09/2026 17:25
219,43,view,01/09/2026 19:17
219,28,remove_cart,01/09/2026 19:38
219,41,add_to_cart,01/09/2026 22:11
219,14,click,01/09/2026 22:58
219,19,view,01/10/2026 1:34
219,28,add_to_cart,01/10/2026 1:43
219,41,click,01/10/2026 4:16
219,28,purchase,01/10/2026 5:41
219,48,rate,01/10/2026 6:33
219,5,search,01/10/2026 6:42
219,19,view,01/10/2026 6:46
219,28,click,01/10/2026 7:44
219,10,purchase,01/10/2026 9:37
219,35,search,01/10/2026 10:59
219,21,click,01/10/2026 11:55
219,48,view,01/10/2026 12:13
219,33,rate,01/10/2026 13:13
219,19,click,01/10/2026 16:02
219,19,search,01/10/2026 18:15
219,38,search,01/10/2026 19:51
219,32,search,01/10/2026 20:20
219,38,view,01/10/2026 22:28
219,2,search,01/10/2026 22:47
219,41,update_quantity,01/11/2026 0:21
219,6,add_to_cart,01/11/2026 2:16
219,50,update_quantity,01/11/2026 4:00
219,41,view,01/11/2026 6:42
219,38,view,01/11/2026 8:00
219,6,view,01/11/2026 8:18
219,49,view,01/11/2026 9:02
219,6,add_to_cart,01/11/2026 9:17
219,50,purchase,01/11/2026 9:25
219,6,click,01/11/2026 10:27
219,26,search,01/11/2026 12:47
219,49,view,01/11/2026 14:25
219,44,add_to_cart,01/11/2026 15:28
219,32,search,01/11/2026 16:00
220,43,add_to_cart,01/18/2026 10:38
220,43,purchase,01/18/2026 13:30
220,43,rate,01/18/2026 14:12
220,19,search,01/18/2026 17:01
220,19,view,01/18/2026 19:37
220,48,search,01/18/2026 21:52
220,21,search,01/18/2026 23:46
220,19,view,01/19/2026 0:44
220,43,click,01/19/2026 1:38
220,19,view,01/19/2026 1:41
220,43,click,01/19/2026 3:58
220,48,view,01/19/2026 4:39
220,45,add_to_cart,01/19/2026 5:32
220,43,view,01/19/2026 7:59
220,19,view,01/19/2026 9:51
220,19,click,01/19/2026 10:54
220,45,remove_cart,01/19/2026 12:04
220,19,click,01/19/2026 14:37
220,43,click,01/19/2026 14:56
220,45,click,01/19/2026 15:05
220,5,add_to_cart,01/19/2026 15:44
220,12,view,01/19/2026 17:12
220,5,purchase,01/19/2026 19:35
220,5,rate,01/19/2026 19:55
220,10,add_to_cart,01/19/2026 22:39
220,12,add_to_cart,01/19/2026 23:25
220,19,click,01/20/2026 1:42
220,12,update_quantity,01/20/2026 2:12
220,12,view,01/20/2026 4:56
220,12,purchase,01/20/2026 5:33
220,12,view,01/20/2026 8:29
220,31,add_to_cart,01/20/2026 9:25
220,10,update_quantity,01/20/2026 9:45
220,12,view,01/20/2026 12:24
220,28,add_to_cart,01/20/2026 13:23
220,28,view,01/20/2026 13:51
220,10,click,01/20/2026 15:24
220,10,view,01/20/2026 18:21
220,50,click,01/20/2026 19:32
220,12,rate,01/20/2026 21:04
220,28,update_quantity,01/20/2026 21:33
220,2,view,01/20/2026 23:05
220,32,click,01/20/2026 23:13
220,10,view,01/20/2026 23:39
220,29,add_to_cart,01/21/2026 0:25
220,28,purchase,01/21/2026 1:33
220,28,add_to_cart,01/21/2026 1:52
220,10,purchase,01/21/2026 2:49
220,28,rate,01/21/2026 5:16
220,40,view,01/21/2026 6:03
220,28,view,01/21/2026 7:10
220,31,update_quantity,01/21/2026 7:43
220,10,view,01/21/2026 9:39
220,19,add_to_cart,01/21/2026 9:42
220,40,view,01/21/2026 11:27
220,28,view,01/21/2026 11:32
220,31,purchase,01/21/2026 12:08
220,40,view,01/21/2026 14:25
220,12,view,01/21/2026 16:23
220,28,update_quantity,01/21/2026 18:53
220,40,add_to_cart,01/21/2026 19:53
220,36,click,01/21/2026 21:00
220,29,update_quantity,01/21/2026 22:19
220,36,view,01/22/2026 0:58
220,25,add_to_cart,01/22/2026 2:48
221,33,view,11/01/2025 2:35
221,45,add_to_cart,11/01/2025 4:46
221,45,add_to_cart,11/01/2025 5:00
221,45,view,11/01/2025 6:40
221,31,view,11/01/2025 7:31
221,15,search,11/01/2025 7:40
221,45,view,11/01/2025 10:08
221,9,search,11/01/2025 12:26
221,45,add_to_cart,11/01/2025 13:51
221,14,search,11/01/2025 15:01
221,45,view,11/01/2025 16:49
221,47,search,11/01/2025 19:44
221,34,view,11/01/2025 21:35
221,47,add_to_cart,11/01/2025 22:35
221,44,view,11/02/2025 1:19
221,45,view,11/02/2025 1:43
221,44,click,11/02/2025 2:42
221,44,add_to_cart,11/02/2025 5:04
221,47,add_to_cart,11/02/2025 6:12
221,47,purchase,11/02/2025 6:50
221,47,rate,11/02/2025 7:59
221,45,purchase,11/02/2025 10:06
221,44,click,11/02/2025 12:15
221,44,update_quantity,11/02/2025 12:17
221,44,view,11/02/2025 13:42
221,45,rate,11/02/2025 14:41
221,41,search,11/02/2025 16:50
221,35,view,11/02/2025 18:24
221,11,search,11/02/2025 20:04
221,7,view,11/02/2025 22:42
221,35,click,11/03/2025 0:42
221,31,search,11/03/2025 3:32
221,7,view,11/03/2025 5:35
221,32,view,11/03/2025 8:15
221,44,remove_cart,11/03/2025 8:17
221,26,search,11/03/2025 9:16
221,31,view,11/03/2025 11:55
221,44,add_to_cart,11/03/2025 13:49
221,44,update_quantity,11/03/2025 15:04
221,7,view,11/03/2025 15:20
221,50,view,11/03/2025 18:01
221,31,view,11/03/2025 19:25
221,26,view,11/03/2025 21:26
221,6,search,11/04/2025 0:19
221,24,search,11/04/2025 1:18
221,6,click,11/04/2025 3:28
221,47,add_to_cart,11/04/2025 6:12
221,44,purchase,11/04/2025 9:11
221,6,add_to_cart,11/04/2025 11:40
221,6,click,11/04/2025 13:03
221,29,view,11/04/2025 14:14
221,47,remove_cart,11/04/2025 16:29
221,44,rate,11/04/2025 17:41
221,48,search,11/04/2025 18:37
221,6,update_quantity,11/04/2025 21:38
221,44,view,11/04/2025 22:29
221,6,purchase,11/05/2025 0:19
221,45,search,11/05/2025 2:59
221,35,search,11/05/2025 3:11
221,35,view,11/05/2025 5:43
221,36,view,11/05/2025 5:51
221,16,search,11/05/2025 6:54
221,23,search,11/05/2025 9:42
221,16,add_to_cart,11/05/2025 10:35
221,16,remove_cart,11/05/2025 11:04
221,16,view,11/05/2025 12:31
221,49,search,11/05/2025 15:31
221,16,search,11/05/2025 17:51
221,5,view,11/05/2025 20:10
221,16,view,11/05/2025 22:07
221,14,add_to_cart,11/05/2025 22:17
221,14,purchase,11/06/2025 0:19
221,14,add_to_cart,11/06/2025 2:55
221,29,search,11/06/2025 4:31
221,14,purchase,11/06/2025 7:31
222,5,view,01/12/2026 23:35
222,17,add_to_cart,01/13/2026 0:37
222,17,update_quantity,01/13/2026 1:42
222,17,remove_cart,01/13/2026 3:08
222,17,add_to_cart,01/13/2026 5:03
222,17,remove_cart,01/13/2026 5:10
222,5,click,01/13/2026 7:57
222,17,click,01/13/2026 10:55
222,17,click,01/13/2026 13:30
222,17,add_to_cart,01/13/2026 14:12
222,49,search,01/13/2026 16:09
222,33,click,01/13/2026 18:05
222,17,view,01/13/2026 19:37
222,17,remove_cart,01/13/2026 21:29
222,16,click,01/13/2026 22:08
222,42,view,01/13/2026 23:42
222,30,search,01/14/2026 0:03
222,46,click,01/14/2026 0:35
222,49,view,01/14/2026 2:58
222,49,add_to_cart,01/14/2026 4:30
222,17,click,01/14/2026 5:16
222,22,search,01/14/2026 7:40
222,49,purchase,01/14/2026 10:04
222,16,click,01/14/2026 10:56
222,30,view,01/14/2026 11:42
222,49,rate,01/14/2026 13:56
222,26,search,01/14/2026 15:01
222,34,view,01/14/2026 17:47
222,14,add_to_cart,01/14/2026 18:08
222,20,add_to_cart,01/14/2026 20:19
222,5,click,01/14/2026 20:35
222,4,search,01/14/2026 22:17
222,14,update_quantity,01/14/2026 22:45
222,34,click,01/15/2026 1:36
222,5,view,01/15/2026 2:55
223,19,view,02/16/2026 8:23
223,19,view,02/16/2026 9:11
223,18,view,02/16/2026 11:53
223,32,search,02/16/2026 14:30
223,6,add_to_cart,02/16/2026 17:29
223,6,purchase,02/16/2026 18:04
223,6,rate,02/16/2026 21:01
223,44,search,02/16/2026 23:00
223,32,click,02/16/2026 23:42
223,19,view,02/17/2026 2:43
223,18,view,02/17/2026 5:09
223,18,view,02/17/2026 5:57
223,13,search,02/17/2026 6:06
223,44,add_to_cart,02/17/2026 9:01
223,44,add_to_cart,02/17/2026 11:18
223,14,search,02/17/2026 12:14
223,44,update_quantity,02/17/2026 14:17
223,18,click,02/17/2026 15:23
223,44,purchase,02/17/2026 17:13
223,25,search,02/17/2026 19:11
223,44,view,02/17/2026 20:40
223,8,search,02/17/2026 21:15
223,18,add_to_cart,02/17/2026 23:13
223,44,view,02/18/2026 1:55
223,18,add_to_cart,02/18/2026 2:06
223,18,update_quantity,02/18/2026 2:47
223,28,click,02/18/2026 4:57
223,20,view,02/18/2026 6:38
223,18,add_to_cart,02/18/2026 7:49
223,18,search,02/18/2026 9:39
223,20,add_to_cart,02/18/2026 9:49
223,43,click,02/18/2026 9:53
223,18,update_quantity,02/18/2026 11:53
223,20,remove_cart,02/18/2026 14:47
223,43,search,02/18/2026 14:55
223,39,view,02/18/2026 16:54
223,18,click,02/18/2026 19:48
223,13,search,02/18/2026 20:28
223,44,rate,02/18/2026 21:29
223,13,click,02/18/2026 21:34
223,15,click,02/19/2026 0:06
223,39,click,02/19/2026 3:04
223,18,remove_cart,02/19/2026 5:30
223,24,view,02/19/2026 8:12
223,49,click,02/19/2026 9:24
223,24,add_to_cart,02/19/2026 11:01
223,24,purchase,02/19/2026 13:44
223,24,rate,02/19/2026 16:35
223,39,view,02/19/2026 19:11
223,24,view,02/19/2026 19:14
223,5,add_to_cart,02/19/2026 20:45
223,24,click,02/19/2026 23:40
223,5,update_quantity,02/20/2026 0:28
223,29,add_to_cart,02/20/2026 1:53
223,33,view,02/20/2026 3:38
223,24,add_to_cart,02/20/2026 3:54
223,11,click,02/20/2026 6:04
223,9,view,02/20/2026 6:06
223,24,view,02/20/2026 7:54
223,5,remove_cart,02/20/2026 9:43
223,34,view,02/20/2026 10:31
223,23,add_to_cart,02/20/2026 11:12
223,24,update_quantity,02/20/2026 11:53
223,24,view,02/20/2026 14:42
223,22,view,02/20/2026 15:03
224,4,search,01/07/2026 14:14
224,48,click,01/07/2026 16:02
224,14,view,01/07/2026 18:20
224,12,view,01/07/2026 21:09
224,4,click,01/07/2026 23:33
224,4,view,01/08/2026 2:08
224,13,click,01/08/2026 4:24
224,13,add_to_cart,01/08/2026 4:34
224,13,update_quantity,01/08/2026 7:02
224,18,view,01/08/2026 9:25
224,49,search,01/08/2026 10:13
224,13,click,01/08/2026 11:33
224,4,add_to_cart,01/08/2026 11:35
224,4,click,01/08/2026 13:16
224,4,view,01/08/2026 16:04
224,4,view,01/08/2026 18:40
224,4,purchase,01/08/2026 21:27
224,28,search,01/08/2026 23:59
224,14,add_to_cart,01/09/2026 2:53
224,2,view,01/09/2026 4:47
224,4,add_to_cart,01/09/2026 5:28
224,28,view,01/09/2026 6:34
224,20,click,01/09/2026 8:36
224,36,add_to_cart,01/09/2026 9:55
224,48,click,01/09/2026 10:30
224,47,search,01/09/2026 12:01
224,50,add_to_cart,01/09/2026 12:32
224,39,add_to_cart,01/09/2026 14:47
224,4,purchase,01/09/2026 16:39
224,50,view,01/09/2026 19:12
224,37,add_to_cart,01/09/2026 20:17
224,13,update_quantity,01/09/2026 21:34
224,46,add_to_cart,01/09/2026 23:19
224,37,add_to_cart,01/10/2026 0:17
224,50,view,01/10/2026 0:51
224,37,view,01/10/2026 1:26
224,37,click,01/10/2026 3:16
224,37,click,01/10/2026 3:37
224,37,view,01/10/2026 3:49
224,46,add_to_cart,01/10/2026 4:57
224,37,add_to_cart,01/10/2026 5:03
224,50,view,01/10/2026 7:43
224,43,add_to_cart,01/10/2026 9:46
224,34,click,01/10/2026 11:28
224,32,search,01/10/2026 12:16
224,34,view,01/10/2026 13:26
224,46,click,01/10/2026 13:59
224,39,remove_cart,01/10/2026 14:15
224,4,rate,01/10/2026 15:57
224,9,search,01/10/2026 17:32
224,34,click,01/10/2026 20:31
224,50,update_quantity,01/10/2026 22:38
224,15,view,01/11/2026 1:16
225,50,add_to_cart,12/28/2025 1:26
225,50,view,12/28/2025 3:13
225,8,search,12/28/2025 5:27
225,50,click,12/28/2025 7:33
225,8,view,12/28/2025 9:47
225,50,add_to_cart,12/28/2025 11:21
225,50,purchase,12/28/2025 12:35
225,49,search,12/28/2025 13:53
225,45,add_to_cart,12/28/2025 15:17
225,50,add_to_cart,12/28/2025 15:59
225,38,view,12/28/2025 18:59
225,38,view,12/28/2025 21:09
225,50,view,12/28/2025 22:43
225,1,add_to_cart,12/28/2025 23:49
225,50,update_quantity,12/28/2025 23:56
225,44,click,12/29/2025 1:56
225,1,view,12/29/2025 3:10
225,1,remove_cart,12/29/2025 5:01
225,23,add_to_cart,12/29/2025 7:48
225,50,click,12/29/2025 9:09
225,1,click,12/29/2025 10:59
225,1,click,12/29/2025 13:53
225,49,add_to_cart,12/29/2025 16:30
225,11,search,12/29/2025 18:11
225,14,add_to_cart,12/29/2025 19:26
225,50,purchase,12/29/2025 21:50
225,14,purchase,12/29/2025 23:20
225,50,view,12/29/2025 23:48
225,50,add_to_cart,12/30/2025 2:07
225,50,rate,12/30/2025 2:28
225,11,view,12/30/2025 3:24
225,50,view,12/30/2025 6:13
225,50,click,12/30/2025 6:16
225,35,click,12/30/2025 6:23
225,50,click,12/30/2025 7:17
225,49,update_quantity,12/30/2025 10:16
225,28,search,12/30/2025 11:33
225,45,remove_cart,12/30/2025 12:59
225,49,view,12/30/2025 14:04
225,40,search,12/30/2025 16:26
225,35,search,12/30/2025 18:47
225,26,view,12/30/2025 19:07
225,33,search,12/30/2025 21:15
225,49,click,12/30/2025 21:28
225,12,add_to_cart,12/30/2025 22:21
225,35,add_to_cart,12/31/2025 0:18
225,50,update_quantity,12/31/2025 0:39
225,40,click,12/31/2025 2:35
225,49,view,12/31/2025 3:01
225,7,search,12/31/2025 3:42
225,11,view,12/31/2025 5:41
225,35,remove_cart,12/31/2025 6:04
225,9,view,12/31/2025 7:24
225,25,search,12/31/2025 10:00
225,9,view,12/31/2025 10:54
225,5,search,12/31/2025 12:19
225,14,rate,12/31/2025 15:12
225,46,search,12/31/2025 15:48
225,14,view,12/31/2025 17:45
225,14,click,12/31/2025 19:12
225,19,view,12/31/2025 20:13
225,46,view,12/31/2025 23:05
225,19,add_to_cart,01/01/2026 1:16
225,46,click,01/01/2026 2:19
226,50,add_to_cart,01/19/2026 1:11
226,50,purchase,01/19/2026 3:44
226,50,rate,01/19/2026 4:16
226,50,view,01/19/2026 4:24
226,50,view,01/19/2026 5:08
226,6,add_to_cart,01/19/2026 6:40
226,47,view,01/19/2026 6:51
226,6,click,01/19/2026 8:38
226,6,remove_cart,01/19/2026 11:24
226,35,click,01/19/2026 11:49
226,38,search,01/19/2026 14:26
226,50,click,01/19/2026 16:50
226,6,view,01/19/2026 16:52
226,47,view,01/19/2026 18:07
226,11,click,01/19/2026 20:42
226,45,view,01/19/2026 22:26
226,4,search,01/20/2026 0:38
226,6,view,01/20/2026 2:48
226,47,add_to_cart,01/20/2026 5:22
226,15,click,01/20/2026 7:26
226,11,add_to_cart,01/20/2026 7:35
226,45,view,01/20/2026 9:58
226,45,view,01/20/2026 10:48
226,11,remove_cart,01/20/2026 13:34
226,47,purchase,01/20/2026 13:43
226,26,search,01/20/2026 15:44
226,39,click,01/20/2026 16:12
226,45,add_to_cart,01/20/2026 18:02
226,45,update_quantity,01/20/2026 19:53
226,26,click,01/20/2026 21:29
226,31,search,01/21/2026 0:15
226,31,view,01/21/2026 2:37
226,9,search,01/21/2026 4:26
226,31,view,01/21/2026 4:30
226,2,search,01/21/2026 5:50
226,11,add_to_cart,01/21/2026 6:19
226,11,update_quantity,01/21/2026 7:21
226,2,view,01/21/2026 8:09
226,15,search,01/21/2026 8:29
226,15,add_to_cart,01/21/2026 8:32
226,36,search,01/21/2026 8:45
226,17,click,01/21/2026 8:56
226,15,view,01/21/2026 9:43
226,45,remove_cart,01/21/2026 12:13
226,2,click,01/21/2026 12:59
226,50,add_to_cart,01/21/2026 15:54
226,50,view,01/21/2026 18:18
226,15,remove_cart,01/21/2026 18:38
226,50,remove_cart,01/21/2026 18:49
226,50,add_to_cart,01/21/2026 19:14
226,50,update_quantity,01/21/2026 21:39
226,50,view,01/21/2026 22:12
226,50,add_to_cart,01/21/2026 23:07
226,12,add_to_cart,01/22/2026 0:04
226,12,purchase,01/22/2026 0:17
226,50,click,01/22/2026 0:29
226,20,add_to_cart,01/22/2026 1:06
226,29,search,01/22/2026 1:17
226,13,view,01/22/2026 3:20
227,10,search,12/02/2025 11:49
227,10,view,12/02/2025 12:07
227,34,view,12/02/2025 13:38
227,23,view,12/02/2025 16:18
227,34,click,12/02/2025 18:47
227,43,search,12/02/2025 20:12
227,23,click,12/02/2025 22:59
227,46,search,12/03/2025 0:31
227,23,view,12/03/2025 0:58
227,32,add_to_cart,12/03/2025 2:18
227,6,search,12/03/2025 4:10
227,16,view,12/03/2025 4:41
227,23,add_to_cart,12/03/2025 6:34
227,23,update_quantity,12/03/2025 8:24
227,31,view,12/03/2025 9:20
227,6,add_to_cart,12/03/2025 10:44
227,32,remove_cart,12/03/2025 12:40
227,43,view,12/03/2025 14:42
227,31,view,12/03/2025 15:07
227,42,click,12/03/2025 16:20
227,31,view,12/03/2025 16:34
227,31,click,12/03/2025 18:51
227,21,view,12/03/2025 21:40
227,10,view,12/03/2025 22:11
227,31,click,12/03/2025 22:36
227,6,remove_cart,12/04/2025 0:56
227,49,view,12/04/2025 3:19
227,48,search,12/04/2025 3:55
227,15,click,12/04/2025 4:04
227,25,view,12/04/2025 4:55
227,23,remove_cart,12/04/2025 5:16
227,39,view,12/04/2025 6:57
227,25,view,12/04/2025 9:38
227,6,add_to_cart,12/04/2025 10:44
227,6,click,12/04/2025 12:58
227,6,purchase,12/04/2025 15:23
227,34,search,12/04/2025 18:10
227,43,view,12/04/2025 20:24
227,34,view,12/04/2025 22:34
227,29,search,12/04/2025 23:07
227,29,view,12/04/2025 23:48
227,6,click,12/05/2025 1:16
227,6,click,12/05/2025 1:54
227,41,search,12/05/2025 3:08
227,43,view,12/05/2025 5:40
227,41,search,12/05/2025 6:33
227,42,search,12/05/2025 7:51
227,29,view,12/05/2025 10:20
227,12,search,12/05/2025 12:53
227,6,click,12/05/2025 15:18
227,29,view,12/05/2025 17:38
227,29,click,12/05/2025 18:19
227,29,click,12/05/2025 19:14
227,23,click,12/05/2025 20:45
227,6,add_to_cart,12/05/2025 23:30
227,26,search,12/05/2025 23:40
227,6,click,12/06/2025 2:03
228,14,view,11/12/2025 2:48
228,46,search,11/12/2025 5:31
228,20,search,11/12/2025 7:18
228,20,view,11/12/2025 7:44
228,20,click,11/12/2025 9:11
228,33,search,11/12/2025 9:14
228,46,view,11/12/2025 11:29
228,4,view,11/12/2025 14:18
228,46,click,11/12/2025 16:25
228,47,view,11/12/2025 16:58
228,27,search,11/12/2025 18:04
228,8,click,11/12/2025 19:52
228,49,click,11/12/2025 19:59
228,27,click,11/12/2025 22:44
228,4,search,11/12/2025 23:07
228,46,add_to_cart,11/12/2025 23:12
228,44,add_to_cart,11/13/2025 0:35
228,46,purchase,11/13/2025 3:01
228,46,view,11/13/2025 5:31
228,8,view,11/13/2025 8:16
228,44,view,11/13/2025 8:34
228,48,view,11/13/2025 11:03
228,44,click,11/13/2025 13:24
228,10,click,11/13/2025 13:36
228,44,purchase,11/13/2025 14:31
228,48,add_to_cart,11/13/2025 15:14
228,38,click,11/13/2025 17:22
228,44,click,11/13/2025 18:24
228,6,search,11/13/2025 19:20
228,18,view,11/13/2025 19:29
228,48,update_quantity,11/13/2025 20:28
228,48,click,11/13/2025 21:19
228,48,purchase,11/13/2025 21:53
228,46,rate,11/13/2025 22:39
228,23,view,11/14/2025 1:39
228,44,click,11/14/2025 4:07
228,18,add_to_cart,11/14/2025 5:27
228,16,click,11/14/2025 6:26
228,3,add_to_cart,11/14/2025 8:07
228,18,view,11/14/2025 9:36
228,3,view,11/14/2025 10:24
228,3,view,11/14/2025 11:57
228,44,add_to_cart,11/14/2025 14:52
228,47,click,11/14/2025 15:09
228,2,click,11/14/2025 17:04
228,44,remove_cart,11/14/2025 18:53
228,35,search,11/14/2025 20:43
228,10,search,11/14/2025 21:00
228,18,update_quantity,11/14/2025 22:24
228,44,view,11/15/2025 0:14
228,3,purchase,11/15/2025 2:34
228,22,view,11/15/2025 2:38
228,20,search,11/15/2025 3:37
228,20,view,11/15/2025 6:38
228,18,purchase,11/15/2025 7:43
228,44,rate,11/15/2025 8:40
228,2,search,11/15/2025 9:42
228,42,click,11/15/2025 11:37
228,2,click,11/15/2025 14:11
228,35,view,11/15/2025 17:06
228,18,add_to_cart,11/15/2025 18:07
228,18,view,11/15/2025 20:19
228,44,click,11/15/2025 22:33
228,44,view,11/15/2025 23:25
228,2,add_to_cart,11/16/2025 1:25
228,42,click,11/16/2025 3:20
228,30,search,11/16/2025 4:32
228,2,purchase,11/16/2025 7:20
228,2,view,11/16/2025 9:34
228,16,search,11/16/2025 10:00
228,30,click,11/16/2025 12:55
229,5,view,01/01/2026 11:30
229,24,search,01/01/2026 13:35
229,24,view,01/01/2026 14:48
229,34,click,01/01/2026 16:06
229,5,add_to_cart,01/01/2026 18:42
229,44,search,01/01/2026 20:36
229,5,purchase,01/01/2026 21:16
229,44,search,01/01/2026 21:52
229,34,view,01/01/2026 22:15
229,34,click,01/01/2026 22:42
229,34,view,01/01/2026 23:39
229,44,view,01/02/2026 1:06
229,22,view,01/02/2026 2:39
229,16,search,01/02/2026 4:07
229,23,search,01/02/2026 6:32
229,34,click,01/02/2026 7:02
229,34,click,01/02/2026 9:54
229,5,rate,01/02/2026 11:00
229,5,view,01/02/2026 13:45
229,16,view,01/02/2026 16:44
229,34,click,01/02/2026 19:37
229,5,click,01/02/2026 21:51
229,5,click,01/03/2026 0:35
229,34,click,01/03/2026 1:44
229,5,click,01/03/2026 1:46
229,5,view,01/03/2026 4:16
229,5,add_to_cart,01/03/2026 5:08
229,5,update_quantity,01/03/2026 5:41
229,39,view,01/03/2026 7:12
229,9,view,01/03/2026 7:25
229,5,view,01/03/2026 7:40
229,5,search,01/03/2026 10:35
229,39,view,01/03/2026 12:47
229,5,purchase,01/03/2026 14:56
229,46,search,01/03/2026 15:32
229,31,view,01/03/2026 18:17
229,18,search,01/03/2026 20:36
229,46,search,01/03/2026 23:17
229,6,search,01/04/2026 0:59
229,8,search,01/04/2026 3:17
229,35,search,01/04/2026 4:00
229,37,search,01/04/2026 6:34
229,19,view,01/04/2026 6:45
229,19,click,01/04/2026 7:08
229,18,view,01/04/2026 9:37
229,19,add_to_cart,01/04/2026 9:50
229,19,view,01/04/2026 11:46
229,8,search,01/04/2026 13:48
229,46,click,01/04/2026 13:51
229,8,click,01/04/2026 14:11
229,42,view,01/04/2026 15:04
229,19,view,01/04/2026 17:46
229,41,add_to_cart,01/04/2026 19:47
229,19,purchase,01/04/2026 21:43
229,41,purchase,01/04/2026 22:10
229,42,view,01/04/2026 22:56
229,22,search,01/05/2026 1:28
229,42,view,01/05/2026 2:09
229,28,view,01/05/2026 4:49
229,46,view,01/05/2026 7:30
229,19,click,01/05/2026 9:08
229,42,click,01/05/2026 12:02
229,9,view,01/05/2026 12:13
229,42,view,01/05/2026 12:33
229,19,view,01/05/2026 14:59
229,19,view,01/05/2026 16:55
229,42,click,01/05/2026 19:09
229,38,click,01/05/2026 21:44
230,40,add_to_cart,02/07/2026 3:01
230,40,click,02/07/2026 3:54
230,40,view,02/07/2026 6:15
230,40,purchase,02/07/2026 6:24
230,41,click,02/07/2026 7:55
230,40,view,02/07/2026 9:14
230,7,click,02/07/2026 9:54
230,40,click,02/07/2026 11:06
230,40,view,02/07/2026 11:17
230,25,click,02/07/2026 14:13
230,40,click,02/07/2026 15:02
230,40,rate,02/07/2026 17:06
230,36,search,02/07/2026 17:57
230,40,view,02/07/2026 18:11
230,36,view,02/07/2026 19:25
230,15,search,02/07/2026 20:58
230,40,view,02/07/2026 23:11
230,40,add_to_cart,02/07/2026 23:25
230,40,click,02/08/2026 0:12
230,36,click,02/08/2026 3:09
230,40,view,02/08/2026 4:47
230,36,click,02/08/2026 5:29
230,36,view,02/08/2026 5:57
230,45,view,02/08/2026 8:09
230,26,click,02/08/2026 9:09
230,26,view,02/08/2026 12:01
230,26,view,02/08/2026 12:27
230,36,add_to_cart,02/08/2026 12:39
230,40,update_quantity,02/08/2026 13:50
230,36,remove_cart,02/08/2026 16:37
230,27,view,02/08/2026 17:39
230,26,add_to_cart,02/08/2026 18:38
230,36,view,02/08/2026 20:50
230,40,purchase,02/08/2026 23:44
230,36,click,02/09/2026 1:42
230,40,view,02/09/2026 2:48
230,40,view,02/09/2026 4:15
230,20,click,02/09/2026 6:38
230,36,view,02/09/2026 9:19
230,26,purchase,02/09/2026 11:32
230,26,rate,02/09/2026 13:00
230,33,search,02/09/2026 14:18
230,33,view,02/09/2026 15:47
230,5,add_to_cart,02/09/2026 17:18
230,40,click,02/09/2026 18:03
230,27,search,02/09/2026 20:49
230,36,view,02/09/2026 21:30
230,5,update_quantity,02/09/2026 21:45
230,40,click,02/09/2026 23:21
230,36,add_to_cart,02/09/2026 23:32
231,1,view,12/02/2025 14:42
231,50,search,12/02/2025 17:06
231,16,click,12/02/2025 17:39
231,16,search,12/02/2025 19:15
231,14,search,12/02/2025 20:55
231,50,click,12/02/2025 21:30
231,1,add_to_cart,12/02/2025 22:24
231,1,purchase,12/03/2025 0:25
231,43,search,12/03/2025 1:16
231,1,click,12/03/2025 2:18
231,41,click,12/03/2025 3:21
231,28,add_to_cart,12/03/2025 6:01
231,42,view,12/03/2025 8:23
231,39,search,12/03/2025 11:21
231,42,search,12/03/2025 12:33
231,41,click,12/03/2025 14:16
231,28,purchase,12/03/2025 16:23
231,45,click,12/03/2025 19:20
231,10,search,12/03/2025 19:37
231,27,click,12/03/2025 22:19
231,10,add_to_cart,12/04/2025 0:45
231,1,rate,12/04/2025 1:22
231,28,view,12/04/2025 1:24
231,40,search,12/04/2025 1:28
231,38,view,12/04/2025 4:02
231,45,search,12/04/2025 6:45
231,45,click,12/04/2025 7:29
231,22,search,12/04/2025 10:13
231,22,view,12/04/2025 11:49
231,1,view,12/04/2025 14:48
231,10,remove_cart,12/04/2025 17:41
231,45,add_to_cart,12/04/2025 18:49
231,38,view,12/04/2025 19:23
231,10,click,12/04/2025 21:57
231,30,add_to_cart,12/05/2025 0:39
231,22,view,12/05/2025 1:13
231,25,click,12/05/2025 3:54
231,38,click,12/05/2025 6:24
231,45,view,12/05/2025 9:10
231,15,search,12/05/2025 10:46
231,9,view,12/05/2025 12:29
231,38,view,12/05/2025 15:11
231,19,add_to_cart,12/05/2025 17:30
231,3,view,12/05/2025 18:58
231,2,view,12/05/2025 21:46
232,39,add_to_cart,01/24/2026 22:05
232,39,add_to_cart,01/24/2026 23:39
232,39,update_quantity,01/25/2026 0:19
232,39,purchase,01/25/2026 1:34
232,39,rate,01/25/2026 2:40
232,48,search,01/25/2026 4:19
232,39,click,01/25/2026 6:28
232,39,add_to_cart,01/25/2026 6:57
232,39,add_to_cart,01/25/2026 8:38
232,35,view,01/25/2026 10:55
232,25,search,01/25/2026 12:40
232,25,view,01/25/2026 14:06
232,1,add_to_cart,01/25/2026 15:17
232,1,remove_cart,01/25/2026 17:03
232,39,purchase,01/25/2026 19:49
232,1,view,01/25/2026 22:49
232,1,add_to_cart,01/26/2026 1:49
232,1,remove_cart,01/26/2026 2:13
232,18,search,01/26/2026 3:45
232,25,click,01/26/2026 6:11
232,1,add_to_cart,01/26/2026 7:24
232,39,search,01/26/2026 7:50
232,20,search,01/26/2026 10:05
232,1,purchase,01/26/2026 11:55
232,11,view,01/26/2026 12:17
232,18,click,01/26/2026 13:14
232,34,add_to_cart,01/26/2026 15:32
232,25,view,01/26/2026 17:03
232,34,update_quantity,01/26/2026 17:20
232,18,add_to_cart,01/26/2026 19:50
232,26,click,01/26/2026 20:12
232,15,search,01/26/2026 23:12
232,8,view,01/27/2026 1:51
232,15,view,01/27/2026 4:30
232,43,search,01/27/2026 6:00
232,26,view,01/27/2026 7:04
232,8,view,01/27/2026 9:36
232,10,search,01/27/2026 12:05
232,2,add_to_cart,01/27/2026 13:01
232,38,click,01/27/2026 13:34
233,39,view,10/27/2025 2:07
233,28,search,10/27/2025 3:03
233,8,view,10/27/2025 3:21
233,20,search,10/27/2025 4:34
233,28,click,10/27/2025 5:16
233,39,add_to_cart,10/27/2025 7:09
233,39,update_quantity,10/27/2025 8:06
233,39,update_quantity,10/27/2025 8:11
233,39,remove_cart,10/27/2025 9:00
233,5,add_to_cart,10/27/2025 11:50
233,28,view,10/27/2025 14:10
233,28,click,10/27/2025 15:03
233,28,view,10/27/2025 17:26
233,5,purchase,10/27/2025 18:38
233,28,click,10/27/2025 21:24
233,28,click,10/28/2025 0:13
233,5,rate,10/28/2025 2:25
233,28,view,10/28/2025 4:19
233,28,click,10/28/2025 4:44
233,15,view,10/28/2025 5:57
233,28,add_to_cart,10/28/2025 7:31
233,17,search,10/28/2025 9:56
233,28,view,10/28/2025 12:33
233,28,add_to_cart,10/28/2025 15:05
233,28,purchase,10/28/2025 15:09
233,27,search,10/28/2025 15:57
233,50,view,10/28/2025 18:30
233,41,search,10/28/2025 20:31
233,50,add_to_cart,10/28/2025 23:09
233,23,view,10/29/2025 0:19
233,41,click,10/29/2025 0:40
233,27,view,10/29/2025 3:11
233,5,click,10/29/2025 5:27
233,27,view,10/29/2025 5:44
233,42,view,10/29/2025 8:34
233,50,purchase,10/29/2025 10:24
233,5,search,10/29/2025 12:26
233,5,click,10/29/2025 15:18
233,16,view,10/29/2025 18:00
233,5,click,10/29/2025 19:10
233,25,search,10/29/2025 21:05
233,13,click,10/29/2025 23:08
233,25,click,10/29/2025 23:54
233,24,view,10/30/2025 1:36
233,11,search,10/30/2025 2:52
233,25,click,10/30/2025 4:08
233,5,click,10/30/2025 6:30
233,29,search,10/30/2025 6:54
233,12,search,10/30/2025 7:50
233,39,view,10/30/2025 10:44
233,5,click,10/30/2025 12:54
233,12,view,10/30/2025 13:46
234,37,view,12/15/2025 2:09
234,32,add_to_cart,12/15/2025 2:31
234,32,add_to_cart,12/15/2025 4:39
234,37,search,12/15/2025 5:05
234,37,click,12/15/2025 6:10
234,29,view,12/15/2025 7:45
234,32,click,12/15/2025 10:29
234,32,view,12/15/2025 12:26
234,37,click,12/15/2025 13:55
234,37,view,12/15/2025 14:24
234,37,view,12/15/2025 16:01
234,28,view,12/15/2025 16:23
234,29,view,12/15/2025 18:14
234,16,add_to_cart,12/15/2025 21:12
234,14,search,12/15/2025 23:34
234,37,view,12/15/2025 23:42
234,14,click,12/16/2025 2:02
234,16,add_to_cart,12/16/2025 2:06
234,37,click,12/16/2025 4:08
234,28,add_to_cart,12/16/2025 7:03
234,16,purchase,12/16/2025 9:11
234,32,update_quantity,12/16/2025 12:07
234,32,remove_cart,12/16/2025 13:51
234,37,click,12/16/2025 15:40
234,16,view,12/16/2025 18:38
234,37,click,12/16/2025 20:55
234,32,click,12/16/2025 22:59
234,32,view,12/17/2025 0:51
234,16,view,12/17/2025 1:39
234,16,add_to_cart,12/17/2025 4:26
234,28,remove_cart,12/17/2025 5:34
234,41,view,12/17/2025 7:30
234,16,remove_cart,12/17/2025 9:00
234,32,view,12/17/2025 9:29
234,16,rate,12/17/2025 10:40
234,7,search,12/17/2025 13:27
234,2,add_to_cart,12/17/2025 14:15
234,7,click,12/17/2025 14:21
234,30,view,12/17/2025 16:46
234,2,update_quantity,12/17/2025 19:04
234,22,search,12/17/2025 20:20
234,2,click,12/17/2025 23:16
234,30,click,12/18/2025 2:15
234,2,click,12/18/2025 4:13
234,19,view,12/18/2025 6:54
234,30,click,12/18/2025 9:40
234,40,view,12/18/2025 11:11
234,2,purchase,12/18/2025 11:27
234,30,click,12/18/2025 13:15
234,2,view,12/18/2025 15:03
234,40,add_to_cart,12/18/2025 16:14
234,9,search,12/18/2025 16:18
234,2,view,12/18/2025 19:01
234,40,update_quantity,12/18/2025 20:10
234,13,click,12/18/2025 22:40
234,6,search,12/19/2025 0:36
234,24,add_to_cart,12/19/2025 1:32
235,24,click,01/27/2026 23:15
235,24,view,01/28/2026 0:47
235,12,add_to_cart,01/28/2026 1:48
235,12,view,01/28/2026 4:40
235,24,click,01/28/2026 5:13
235,24,click,01/28/2026 6:29
235,12,update_quantity,01/28/2026 8:47
235,24,search,01/28/2026 11:31
235,26,view,01/28/2026 13:08
235,24,add_to_cart,01/28/2026 14:48
235,33,search,01/28/2026 17:28
235,24,view,01/28/2026 18:59
235,19,add_to_cart,01/28/2026 20:53
235,24,click,01/28/2026 23:02
235,24,remove_cart,01/29/2026 0:51
235,18,view,01/29/2026 2:50
235,19,click,01/29/2026 4:56
235,13,click,01/29/2026 5:10
235,12,purchase,01/29/2026 6:24
235,12,rate,01/29/2026 6:52
235,21,view,01/29/2026 7:37
235,19,add_to_cart,01/29/2026 9:04
235,11,view,01/29/2026 10:28
235,12,view,01/29/2026 12:32
235,21,view,01/29/2026 14:14
235,2,view,01/29/2026 17:05
235,12,view,01/29/2026 19:32
235,19,update_quantity,01/29/2026 20:31
235,11,view,01/29/2026 20:53
235,12,view,01/29/2026 21:49
235,11,view,01/29/2026 23:30
235,21,add_to_cart,01/30/2026 1:43
235,21,purchase,01/30/2026 3:35
235,21,view,01/30/2026 3:38
235,27,search,01/30/2026 6:02
235,39,search,01/30/2026 8:02
235,21,add_to_cart,01/30/2026 9:31
235,21,view,01/30/2026 11:47
235,18,add_to_cart,01/30/2026 14:13
235,21,update_quantity,01/30/2026 16:57
235,21,click,01/30/2026 17:03
235,19,search,01/30/2026 17:14
235,1,click,01/30/2026 19:38
235,19,update_quantity,01/30/2026 22:36
235,15,search,01/31/2026 1:22
235,21,add_to_cart,01/31/2026 3:01
235,19,view,01/31/2026 4:51
235,15,add_to_cart,01/31/2026 5:31
235,21,view,01/31/2026 7:05
235,25,view,01/31/2026 7:48
235,15,purchase,01/31/2026 8:12
235,19,purchase,01/31/2026 10:28
235,15,view,01/31/2026 13:07
236,6,add_to_cart,01/08/2026 22:24
236,6,update_quantity,01/08/2026 23:20
236,26,search,01/09/2026 1:47
236,3,view,01/09/2026 3:05
236,42,search,01/09/2026 4:45
236,43,view,01/09/2026 5:51
236,12,view,01/09/2026 7:59
236,6,view,01/09/2026 8:07
236,6,update_quantity,01/09/2026 10:35
236,43,view,01/09/2026 11:19
236,6,remove_cart,01/09/2026 14:18
236,12,add_to_cart,01/09/2026 15:17
236,12,view,01/09/2026 18:05
236,12,purchase,01/09/2026 18:22
236,12,view,01/09/2026 21:17
236,6,view,01/10/2026 0:09
236,10,click,01/10/2026 2:28
236,46,click,01/10/2026 3:22
236,12,click,01/10/2026 4:46
236,10,add_to_cart,01/10/2026 5:29
236,12,click,01/10/2026 7:41
236,20,add_to_cart,01/10/2026 9:21
236,10,update_quantity,01/10/2026 9:49
236,10,view,01/10/2026 12:32
236,10,view,01/10/2026 13:20
236,17,view,01/10/2026 13:35
236,11,search,01/10/2026 14:28
236,10,view,01/10/2026 16:13
236,47,add_to_cart,01/10/2026 16:41
236,10,view,01/10/2026 17:18
236,15,search,01/10/2026 18:53
236,27,view,01/10/2026 20:27
236,25,add_to_cart,01/10/2026 22:37
236,40,search,01/10/2026 23:59
236,47,click,01/11/2026 1:58
236,28,click,01/11/2026 4:27
236,50,search,01/11/2026 7:15
236,47,purchase,01/11/2026 9:05
236,28,view,01/11/2026 11:00
236,48,search,01/11/2026 13:15
236,47,view,01/11/2026 15:55
236,50,view,01/11/2026 18:26
236,3,search,01/11/2026 18:47
236,10,purchase,01/11/2026 21:46
236,50,click,01/12/2026 0:27
236,4,click,01/12/2026 2:37
236,1,click,01/12/2026 2:45
236,3,view,01/12/2026 3:08
236,25,remove_cart,01/12/2026 4:42
236,1,view,01/12/2026 5:01
236,3,view,01/12/2026 7:39
236,50,click,01/12/2026 9:43
236,4,view,01/12/2026 10:34
236,20,click,01/12/2026 12:48
236,41,view,01/12/2026 15:17
236,49,search,01/12/2026 16:09
236,1,click,01/12/2026 17:33
236,1,view,01/12/2026 20:25
236,18,add_to_cart,01/12/2026 22:48
236,50,click,01/13/2026 1:20
236,45,view,01/13/2026 2:17
236,48,click,01/13/2026 3:02
237,1,view,02/28/2026 4:41
237,1,view,02/28/2026 6:00
237,1,click,02/28/2026 8:50
237,11,search,02/28/2026 9:25
237,47,search,02/28/2026 10:39
237,49,search,02/28/2026 12:37
237,9,search,02/28/2026 13:30
237,49,view,02/28/2026 14:49
237,26,view,02/28/2026 16:36
237,17,add_to_cart,02/28/2026 17:45
237,26,view,02/28/2026 18:27
237,36,add_to_cart,02/28/2026 18:43
237,46,search,02/28/2026 21:02
237,36,update_quantity,02/28/2026 21:38
237,46,add_to_cart,03/01/2026 0:35
237,26,search,03/01/2026 3:23
237,46,add_to_cart,03/01/2026 3:36
237,2,search,03/01/2026 6:15
237,17,purchase,03/01/2026 6:36
237,26,add_to_cart,03/01/2026 8:11
237,46,remove_cart,03/01/2026 10:19
237,36,update_quantity,03/01/2026 13:08
237,46,view,03/01/2026 13:31
237,36,purchase,03/01/2026 15:50
237,26,remove_cart,03/01/2026 17:22
237,50,view,03/01/2026 18:44
237,20,search,03/01/2026 21:14
237,26,view,03/01/2026 22:05
237,50,click,03/02/2026 1:01
237,50,view,03/02/2026 2:42
237,36,click,03/02/2026 3:54
237,36,view,03/02/2026 6:29
237,50,click,03/02/2026 7:14
237,29,view,03/02/2026 7:18
237,30,search,03/02/2026 9:00
237,36,click,03/02/2026 11:30
237,23,click,03/02/2026 12:37
237,36,click,03/02/2026 12:46
237,29,add_to_cart,03/02/2026 13:52
237,29,update_quantity,03/02/2026 16:52
237,28,click,03/02/2026 18:27
237,23,click,03/02/2026 20:08
237,14,search,03/02/2026 20:53
237,29,remove_cart,03/02/2026 23:41
237,23,view,03/03/2026 1:56
237,29,add_to_cart,03/03/2026 4:16
237,23,click,03/03/2026 6:38
237,7,click,03/03/2026 7:18
237,7,view,03/03/2026 7:28
237,29,remove_cart,03/03/2026 9:54
237,29,click,03/03/2026 10:38
237,36,rate,03/03/2026 13:25
237,46,view,03/03/2026 16:11
237,12,view,03/03/2026 18:29
237,12,click,03/03/2026 19:46
238,1,view,01/11/2026 22:10
238,19,view,01/12/2026 1:05
238,26,view,01/12/2026 1:41
238,26,click,01/12/2026 2:33
238,19,click,01/12/2026 2:40
238,38,view,01/12/2026 5:08
238,34,search,01/12/2026 6:45
238,34,click,01/12/2026 8:56
238,26,click,01/12/2026 11:07
238,24,add_to_cart,01/12/2026 11:37
238,26,view,01/12/2026 11:54
238,5,search,01/12/2026 14:26
238,26,add_to_cart,01/12/2026 16:06
238,4,view,01/12/2026 16:56
238,3,search,01/12/2026 19:05
238,24,view,01/12/2026 21:05
238,24,update_quantity,01/12/2026 23:01
238,24,click,01/13/2026 1:43
238,44,view,01/13/2026 2:12
238,24,click,01/13/2026 3:46
238,24,purchase,01/13/2026 6:23
238,24,rate,01/13/2026 6:43
238,24,add_to_cart,01/13/2026 9:35
238,24,purchase,01/13/2026 11:34
238,21,search,01/13/2026 14:03
238,44,view,01/13/2026 16:24
238,13,search,01/13/2026 17:29
238,26,purchase,01/13/2026 17:42
238,11,click,01/13/2026 18:10
238,16,add_to_cart,01/13/2026 19:24
238,26,view,01/13/2026 20:47
238,44,view,01/13/2026 23:01
238,26,view,01/14/2026 0:03
238,23,click,01/14/2026 0:57
238,26,rate,01/14/2026 1:02
238,16,click,01/14/2026 3:03
238,16,update_quantity,01/14/2026 5:09
238,23,add_to_cart,01/14/2026 6:12
238,16,remove_cart,01/14/2026 8:04
239,45,view,01/02/2026 10:14
239,45,click,01/02/2026 12:25
239,7,search,01/02/2026 12:47
239,45,click,01/02/2026 15:24
239,45,click,01/02/2026 16:10
239,24,view,01/02/2026 17:29
239,24,search,01/02/2026 19:04
239,45,view,01/02/2026 20:12
239,45,add_to_cart,01/02/2026 21:40
239,45,add_to_cart,01/03/2026 0:29
239,12,search,01/03/2026 1:25
239,45,update_quantity,01/03/2026 3:45
239,8,search,01/03/2026 6:04
239,45,view,01/03/2026 7:03
239,24,click,01/03/2026 8:02
239,45,purchase,01/03/2026 10:33
239,45,click,01/03/2026 11:09
239,34,view,01/03/2026 12:40
239,27,add_to_cart,01/03/2026 13:30
239,3,search,01/03/2026 16:03
239,5,add_to_cart,01/03/2026 16:25
239,27,purchase,01/03/2026 16:52
239,26,add_to_cart,01/03/2026 18:37
239,5,update_quantity,01/03/2026 21:15
239,27,search,01/03/2026 23:13
239,17,search,01/04/2026 1:12
239,43,click,01/04/2026 1:28
239,27,view,01/04/2026 3:04
239,27,add_to_cart,01/04/2026 4:13
239,26,view,01/04/2026 6:25
239,26,add_to_cart,01/04/2026 8:51
239,27,update_quantity,01/04/2026 9:05
239,27,view,01/04/2026 10:55
239,27,view,01/04/2026 12:11
239,27,update_quantity,01/04/2026 14:07
239,12,click,01/04/2026 14:57
239,13,search,01/04/2026 17:09
239,27,add_to_cart,01/04/2026 19:45
239,14,add_to_cart,01/04/2026 21:42
239,12,click,01/04/2026 22:30
239,22,search,01/04/2026 23:20
239,12,click,01/04/2026 23:48
239,38,add_to_cart,01/05/2026 2:37
239,22,view,01/05/2026 5:10
239,22,view,01/05/2026 7:19
239,26,update_quantity,01/05/2026 7:45
239,45,view,01/05/2026 8:34
239,27,purchase,01/05/2026 9:44
239,27,search,01/05/2026 9:56
239,14,purchase,01/05/2026 11:23
239,38,update_quantity,01/05/2026 11:26
239,22,view,01/05/2026 12:24
239,21,search,01/05/2026 12:34
239,27,add_to_cart,01/05/2026 12:57
239,20,click,01/05/2026 15:50
239,38,click,01/05/2026 17:26
239,36,add_to_cart,01/05/2026 18:03
239,20,click,01/05/2026 19:03
239,7,search,01/05/2026 19:28
239,31,view,01/05/2026 21:21
239,16,add_to_cart,01/05/2026 21:32
239,33,search,01/05/2026 21:46
239,20,view,01/05/2026 22:38
239,20,search,01/06/2026 0:06
239,29,view,01/06/2026 0:37
239,41,click,01/06/2026 2:32
239,29,add_to_cart,01/06/2026 3:03
239,45,view,01/06/2026 4:52
239,12,add_to_cart,01/06/2026 6:44
239,30,add_to_cart,01/06/2026 7:50
239,19,view,01/06/2026 10:03
239,16,view,01/06/2026 12:54
239,19,click,01/06/2026 15:03
239,19,click,01/06/2026 17:35
240,33,view,01/23/2026 0:22
240,46,add_to_cart,01/23/2026 2:01
240,33,view,01/23/2026 2:46
240,6,view,01/23/2026 3:46
240,39,view,01/23/2026 6:26
240,46,update_quantity,01/23/2026 6:48
240,34,add_to_cart,01/23/2026 8:14
240,34,remove_cart,01/23/2026 8:53
240,35,search,01/23/2026 9:11
240,6,view,01/23/2026 9:52
240,43,search,01/23/2026 9:56
240,6,add_to_cart,01/23/2026 11:31
240,23,add_to_cart,01/23/2026 11:51
240,23,view,01/23/2026 14:15
240,18,search,01/23/2026 15:59
240,6,update_quantity,01/23/2026 17:54
240,23,remove_cart,01/23/2026 18:45
240,6,update_quantity,01/23/2026 19:50
240,21,search,01/23/2026 22:45
240,6,update_quantity,01/24/2026 1:40
240,23,add_to_cart,01/24/2026 2:51
240,23,search,01/24/2026 3:02
240,17,search,01/24/2026 4:52
240,6,view,01/24/2026 6:32
240,14,view,01/24/2026 6:53
240,21,search,01/24/2026 7:19
240,26,view,01/24/2026 9:23
240,20,search,01/24/2026 10:09
240,23,purchase,01/24/2026 12:32
240,23,view,01/24/2026 13:25
240,46,purchase,01/24/2026 13:53
240,47,search,01/24/2026 14:33
240,2,search,01/24/2026 17:20
240,2,view,01/24/2026 18:36
240,31,search,01/24/2026 18:49
240,20,view,01/24/2026 19:14
240,23,view,01/24/2026 21:09
240,14,add_to_cart,01/24/2026 21:43
240,14,remove_cart,01/25/2026 0:43
240,14,view,01/25/2026 1:20
240,20,view,01/25/2026 3:12
240,14,search,01/25/2026 6:05
240,20,click,01/25/2026 8:35
241,4,add_to_cart,11/25/2025 12:48
241,4,update_quantity,11/25/2025 13:27
241,4,view,11/25/2025 14:06
241,3,search,11/25/2025 14:31
241,4,add_to_cart,11/25/2025 15:13
241,4,update_quantity,11/25/2025 17:17
241,4,update_quantity,11/25/2025 19:34
241,4,add_to_cart,11/25/2025 21:54
241,4,view,11/25/2025 23:13
241,7,search,11/26/2025 0:30
241,4,add_to_cart,11/26/2025 2:54
241,29,view,11/26/2025 3:54
241,4,add_to_cart,11/26/2025 6:52
241,7,view,11/26/2025 8:04
241,1,search,11/26/2025 9:08
241,4,remove_cart,11/26/2025 11:57
241,41,add_to_cart,11/26/2025 14:34
241,1,add_to_cart,11/26/2025 16:11
241,29,view,11/26/2025 18:45
241,1,purchase,11/26/2025 19:36
241,9,search,11/26/2025 20:20
241,1,add_to_cart,11/26/2025 22:56
241,30,view,11/26/2025 23:58
241,1,update_quantity,11/27/2025 2:07
241,10,view,11/27/2025 2:32
241,12,click,11/27/2025 4:34
241,28,search,11/27/2025 5:39
241,49,search,11/27/2025 6:26
241,44,view,11/27/2025 7:50
241,1,click,11/27/2025 10:15
241,33,view,11/27/2025 11:30
241,2,search,11/27/2025 14:19
241,1,remove_cart,11/27/2025 15:44
241,49,click,11/27/2025 17:44
241,28,add_to_cart,11/27/2025 19:04
241,33,view,11/27/2025 21:10
241,1,rate,11/27/2025 23:20
241,36,search,11/28/2025 1:06
241,49,view,11/28/2025 3:08
241,5,add_to_cart,11/28/2025 4:24
241,28,update_quantity,11/28/2025 7:12
241,36,view,11/28/2025 10:02
241,5,view,11/28/2025 12:01
241,5,add_to_cart,11/28/2025 13:12
241,5,update_quantity,11/28/2025 15:03
241,2,click,11/28/2025 15:09
241,10,click,11/28/2025 15:56
241,43,add_to_cart,11/28/2025 18:11
241,5,add_to_cart,11/28/2025 20:44
241,10,view,11/28/2025 21:06
241,41,purchase,11/28/2025 22:59
241,43,click,11/28/2025 23:26
241,43,purchase,11/29/2025 0:14
241,43,view,11/29/2025 2:23
241,42,view,11/29/2025 5:14
241,5,purchase,11/29/2025 8:13
241,22,add_to_cart,11/29/2025 8:58
241,28,update_quantity,11/29/2025 9:04
241,41,click,11/29/2025 9:33
241,7,search,11/29/2025 12:22
241,43,view,11/29/2025 12:32
241,28,update_quantity,11/29/2025 14:19
241,6,add_to_cart,11/29/2025 15:29
241,28,add_to_cart,11/29/2025 16:01
241,22,purchase,11/29/2025 16:25
241,43,click,11/29/2025 18:31
241,6,update_quantity,11/29/2025 19:51
241,6,view,11/29/2025 22:30
242,37,search,12/31/2025 13:00
242,21,click,12/31/2025 13:48
242,37,click,12/31/2025 14:01
242,21,view,12/31/2025 15:30
242,31,search,12/31/2025 16:38
242,13,add_to_cart,12/31/2025 17:20
242,8,search,12/31/2025 20:16
242,8,view,12/31/2025 20:25
242,8,add_to_cart,12/31/2025 23:21
242,8,update_quantity,01/01/2026 1:30
242,50,view,01/01/2026 4:04
242,8,view,01/01/2026 4:10
242,8,add_to_cart,01/01/2026 6:18
242,8,add_to_cart,01/01/2026 9:00
242,8,add_to_cart,01/01/2026 9:16
242,34,search,01/01/2026 12:14
242,23,add_to_cart,01/01/2026 14:23
242,13,update_quantity,01/01/2026 15:48
242,13,search,01/01/2026 16:46
242,13,add_to_cart,01/01/2026 17:25
242,26,search,01/01/2026 19:25
242,10,click,01/01/2026 22:26
242,13,update_quantity,01/01/2026 23:45
242,21,click,01/02/2026 1:15
242,44,add_to_cart,01/02/2026 1:18
242,13,click,01/02/2026 1:25
242,21,view,01/02/2026 4:12
242,18,search,01/02/2026 6:04
242,25,add_to_cart,01/02/2026 8:25
242,21,view,01/02/2026 9:57
242,13,purchase,01/02/2026 11:09
242,30,search,01/02/2026 12:27
242,4,search,01/02/2026 12:32
242,41,search,01/02/2026 13:54
242,38,search,01/02/2026 16:18
242,13,search,01/02/2026 17:43
242,28,view,01/02/2026 18:34
242,12,add_to_cart,01/02/2026 20:01
242,13,rate,01/02/2026 22:07
242,41,view,01/02/2026 22:24
242,38,view,01/03/2026 0:49
242,41,view,01/03/2026 3:06
242,28,add_to_cart,01/03/2026 4:20
242,12,click,01/03/2026 4:56
242,12,view,01/03/2026 7:56
242,8,purchase,01/03/2026 9:15
242,13,view,01/03/2026 10:51
242,38,view,01/03/2026 11:48
242,50,search,01/03/2026 14:00
242,12,remove_cart,01/03/2026 16:59
242,49,search,01/03/2026 19:47
242,24,click,01/03/2026 21:00
242,24,view,01/03/2026 23:33
242,49,add_to_cart,01/04/2026 0:30
242,49,view,01/04/2026 0:35
242,49,update_quantity,01/04/2026 1:43
242,49,update_quantity,01/04/2026 2:04
242,24,add_to_cart,01/04/2026 5:00
242,42,search,01/04/2026 5:08
242,15,click,01/04/2026 6:31
243,35,search,11/15/2025 1:03
243,35,add_to_cart,11/15/2025 3:50
243,32,click,11/15/2025 4:48
243,11,click,11/15/2025 5:26
243,35,update_quantity,11/15/2025 6:25
243,35,update_quantity,11/15/2025 7:03
243,35,view,11/15/2025 7:09
243,35,add_to_cart,11/15/2025 9:35
243,27,add_to_cart,11/15/2025 10:09
243,35,view,11/15/2025 10:50
243,35,remove_cart,11/15/2025 13:03
243,35,add_to_cart,11/15/2025 14:38
243,35,click,11/15/2025 16:15
243,25,add_to_cart,11/15/2025 19:09
243,35,view,11/15/2025 21:25
243,35,add_to_cart,11/15/2025 21:42
243,25,update_quantity,11/16/2025 0:19
243,40,view,11/16/2025 3:00
243,35,click,11/16/2025 5:44
243,35,purchase,11/16/2025 7:31
243,25,click,11/16/2025 8:35
243,6,search,11/16/2025 9:59
243,34,click,11/16/2025 10:02
243,35,view,11/16/2025 11:25
243,14,search,11/16/2025 13:35
243,26,view,11/16/2025 16:00
243,16,search,11/16/2025 16:46
243,34,search,11/16/2025 17:17
243,27,update_quantity,11/16/2025 17:49
243,2,search,11/16/2025 19:09
243,18,view,11/16/2025 19:42
243,18,click,11/16/2025 20:08
243,18,click,11/16/2025 23:03
243,27,search,11/16/2025 23:10
243,6,search,11/16/2025 23:57
243,37,search,11/17/2025 1:40
243,28,add_to_cart,11/17/2025 2:01
243,27,click,11/17/2025 4:08
243,27,click,11/17/2025 5:44
243,25,purchase,11/17/2025 7:25
243,27,purchase,11/17/2025 8:42
243,26,click,11/17/2025 11:04
243,28,purchase,11/17/2025 13:04
243,27,view,11/17/2025 13:31
243,9,click,11/17/2025 16:07
243,28,search,11/17/2025 17:27
243,9,view,11/17/2025 17:31
243,4,click,11/17/2025 18:35
243,13,click,11/17/2025 20:36
243,28,view,11/17/2025 21:29
243,13,search,11/18/2025 0:27
243,6,add_to_cart,11/18/2025 1:42
243,6,update_quantity,11/18/2025 3:48
243,6,update_quantity,11/18/2025 5:32
243,28,view,11/18/2025 7:11
243,27,rate,11/18/2025 7:24
243,14,add_to_cart,11/18/2025 9:23
243,28,view,11/18/2025 9:30
243,14,add_to_cart,11/18/2025 10:20
243,14,remove_cart,11/18/2025 10:34
243,14,click,11/18/2025 11:18
244,12,view,11/20/2025 2:32
244,12,view,11/20/2025 3:58
244,12,view,11/20/2025 5:39
244,30,click,11/20/2025 6:23
244,12,click,11/20/2025 7:22
244,12,add_to_cart,11/20/2025 10:21
244,3,search,11/20/2025 10:49
244,30,view,11/20/2025 13:03
244,12,update_quantity,11/20/2025 14:25
244,10,search,11/20/2025 15:34
244,12,update_quantity,11/20/2025 15:54
244,19,click,11/20/2025 16:11
244,27,view,11/20/2025 17:29
244,11,view,11/20/2025 18:31
244,10,view,11/20/2025 20:03
244,19,click,11/20/2025 21:18
244,12,remove_cart,11/20/2025 23:45
244,27,view,11/20/2025 23:52
244,42,view,11/21/2025 1:08
244,3,search,11/21/2025 3:34
244,11,click,11/21/2025 3:57
244,12,add_to_cart,11/21/2025 4:25
244,12,update_quantity,11/21/2025 5:18
244,12,update_quantity,11/21/2025 6:05
244,12,add_to_cart,11/21/2025 8:59
244,12,update_quantity,11/21/2025 11:09
244,11,view,11/21/2025 12:11
244,33,view,11/21/2025 12:21
244,50,click,11/21/2025 14:13
244,20,view,11/21/2025 14:16
244,4,search,11/21/2025 14:29
244,12,view,11/21/2025 15:43
244,40,view,11/21/2025 16:04
244,12,update_quantity,11/21/2025 17:32
244,12,update_quantity,11/21/2025 18:02
244,12,add_to_cart,11/21/2025 18:23
244,24,view,11/21/2025 18:34
244,4,click,11/21/2025 19:49
244,27,search,11/21/2025 21:31
244,39,view,11/21/2025 21:51
244,25,search,11/21/2025 22:56
244,4,click,11/21/2025 23:03
244,12,update_quantity,11/21/2025 23:34
245,49,view,02/07/2026 16:52
245,49,view,02/07/2026 17:18
245,49,add_to_cart,02/07/2026 20:14
245,40,view,02/07/2026 22:12
245,25,click,02/07/2026 22:40
245,25,click,02/08/2026 0:37
245,20,view,02/08/2026 1:29
245,35,view,02/08/2026 3:07
245,37,click,02/08/2026 3:34
245,49,purchase,02/08/2026 5:50
245,49,rate,02/08/2026 8:31
245,4,search,02/08/2026 9:47
245,25,click,02/08/2026 11:42
245,37,view,02/08/2026 13:44
245,2,view,02/08/2026 16:35
245,32,add_to_cart,02/08/2026 19:01
245,25,click,02/08/2026 21:15
245,25,view,02/08/2026 23:36
245,25,view,02/09/2026 0:15
245,28,click,02/09/2026 2:07
245,10,search,02/09/2026 4:17
245,36,click,02/09/2026 6:59
245,13,view,02/09/2026 7:56
245,25,add_to_cart,02/09/2026 10:54
245,25,purchase,02/09/2026 12:00
245,25,search,02/09/2026 12:35
245,42,add_to_cart,02/09/2026 15:21
245,13,search,02/09/2026 16:47
245,25,click,02/09/2026 16:56
245,42,update_quantity,02/09/2026 18:41
245,25,rate,02/09/2026 21:11
245,25,click,02/09/2026 22:51
245,32,purchase,02/09/2026 22:53
245,38,search,02/09/2026 23:17
245,42,click,02/10/2026 2:01
245,35,click,02/10/2026 2:45
245,35,view,02/10/2026 5:15
245,5,search,02/10/2026 5:28
245,42,purchase,02/10/2026 7:59
245,35,click,02/10/2026 10:53
245,23,search,02/10/2026 13:43
245,15,click,02/10/2026 14:09
245,35,add_to_cart,02/10/2026 14:35
245,14,view,02/10/2026 17:35
245,15,search,02/10/2026 18:18
245,5,click,02/10/2026 18:34
245,16,search,02/10/2026 21:16
245,35,update_quantity,02/10/2026 23:03
245,35,remove_cart,02/10/2026 23:16
245,43,add_to_cart,02/11/2026 1:26
245,35,view,02/11/2026 3:05
245,35,view,02/11/2026 5:14
245,5,click,02/11/2026 7:23
245,43,update_quantity,02/11/2026 9:52
245,43,remove_cart,02/11/2026 10:56
245,35,view,02/11/2026 11:50
245,17,search,02/11/2026 13:41
245,43,click,02/11/2026 13:53
245,43,click,02/11/2026 15:58
245,43,click,02/11/2026 16:38
245,40,search,02/11/2026 18:21
245,23,view,02/11/2026 19:45
245,13,add_to_cart,02/11/2026 20:10
245,13,purchase,02/11/2026 21:18
245,13,view,02/11/2026 22:43
245,13,add_to_cart,02/11/2026 23:58
245,13,purchase,02/12/2026 1:59
245,13,click,02/12/2026 4:55
245,13,click,02/12/2026 6:38
245,21,search,02/12/2026 6:54
245,40,view,02/12/2026 7:08
245,13,click,02/12/2026 8:40
245,13,click,02/12/2026 11:13
245,39,view,02/12/2026 14:13
245,13,view,02/12/2026 17:07
245,16,search,02/12/2026 19:29
246,23,view,12/08/2025 17:57
246,23,view,12/08/2025 20:24
246,34,view,12/08/2025 20:57
246,34,click,12/08/2025 21:08
246,31,view,12/08/2025 23:01
246,23,add_to_cart,12/09/2025 1:51
246,40,add_to_cart,12/09/2025 3:49
246,15,view,12/09/2025 3:55
246,23,add_to_cart,12/09/2025 5:00
246,7,view,12/09/2025 5:12
246,29,search,12/09/2025 6:26
246,31,view,12/09/2025 8:09
246,23,remove_cart,12/09/2025 9:40
246,15,add_to_cart,12/09/2025 12:10
246,35,search,12/09/2025 13:44
246,38,add_to_cart,12/09/2025 13:54
246,38,click,12/09/2025 15:35
246,12,search,12/09/2025 15:43
246,47,view,12/09/2025 17:11
246,22,click,12/09/2025 19:22
246,47,click,12/09/2025 21:46
246,35,view,12/09/2025 23:17
246,47,view,12/10/2025 1:46
246,24,search,12/10/2025 3:42
246,35,view,12/10/2025 5:17
246,15,remove_cart,12/10/2025 7:18
246,43,search,12/10/2025 9:41
246,47,add_to_cart,12/10/2025 10:40
246,47,add_to_cart,12/10/2025 13:01
246,23,add_to_cart,12/10/2025 15:23
246,15,view,12/10/2025 17:07
246,24,click,12/10/2025 19:20
246,15,view,12/10/2025 22:20
246,23,remove_cart,12/10/2025 22:59
246,43,add_to_cart,12/11/2025 1:51
246,24,add_to_cart,12/11/2025 2:59
246,32,add_to_cart,12/11/2025 3:25
246,38,remove_cart,12/11/2025 3:45
246,7,search,12/11/2025 6:31
246,34,add_to_cart,12/11/2025 8:25
246,38,view,12/11/2025 10:33
246,24,add_to_cart,12/11/2025 10:56
247,7,view,11/17/2025 8:38
247,7,add_to_cart,11/17/2025 9:25
247,12,search,11/17/2025 9:29
247,3,click,11/17/2025 9:38
247,1,search,11/17/2025 9:56
247,7,purchase,11/17/2025 12:34
247,31,view,11/17/2025 12:57
247,7,view,11/17/2025 13:54
247,36,search,11/17/2025 14:14
247,12,click,11/17/2025 14:18
247,12,click,11/17/2025 16:14
247,3,click,11/17/2025 19:01
247,31,view,11/17/2025 20:17
247,31,click,11/17/2025 21:04
247,16,view,11/17/2025 22:36
247,38,search,11/17/2025 23:36
247,31,click,11/18/2025 0:31
247,38,add_to_cart,11/18/2025 1:36
247,31,view,11/18/2025 1:52
247,38,purchase,11/18/2025 2:28
247,38,add_to_cart,11/18/2025 2:38
247,38,remove_cart,11/18/2025 3:56
247,31,view,11/18/2025 5:14
247,38,click,11/18/2025 6:16
247,42,add_to_cart,11/18/2025 7:50
247,38,click,11/18/2025 9:35
247,11,view,11/18/2025 12:23
247,38,click,11/18/2025 14:48
247,42,purchase,11/18/2025 15:41
247,7,rate,11/18/2025 18:15
247,42,view,11/18/2025 18:23
247,24,click,11/18/2025 19:45
247,39,click,11/18/2025 20:13
247,20,search,11/18/2025 22:31
247,47,click,11/18/2025 23:21
247,39,search,11/19/2025 1:11
247,38,rate,11/19/2025 3:41
247,11,click,11/19/2025 4:53
247,42,rate,11/19/2025 6:25
247,19,search,11/19/2025 8:43
247,31,click,11/19/2025 11:26
247,16,search,11/19/2025 12:54
247,39,view,11/19/2025 13:41
247,31,add_to_cart,11/19/2025 15:29
247,38,view,11/19/2025 15:43
247,19,view,11/19/2025 17:56
247,16,click,11/19/2025 19:22
247,16,click,11/19/2025 19:41
247,31,click,11/19/2025 21:09
247,31,update_quantity,11/19/2025 21:17
247,40,add_to_cart,11/19/2025 23:22
247,16,add_to_cart,11/19/2025 23:55
247,31,update_quantity,11/20/2025 0:57
248,32,search,02/02/2026 5:30
248,32,click,02/02/2026 6:23
248,32,click,02/02/2026 7:14
248,35,search,02/02/2026 10:06
248,22,view,02/02/2026 12:45
248,28,view,02/02/2026 13:27
248,28,view,02/02/2026 16:18
248,22,click,02/02/2026 17:07
248,32,add_to_cart,02/02/2026 18:11
248,32,purchase,02/02/2026 18:20
248,32,click,02/02/2026 20:28
248,49,search,02/02/2026 22:34
248,45,add_to_cart,02/03/2026 0:35
248,45,purchase,02/03/2026 2:45
248,22,click,02/03/2026 4:41
248,22,view,02/03/2026 7:24
248,50,add_to_cart,02/03/2026 10:04
248,29,add_to_cart,02/03/2026 11:41
248,19,search,02/03/2026 11:57
248,50,purchase,02/03/2026 12:04
248,27,search,02/03/2026 14:21
248,22,click,02/03/2026 16:43
248,38,search,02/03/2026 18:48
248,25,click,02/03/2026 21:36
248,29,update_quantity,02/04/2026 0:09
248,27,view,02/04/2026 1:45
248,26,search,02/04/2026 2:21
248,29,remove_cart,02/04/2026 4:23
248,29,view,02/04/2026 6:26
248,50,click,02/04/2026 7:00
248,48,view,02/04/2026 7:28
248,50,view,02/04/2026 10:00
248,28,add_to_cart,02/04/2026 10:43
248,14,search,02/04/2026 11:02
248,26,view,02/04/2026 13:36
248,28,click,02/04/2026 13:40
248,28,remove_cart,02/04/2026 13:44
248,44,view,02/04/2026 15:58
248,28,view,02/04/2026 18:31
248,28,view,02/04/2026 20:10
248,28,click,02/04/2026 22:37
248,14,view,02/04/2026 23:55
248,14,click,02/05/2026 2:30
248,28,search,02/05/2026 2:54
248,3,view,02/05/2026 4:29
248,28,add_to_cart,02/05/2026 6:52
248,22,search,02/05/2026 6:56
248,14,click,02/05/2026 7:11
248,28,remove_cart,02/05/2026 9:29
248,3,view,02/05/2026 11:23
248,23,search,02/05/2026 12:19
248,36,view,02/05/2026 14:08
248,28,view,02/05/2026 14:45
248,28,add_to_cart,02/05/2026 15:43
248,28,click,02/05/2026 15:54
248,13,search,02/05/2026 16:41
248,1,click,02/05/2026 19:30
248,28,click,02/05/2026 22:00
248,34,view,02/06/2026 0:45
248,28,purchase,02/06/2026 2:10
248,30,view,02/06/2026 2:43
248,15,search,02/06/2026 4:43
248,18,add_to_cart,02/06/2026 7:13
249,4,view,01/06/2026 7:30
249,4,click,01/06/2026 9:36
249,4,view,01/06/2026 9:44
249,23,search,01/06/2026 10:09
249,40,search,01/06/2026 12:06
249,4,add_to_cart,01/06/2026 14:32
249,4,view,01/06/2026 15:44
249,4,add_to_cart,01/06/2026 17:00
249,4,view,01/06/2026 17:38
249,4,add_to_cart,01/06/2026 18:12
249,4,view,01/06/2026 18:37
249,4,click,01/06/2026 20:14
249,4,view,01/06/2026 20:47
249,4,update_quantity,01/06/2026 21:20
249,14,click,01/06/2026 23:49
249,48,search,01/06/2026 23:54
249,4,click,01/07/2026 1:18
249,41,add_to_cart,01/07/2026 1:59
249,18,search,01/07/2026 2:12
249,4,click,01/07/2026 5:05
249,4,view,01/07/2026 6:59
249,4,click,01/07/2026 8:50
249,6,search,01/07/2026 9:13
249,25,search,01/07/2026 9:17
249,41,update_quantity,01/07/2026 12:17
249,18,view,01/07/2026 14:03
249,41,update_quantity,01/07/2026 15:07
249,41,click,01/07/2026 15:16
249,29,search,01/07/2026 15:33
249,4,view,01/07/2026 18:30
249,41,add_to_cart,01/07/2026 21:07
249,2,search,01/07/2026 22:50
249,41,remove_cart,01/08/2026 0:28
249,4,update_quantity,01/08/2026 0:59
249,6,search,01/08/2026 2:50
249,6,add_to_cart,01/08/2026 3:40
249,42,view,01/08/2026 4:46
249,42,view,01/08/2026 5:51
249,4,remove_cart,01/08/2026 8:10
249,6,purchase,01/08/2026 8:29
249,50,search,01/08/2026 9:40
249,45,click,01/08/2026 12:12
249,4,click,01/08/2026 12:26
249,50,view,01/08/2026 14:51
249,42,add_to_cart,01/08/2026 16:00
249,45,view,01/08/2026 18:20
249,10,search,01/08/2026 20:33
249,9,search,01/08/2026 21:47
249,50,click,01/08/2026 23:38
249,24,search,01/09/2026 0:49
249,13,search,01/09/2026 2:48
249,47,add_to_cart,01/09/2026 5:24
249,42,update_quantity,01/09/2026 8:07
249,9,view,01/09/2026 9:29
249,47,add_to_cart,01/09/2026 11:50
249,18,search,01/09/2026 12:18
249,47,purchase,01/09/2026 12:50
249,13,add_to_cart,01/09/2026 15:27
249,42,update_quantity,01/09/2026 17:34
249,42,search,01/09/2026 19:31
249,47,click,01/09/2026 22:32
249,42,purchase,01/10/2026 0:43
249,42,rate,01/10/2026 0:46
249,36,search,01/10/2026 3:03
250,29,search,11/03/2025 0:19
250,29,add_to_cart,11/03/2025 0:57
250,17,search,11/03/2025 3:13
250,12,add_to_cart,11/03/2025 4:13
250,29,add_to_cart,11/03/2025 6:49
250,2,view,11/03/2025 8:40
250,17,click,11/03/2025 10:19
250,21,search,11/03/2025 12:57
250,21,view,11/03/2025 14:10
250,29,update_quantity,11/03/2025 16:02
250,29,purchase,11/03/2025 18:36
250,29,view,11/03/2025 18:39
250,42,search,11/03/2025 19:12
250,38,search,11/03/2025 19:23
250,29,click,11/03/2025 21:08
250,21,view,11/03/2025 21:23
250,12,update_quantity,11/03/2025 23:09
250,29,view,11/04/2025 1:34
250,12,update_quantity,11/04/2025 2:59
250,42,view,11/04/2025 5:58
250,29,add_to_cart,11/04/2025 7:54
250,29,purchase,11/04/2025 9:13
250,12,update_quantity,11/04/2025 10:31
250,29,view,11/04/2025 10:47
250,5,click,11/04/2025 11:35
250,42,click,11/04/2025 14:13
250,12,purchase,11/04/2025 16:00
250,12,rate,11/04/2025 18:13
250,12,click,11/04/2025 20:04
250,14,view,11/04/2025 20:32
250,5,add_to_cart,11/04/2025 21:24
250,38,view,11/04/2025 23:21
250,8,add_to_cart,11/05/2025 2:20
250,5,purchase,11/05/2025 4:51
250,8,view,11/05/2025 6:30
250,8,purchase,11/05/2025 7:34
250,13,click,11/05/2025 10:03
250,24,add_to_cart,11/05/2025 11:01
250,24,update_quantity,11/05/2025 13:30
250,1,search,11/05/2025 16:31
250,24,click,11/05/2025 17:53
250,18,view,11/05/2025 20:33
250,24,update_quantity,11/05/2025 20:45
250,24,purchase,11/05/2025 21:16
250,24,add_to_cart,11/05/2025 21:39
250,20,search,11/05/2025 22:15
250,18,view,11/06/2025 0:23
250,24,click,11/06/2025 3:16
250,24,update_quantity,11/06/2025 5:57
250,24,remove_cart,11/06/2025 8:38
250,24,view,11/06/2025 9:16
250,21,search,11/06/2025 11:13
250,24,click,11/06/2025 12:21
250,47,click,11/06/2025 14:17
250,6,search,11/06/2025 15:19
250,30,click,11/06/2025 17:57
251,32,search,03/05/2026 0:23
251,6,click,03/05/2026 2:22
251,40,search,03/05/2026 4:27
251,40,add_to_cart,03/05/2026 5:40
251,32,click,03/05/2026 6:20
251,40,update_quantity,03/05/2026 8:15
251,15,search,03/05/2026 9:30
251,7,search,03/05/2026 11:37
251,15,click,03/05/2026 14:09
251,15,view,03/05/2026 15:33
251,40,add_to_cart,03/05/2026 17:10
251,40,update_quantity,03/05/2026 19:45
251,36,click,03/05/2026 22:00
251,31,view,03/06/2026 0:44
251,40,purchase,03/06/2026 3:35
251,45,view,03/06/2026 5:08
251,30,add_to_cart,03/06/2026 5:19
251,36,click,03/06/2026 7:53
251,30,update_quantity,03/06/2026 8:36
251,36,view,03/06/2026 9:34
251,30,update_quantity,03/06/2026 10:50
251,13,search,03/06/2026 12:32
251,41,search,03/06/2026 14:06
251,13,click,03/06/2026 15:52
251,30,view,03/06/2026 18:05
251,30,click,03/06/2026 19:49
251,36,view,03/06/2026 21:57
251,11,click,03/07/2026 0:27
251,30,remove_cart,03/07/2026 1:13
251,1,view,03/07/2026 2:04
251,30,click,03/07/2026 4:17
251,30,click,03/07/2026 6:49
251,21,view,03/07/2026 9:27
251,30,view,03/07/2026 11:14
251,44,click,03/07/2026 13:10
251,30,view,03/07/2026 14:38
251,21,view,03/07/2026 15:44
251,23,view,03/07/2026 17:08
251,14,view,03/07/2026 19:28
251,21,add_to_cart,03/07/2026 20:48
251,30,view,03/07/2026 22:35
251,21,update_quantity,03/08/2026 0:33
251,21,purchase,03/08/2026 2:46
251,22,search,03/08/2026 4:49
251,23,click,03/08/2026 5:33
251,21,click,03/08/2026 5:49
251,14,click,03/08/2026 7:32
251,14,click,03/08/2026 8:02
251,18,view,03/08/2026 8:21
251,41,click,03/08/2026 10:54
251,33,add_to_cart,03/08/2026 11:19
251,22,view,03/08/2026 12:04
251,21,click,03/08/2026 13:12
251,14,add_to_cart,03/08/2026 13:56
251,33,update_quantity,03/08/2026 16:45
251,33,add_to_cart,03/08/2026 18:27
251,7,view,03/08/2026 19:53
251,33,remove_cart,03/08/2026 21:51
251,14,update_quantity,03/09/2026 0:35
251,33,view,03/09/2026 3:17
251,14,view,03/09/2026 5:45
251,42,search,03/09/2026 7:30
251,33,add_to_cart,03/09/2026 9:52
251,18,search,03/09/2026 9:54
251,1,view,03/09/2026 10:38
251,14,remove_cart,03/09/2026 13:16
251,1,search,03/09/2026 15:43
251,23,view,03/09/2026 16:57
251,33,remove_cart,03/09/2026 19:10
251,33,search,03/09/2026 22:06
251,1,add_to_cart,03/10/2026 0:01
251,41,search,03/10/2026 2:57
251,1,purchase,03/10/2026 5:06
251,31,search,03/10/2026 6:45
251,23,view,03/10/2026 7:40
251,1,add_to_cart,03/10/2026 8:24
251,1,remove_cart,03/10/2026 10:37
251,33,view,03/10/2026 12:54
252,28,search,10/24/2025 0:32
252,28,add_to_cart,10/24/2025 1:31
252,7,click,10/24/2025 4:00
252,41,view,10/24/2025 6:53
252,41,click,10/24/2025 8:55
252,28,click,10/24/2025 9:11
252,28,add_to_cart,10/24/2025 11:16
252,7,view,10/24/2025 11:47
252,22,search,10/24/2025 13:15
252,7,view,10/24/2025 13:27
252,28,purchase,10/24/2025 14:04
252,28,rate,10/24/2025 16:20
252,2,view,10/24/2025 17:23
252,28,add_to_cart,10/24/2025 18:53
252,28,view,10/24/2025 21:43
252,17,add_to_cart,10/24/2025 22:17
252,33,search,10/25/2025 0:21
252,17,click,10/25/2025 2:47
252,18,search,10/25/2025 3:30
252,1,click,10/25/2025 3:43
252,33,click,10/25/2025 6:37
252,17,view,10/25/2025 7:22
252,26,click,10/25/2025 7:47
252,24,click,10/25/2025 8:17
252,29,view,10/25/2025 8:38
252,17,click,10/25/2025 9:22
252,33,add_to_cart,10/25/2025 11:27
252,28,purchase,10/25/2025 13:27
252,28,view,10/25/2025 13:45
252,28,add_to_cart,10/25/2025 15:10
252,29,click,10/25/2025 16:16
252,17,purchase,10/25/2025 18:02
252,43,view,10/25/2025 19:59
252,41,view,10/25/2025 20:07
252,43,add_to_cart,10/25/2025 20:56
252,31,search,10/25/2025 23:16
252,17,click,10/26/2025 1:43
252,43,purchase,10/26/2025 1:52
252,15,view,10/26/2025 2:22
252,31,click,10/26/2025 4:34
253,23,add_to_cart,03/03/2026 21:06
253,23,view,03/03/2026 23:05
253,21,click,03/04/2026 1:42
253,50,search,03/04/2026 3:16
253,32,add_to_cart,03/04/2026 5:20
253,31,view,03/04/2026 7:38
253,32,purchase,03/04/2026 8:04
253,32,rate,03/04/2026 8:55
253,23,remove_cart,03/04/2026 10:17
253,32,view,03/04/2026 12:49
253,32,click,03/04/2026 13:59
253,32,click,03/04/2026 14:48
253,32,view,03/04/2026 17:09
253,47,search,03/04/2026 18:10
253,47,click,03/04/2026 20:25
253,37,search,03/04/2026 22:52
253,23,search,03/05/2026 0:16
253,32,view,03/05/2026 2:39
253,23,click,03/05/2026 4:23
253,32,view,03/05/2026 4:31
253,32,add_to_cart,03/05/2026 7:27
253,27,view,03/05/2026 8:40
253,39,add_to_cart,03/05/2026 9:52
253,4,search,03/05/2026 10:54
253,32,add_to_cart,03/05/2026 11:57
253,32,update_quantity,03/05/2026 14:24
253,32,view,03/05/2026 16:20
253,21,search,03/05/2026 17:15
253,4,search,03/05/2026 18:03
253,44,click,03/05/2026 18:48
253,44,view,03/05/2026 20:41
253,39,remove_cart,03/05/2026 22:00
253,4,view,03/06/2026 0:11
253,44,click,03/06/2026 3:08
253,4,view,03/06/2026 4:05
253,21,view,03/06/2026 6:44
253,9,click,03/06/2026 7:49
253,32,purchase,03/06/2026 10:40
253,41,view,03/06/2026 11:52
253,30,click,03/06/2026 12:08
254,10,click,01/08/2026 1:33
254,10,click,01/08/2026 2:10
254,19,add_to_cart,01/08/2026 3:26
254,19,purchase,01/08/2026 5:36
254,19,view,01/08/2026 6:31
254,19,view,01/08/2026 7:52
254,19,view,01/08/2026 10:27
254,28,search,01/08/2026 12:22
254,19,add_to_cart,01/08/2026 12:55
254,34,add_to_cart,01/08/2026 15:37
254,34,purchase,01/08/2026 17:31
254,12,view,01/08/2026 20:06
254,19,update_quantity,01/08/2026 22:15
254,19,update_quantity,01/08/2026 22:30
254,40,view,01/08/2026 23:24
254,40,add_to_cart,01/09/2026 1:32
254,22,add_to_cart,01/09/2026 4:07
254,40,remove_cart,01/09/2026 4:52
254,40,click,01/09/2026 5:20
254,16,search,01/09/2026 5:38
254,40,view,01/09/2026 7:22
254,40,add_to_cart,01/09/2026 8:50
254,48,search,01/09/2026 10:44
254,22,click,01/09/2026 12:05
254,40,view,01/09/2026 14:52
254,46,search,01/09/2026 16:56
254,48,view,01/09/2026 17:43
254,1,view,01/09/2026 19:58
254,43,add_to_cart,01/09/2026 22:23
254,37,click,01/09/2026 22:50
254,2,search,01/09/2026 23:28
254,25,view,01/10/2026 2:06
254,37,add_to_cart,01/10/2026 2:23
254,37,view,01/10/2026 3:08
254,37,view,01/10/2026 5:26
254,1,view,01/10/2026 7:38
254,25,click,01/10/2026 8:45
254,37,purchase,01/10/2026 11:29
254,40,search,01/10/2026 13:33
254,22,remove_cart,01/10/2026 15:15
254,37,add_to_cart,01/10/2026 17:34
254,37,view,01/10/2026 18:38
254,1,click,01/10/2026 21:15
254,29,view,01/10/2026 23:26
254,25,click,01/11/2026 1:34
254,15,add_to_cart,01/11/2026 2:04
254,44,search,01/11/2026 3:33
254,37,click,01/11/2026 4:05
254,29,click,01/11/2026 4:24
254,44,view,01/11/2026 6:50
254,43,update_quantity,01/11/2026 7:45
254,45,click,01/11/2026 10:37
254,44,add_to_cart,01/11/2026 12:46
254,29,view,01/11/2026 15:25
254,14,search,01/11/2026 15:34
254,49,view,01/11/2026 18:28
254,45,view,01/11/2026 20:12
254,28,view,01/11/2026 22:26
254,37,update_quantity,01/11/2026 23:50
254,49,search,01/11/2026 23:58
254,19,rate,01/12/2026 1:23
255,35,search,01/08/2026 4:41
255,35,view,01/08/2026 6:59
255,35,view,01/08/2026 9:41
255,43,view,01/08/2026 9:58
255,35,view,01/08/2026 11:55
255,35,search,01/08/2026 12:15
255,35,view,01/08/2026 13:50
255,35,view,01/08/2026 16:23
255,23,view,01/08/2026 16:30
255,28,add_to_cart,01/08/2026 19:14
255,28,update_quantity,01/08/2026 21:32
255,28,update_quantity,01/08/2026 23:09
255,39,search,01/09/2026 0:31
255,28,view,01/09/2026 3:30
255,48,view,01/09/2026 6:24
255,23,search,01/09/2026 9:05
255,28,add_to_cart,01/09/2026 10:12
255,28,view,01/09/2026 13:08
255,23,add_to_cart,01/09/2026 14:40
255,46,add_to_cart,01/09/2026 15:49
255,28,purchase,01/09/2026 16:37
255,44,search,01/09/2026 18:22
255,46,click,01/09/2026 20:20
255,44,view,01/09/2026 22:16
255,28,add_to_cart,01/09/2026 23:26
255,46,view,01/10/2026 0:10
255,32,click,01/10/2026 1:06
255,3,search,01/10/2026 2:21
255,28,rate,01/10/2026 2:29
255,46,purchase,01/10/2026 3:43
255,27,view,01/10/2026 6:39
255,17,search,01/10/2026 7:35
255,38,view,01/10/2026 8:26
255,23,update_quantity,01/10/2026 9:19
255,9,search,01/10/2026 11:25
255,9,click,01/10/2026 13:56
255,17,view,01/10/2026 14:19
255,18,view,01/10/2026 14:36
255,45,click,01/10/2026 17:20
255,23,view,01/10/2026 17:31
255,36,add_to_cart,01/10/2026 18:22
255,14,add_to_cart,01/10/2026 20:43
255,28,search,01/10/2026 22:06
255,14,click,01/11/2026 0:58
255,3,search,01/11/2026 2:51
255,14,click,01/11/2026 3:43
255,14,click,01/11/2026 6:06
255,14,purchase,01/11/2026 8:05
255,33,view,01/11/2026 8:57
255,30,view,01/11/2026 11:30
255,28,add_to_cart,01/11/2026 12:44
255,23,purchase,01/11/2026 13:11
255,14,search,01/11/2026 14:23
255,19,search,01/11/2026 15:03
255,25,view,01/11/2026 16:03
255,46,click,01/11/2026 18:29
255,23,click,01/11/2026 18:44
255,21,search,01/11/2026 19:38
255,23,click,01/11/2026 21:02
255,18,view,01/11/2026 21:26
255,8,search,01/11/2026 23:09
255,23,add_to_cart,01/12/2026 1:02
256,5,view,11/12/2025 23:15
256,2,click,11/13/2025 2:12
256,2,add_to_cart,11/13/2025 3:57
256,2,add_to_cart,11/13/2025 6:23
256,8,add_to_cart,11/13/2025 7:15
256,2,click,11/13/2025 9:18
256,2,remove_cart,11/13/2025 12:18
256,2,view,11/13/2025 12:22
256,8,update_quantity,11/13/2025 12:41
256,8,view,11/13/2025 13:24
256,2,click,11/13/2025 15:46
256,8,view,11/13/2025 17:33
256,1,view,11/13/2025 19:13
256,2,click,11/13/2025 20:52
256,8,click,11/13/2025 22:47
256,47,view,11/14/2025 1:02
256,8,purchase,11/14/2025 2:55
256,8,view,11/14/2025 3:55
256,2,click,11/14/2025 4:41
256,2,click,11/14/2025 6:12
256,16,click,11/14/2025 6:26
256,8,add_to_cart,11/14/2025 7:02
256,11,view,11/14/2025 8:22
256,8,view,11/14/2025 9:46
256,8,update_quantity,11/14/2025 10:41
256,2,view,11/14/2025 10:54
256,35,click,11/14/2025 11:33
256,40,add_to_cart,11/14/2025 13:59
256,16,view,11/14/2025 14:26
256,8,view,11/14/2025 14:33
256,40,update_quantity,11/14/2025 15:19
256,10,view,11/14/2025 17:58
256,40,purchase,11/14/2025 19:55
256,37,search,11/14/2025 20:19
256,18,view,11/14/2025 22:13
256,18,search,11/15/2025 1:07
256,33,view,11/15/2025 1:30
256,43,add_to_cart,11/15/2025 2:54
256,8,rate,11/15/2025 3:54
256,9,search,11/15/2025 4:43
256,8,update_quantity,11/15/2025 6:39
256,43,purchase,11/15/2025 7:27
256,3,view,11/15/2025 8:28
256,8,update_quantity,11/15/2025 11:18
256,8,click,11/15/2025 11:39
256,30,search,11/15/2025 14:17
256,8,view,11/15/2025 15:43
256,8,remove_cart,11/15/2025 17:51
256,42,view,11/15/2025 20:23
256,8,view,11/15/2025 21:06
256,28,search,11/15/2025 21:58
256,5,search,11/16/2025 0:59
256,45,click,11/16/2025 2:02
256,41,search,11/16/2025 4:05
256,12,add_to_cart,11/16/2025 4:57
256,5,click,11/16/2025 5:59
256,9,view,11/16/2025 8:36
256,22,search,11/16/2025 11:21
256,41,view,11/16/2025 14:13
256,6,add_to_cart,11/16/2025 15:38
256,12,purchase,11/16/2025 17:46
256,5,view,11/16/2025 19:36
256,6,update_quantity,11/16/2025 22:31
256,15,search,11/16/2025 23:10
256,41,search,11/16/2025 23:48
256,30,view,11/17/2025 1:20
256,15,view,11/17/2025 3:30
256,15,add_to_cart,11/17/2025 5:56
256,16,add_to_cart,11/17/2025 7:44
256,16,click,11/17/2025 8:21
256,15,view,11/17/2025 10:23
256,31,view,11/17/2025 12:17
256,21,search,11/17/2025 13:29
256,4,click,11/17/2025 13:42
257,44,add_to_cart,12/19/2025 6:55
257,15,click,12/19/2025 7:49
257,11,search,12/19/2025 10:30
257,11,click,12/19/2025 12:04
257,11,add_to_cart,12/19/2025 14:38
257,8,view,12/19/2025 14:42
257,33,search,12/19/2025 15:40
257,11,update_quantity,12/19/2025 17:02
257,11,click,12/19/2025 18:29
257,1,view,12/19/2025 18:37
257,11,click,12/19/2025 19:17
257,31,click,12/19/2025 19:57
257,49,search,12/19/2025 21:26
257,31,view,12/19/2025 21:55
257,12,search,12/20/2025 0:32
257,44,remove_cart,12/20/2025 2:52
257,15,view,12/20/2025 5:29
257,44,view,12/20/2025 7:32
257,29,view,12/20/2025 9:37
257,12,search,12/20/2025 11:23
257,3,add_to_cart,12/20/2025 12:50
257,31,add_to_cart,12/20/2025 14:51
257,11,update_quantity,12/20/2025 16:58
257,22,search,12/20/2025 19:45
257,40,view,12/20/2025 20:25
257,22,view,12/20/2025 20:56
257,16,view,12/20/2025 21:09
257,12,view,12/20/2025 23:20
257,40,view,12/21/2025 0:24
257,12,view,12/21/2025 1:24
257,25,search,12/21/2025 3:37
257,5,search,12/21/2025 4:26
257,11,view,12/21/2025 6:24
257,5,add_to_cart,12/21/2025 6:55
257,11,purchase,12/21/2025 7:07
257,5,click,12/21/2025 8:48
257,40,view,12/21/2025 9:55
257,11,rate,12/21/2025 12:24
257,3,purchase,12/21/2025 13:45
257,3,rate,12/21/2025 14:36
257,26,search,12/21/2025 14:56
257,28,view,12/21/2025 15:26
257,5,view,12/21/2025 17:10
257,31,update_quantity,12/21/2025 17:21
257,39,search,12/21/2025 19:02
257,26,click,12/21/2025 19:43
257,5,remove_cart,12/21/2025 21:43
257,47,click,12/21/2025 23:30
257,48,search,12/22/2025 1:16
257,14,add_to_cart,12/22/2025 3:59
257,25,view,12/22/2025 4:16
257,25,view,12/22/2025 6:43
257,42,search,12/22/2025 8:28
257,48,view,12/22/2025 10:24
257,42,view,12/22/2025 11:45
257,12,search,12/22/2025 11:50
257,31,view,12/22/2025 14:49
257,42,click,12/22/2025 17:41
257,42,add_to_cart,12/22/2025 20:06
258,15,view,11/21/2025 9:28
258,24,view,11/21/2025 12:14
258,2,search,11/21/2025 14:22
258,2,view,11/21/2025 16:17
258,31,click,11/21/2025 17:50
258,2,click,11/21/2025 20:18
258,2,add_to_cart,11/21/2025 20:30
258,36,view,11/21/2025 23:05
258,34,view,11/22/2025 0:21
258,2,purchase,11/22/2025 2:21
258,36,add_to_cart,11/22/2025 5:07
258,36,purchase,11/22/2025 5:21
258,31,view,11/22/2025 5:23
258,11,search,11/22/2025 8:17
258,9,search,11/22/2025 11:10
258,49,click,11/22/2025 12:44
258,11,view,11/22/2025 15:41
258,38,click,11/22/2025 16:45
258,23,search,11/22/2025 17:44
258,21,view,11/22/2025 19:35
258,21,search,11/22/2025 20:37
258,38,click,11/22/2025 23:02
258,31,search,11/23/2025 1:34
258,48,view,11/23/2025 3:12
258,11,view,11/23/2025 4:01
258,33,search,11/23/2025 6:05
258,27,search,11/23/2025 9:03
258,33,click,11/23/2025 9:09
258,40,view,11/23/2025 11:36
258,30,add_to_cart,11/23/2025 12:20
258,4,add_to_cart,11/23/2025 13:30
258,27,click,11/23/2025 14:42
258,33,view,11/23/2025 15:21
258,4,remove_cart,11/23/2025 17:36
258,4,click,11/23/2025 19:45
258,4,view,11/23/2025 22:14
258,4,view,11/23/2025 22:49
258,6,view,11/24/2025 0:14
258,18,add_to_cart,11/24/2025 3:04
258,5,search,11/24/2025 4:58
258,18,purchase,11/24/2025 7:09
258,30,update_quantity,11/24/2025 9:38
258,11,add_to_cart,11/24/2025 11:44
258,12,search,11/24/2025 13:54
258,6,click,11/24/2025 16:41
258,41,view,11/24/2025 17:07
258,36,rate,11/24/2025 18:27
259,26,add_to_cart,01/24/2026 7:36
259,26,add_to_cart,01/24/2026 7:41
259,26,click,01/24/2026 8:55
259,26,view,01/24/2026 9:23
259,26,click,01/24/2026 11:18
259,39,view,01/24/2026 11:43
259,26,click,01/24/2026 13:23
259,40,click,01/24/2026 15:50
259,26,update_quantity,01/24/2026 17:58
259,26,click,01/24/2026 18:14
259,26,add_to_cart,01/24/2026 18:31
259,40,click,01/24/2026 19:20
259,26,add_to_cart,01/24/2026 21:02
259,26,view,01/24/2026 23:02
259,26,update_quantity,01/24/2026 23:12
259,15,search,01/24/2026 23:19
259,7,search,01/25/2026 0:23
259,26,update_quantity,01/25/2026 2:03
259,40,view,01/25/2026 2:20
259,44,view,01/25/2026 2:45
259,26,add_to_cart,01/25/2026 4:32
259,26,purchase,01/25/2026 7:26
259,26,add_to_cart,01/25/2026 10:11
259,6,search,01/25/2026 12:01
259,15,view,01/25/2026 12:52
259,49,search,01/25/2026 13:49
259,35,add_to_cart,01/25/2026 15:36
259,35,view,01/25/2026 15:53
259,26,remove_cart,01/25/2026 17:38
259,18,click,01/25/2026 19:48
259,26,add_to_cart,01/25/2026 22:29
259,35,purchase,01/26/2026 1:24
259,3,search,01/26/2026 3:45
259,35,click,01/26/2026 6:03
259,35,search,01/26/2026 6:30
259,26,update_quantity,01/26/2026 7:28
259,3,view,01/26/2026 8:16
259,26,remove_cart,01/26/2026 10:36
259,32,search,01/26/2026 12:38
259,32,click,01/26/2026 13:00
259,23,add_to_cart,01/26/2026 14:44
259,24,add_to_cart,01/26/2026 16:12
259,24,view,01/26/2026 17:51
259,23,click,01/26/2026 20:24
259,3,view,01/26/2026 21:15
259,23,update_quantity,01/26/2026 21:20
259,42,search,01/26/2026 23:42
259,23,view,01/27/2026 1:33
259,35,rate,01/27/2026 3:57
259,10,view,01/27/2026 5:55
259,35,click,01/27/2026 6:48
259,26,rate,01/27/2026 6:50
259,26,click,01/27/2026 7:13
259,24,purchase,01/27/2026 7:32
260,17,view,03/02/2026 14:10
260,17,add_to_cart,03/02/2026 15:45
260,17,update_quantity,03/02/2026 18:18
260,17,add_to_cart,03/02/2026 20:27
260,10,add_to_cart,03/02/2026 21:23
260,10,purchase,03/03/2026 0:09
260,41,search,03/03/2026 1:41
260,17,purchase,03/03/2026 3:12
260,17,click,03/03/2026 4:12
260,17,view,03/03/2026 4:35
260,10,rate,03/03/2026 6:16
260,29,click,03/03/2026 8:13
260,15,search,03/03/2026 9:44
260,8,view,03/03/2026 12:34
260,3,click,03/03/2026 13:04
260,10,view,03/03/2026 13:41
260,10,add_to_cart,03/03/2026 14:18
260,23,view,03/03/2026 15:03
260,10,click,03/03/2026 16:27
260,10,purchase,03/03/2026 19:03
260,12,view,03/03/2026 19:51
260,3,add_to_cart,03/03/2026 20:09
260,23,click,03/03/2026 20:34
260,3,purchase,03/03/2026 22:10
260,23,view,03/03/2026 23:09
260,3,search,03/04/2026 0:12
260,3,click,03/04/2026 0:50
260,6,view,03/04/2026 3:09
260,32,add_to_cart,03/04/2026 5:16
260,32,update_quantity,03/04/2026 5:51
260,3,view,03/04/2026 7:29
260,9,view,03/04/2026 10:13
260,42,search,03/04/2026 10:42
260,32,purchase,03/04/2026 12:16
260,32,rate,03/04/2026 13:05
260,14,view,03/04/2026 14:48
260,2,click,03/04/2026 14:54
260,47,view,03/04/2026 17:25
260,9,click,03/04/2026 20:02
260,33,search,03/04/2026 22:22
260,10,view,03/05/2026 1:03
261,6,view,02/01/2026 21:54
261,6,add_to_cart,02/01/2026 23:33
261,6,update_quantity,02/02/2026 1:58
261,28,search,02/02/2026 4:37
261,28,view,02/02/2026 5:52
261,33,view,02/02/2026 7:18
261,14,search,02/02/2026 9:39
261,46,add_to_cart,02/02/2026 9:56
261,24,search,02/02/2026 12:23
261,28,add_to_cart,02/02/2026 14:11
261,2,search,02/02/2026 15:27
261,38,add_to_cart,02/02/2026 17:43
261,14,click,02/02/2026 17:54
261,14,click,02/02/2026 19:44
261,46,view,02/02/2026 21:38
261,24,click,02/03/2026 0:19
261,1,search,02/03/2026 1:58
261,12,add_to_cart,02/03/2026 2:44
261,10,view,02/03/2026 3:41
261,24,view,02/03/2026 4:59
261,46,add_to_cart,02/03/2026 6:52
261,46,click,02/03/2026 9:07
261,4,search,02/03/2026 11:50
261,46,add_to_cart,02/03/2026 12:52
261,1,view,02/03/2026 15:23
261,2,search,02/03/2026 16:59
261,2,view,02/03/2026 18:31
261,6,remove_cart,02/03/2026 19:00
261,7,click,02/03/2026 20:19
261,44,add_to_cart,02/03/2026 20:57
261,38,add_to_cart,02/03/2026 22:08
261,2,add_to_cart,02/04/2026 0:06
261,10,search,02/04/2026 3:00
261,25,view,02/04/2026 3:13
261,38,view,02/04/2026 5:11
261,14,view,02/04/2026 7:11
261,25,search,02/04/2026 8:11
261,10,view,02/04/2026 9:15
261,28,remove_cart,02/04/2026 12:05
261,18,search,02/04/2026 12:15
261,20,search,02/04/2026 14:27
261,41,search,02/04/2026 17:17
261,12,update_quantity,02/04/2026 18:35
261,41,view,02/04/2026 21:29
261,8,search,02/04/2026 22:49
261,18,add_to_cart,02/05/2026 0:08
261,41,view,02/05/2026 2:04
261,12,view,02/05/2026 3:02
261,27,search,02/05/2026 4:09
261,31,add_to_cart,02/05/2026 4:42
261,14,search,02/05/2026 7:10
261,2,click,02/05/2026 8:00
261,1,add_to_cart,02/05/2026 8:44
261,27,search,02/05/2026 10:28
261,1,add_to_cart,02/05/2026 11:53
261,31,click,02/05/2026 13:10
261,1,click,02/05/2026 13:26
261,1,update_quantity,02/05/2026 14:52
261,12,add_to_cart,02/05/2026 17:02
261,1,view,02/05/2026 17:46
261,46,remove_cart,02/05/2026 18:49
261,29,search,02/05/2026 21:35
261,39,view,02/05/2026 22:41
261,1,view,02/06/2026 1:18
261,22,add_to_cart,02/06/2026 2:42
261,39,add_to_cart,02/06/2026 5:06
261,39,click,02/06/2026 7:27
261,39,add_to_cart,02/06/2026 7:56
261,1,add_to_cart,02/06/2026 8:26
261,36,click,02/06/2026 11:14
261,1,click,02/06/2026 13:44
261,18,view,02/06/2026 15:49
262,36,click,01/27/2026 10:07
262,33,search,01/27/2026 10:31
262,20,view,01/27/2026 12:17
262,36,click,01/27/2026 14:41
262,36,view,01/27/2026 17:12
262,17,view,01/27/2026 19:02
262,10,search,01/27/2026 20:01
262,36,add_to_cart,01/27/2026 21:20
262,17,search,01/27/2026 22:20
262,17,view,01/27/2026 23:34
262,36,view,01/28/2026 1:28
262,36,remove_cart,01/28/2026 3:46
262,47,search,01/28/2026 3:52
262,24,add_to_cart,01/28/2026 6:49
262,24,update_quantity,01/28/2026 9:09
262,29,click,01/28/2026 10:24
262,47,search,01/28/2026 11:32
262,24,update_quantity,01/28/2026 13:43
262,24,view,01/28/2026 14:51
262,24,update_quantity,01/28/2026 16:44
262,32,click,01/28/2026 19:40
262,24,click,01/28/2026 21:48
262,33,click,01/28/2026 23:14
262,24,view,01/28/2026 23:55
262,24,purchase,01/29/2026 0:02
262,24,rate,01/29/2026 0:56
262,24,view,01/29/2026 3:25
262,5,search,01/29/2026 5:11
262,48,search,01/29/2026 6:01
262,33,add_to_cart,01/29/2026 8:33
262,29,search,01/29/2026 9:03
262,8,click,01/29/2026 9:24
262,23,search,01/29/2026 10:48
262,50,click,01/29/2026 13:03
262,8,click,01/29/2026 15:18
262,33,update_quantity,01/29/2026 16:34
262,8,view,01/29/2026 19:28
262,3,add_to_cart,01/29/2026 20:10
262,25,click,01/29/2026 23:03
262,33,remove_cart,01/29/2026 23:25
262,25,add_to_cart,01/30/2026 0:03
262,3,view,01/30/2026 2:54
262,25,purchase,01/30/2026 4:24
262,28,click,01/30/2026 6:58
262,34,view,01/30/2026 7:31
262,25,add_to_cart,01/30/2026 8:35
262,25,update_quantity,01/30/2026 11:03
262,25,add_to_cart,01/30/2026 11:29
262,21,view,01/30/2026 13:52
262,25,remove_cart,01/30/2026 14:17
262,9,search,01/30/2026 17:10
262,25,click,01/30/2026 19:03
262,25,view,01/30/2026 21:06
262,21,add_to_cart,01/30/2026 22:02
262,25,click,01/31/2026 0:14
262,21,update_quantity,01/31/2026 1:49
262,21,purchase,01/31/2026 3:30
262,25,rate,01/31/2026 5:26
262,25,view,01/31/2026 8:19
262,21,add_to_cart,01/31/2026 9:37
262,37,search,01/31/2026 12:01
262,37,add_to_cart,01/31/2026 12:39
263,49,search,11/11/2025 0:32
263,18,search,11/11/2025 1:29
263,18,view,11/11/2025 3:03
263,18,click,11/11/2025 5:18
263,18,view,11/11/2025 8:09
263,33,add_to_cart,11/11/2025 8:43
263,18,add_to_cart,11/11/2025 10:01
263,33,remove_cart,11/11/2025 11:36
263,18,update_quantity,11/11/2025 11:39
263,30,view,11/11/2025 13:21
263,18,purchase,11/11/2025 14:49
263,1,search,11/11/2025 15:48
263,33,click,11/11/2025 17:03
263,4,search,11/11/2025 17:22
263,16,click,11/11/2025 18:25
263,1,search,11/11/2025 19:49
263,30,click,11/11/2025 20:28
263,12,search,11/11/2025 23:17
263,18,add_to_cart,11/12/2025 0:33
263,18,update_quantity,11/12/2025 1:39
263,48,search,11/12/2025 3:27
263,4,add_to_cart,11/12/2025 4:53
263,37,view,11/12/2025 6:07
263,16,view,11/12/2025 7:42
263,4,remove_cart,11/12/2025 9:49
263,8,view,11/12/2025 10:38
263,48,view,11/12/2025 12:03
263,7,add_to_cart,11/12/2025 14:10
263,14,click,11/12/2025 15:18
263,7,view,11/12/2025 17:10
263,19,search,11/12/2025 17:14
263,4,view,11/12/2025 18:18
263,48,view,11/12/2025 18:36
263,6,add_to_cart,11/12/2025 18:51
263,25,view,11/12/2025 20:40
263,48,view,11/12/2025 23:02
263,4,add_to_cart,11/13/2025 1:38
263,4,add_to_cart,11/13/2025 3:08
263,6,purchase,11/13/2025 3:54
263,25,search,11/13/2025 6:54
263,34,search,11/13/2025 8:36
263,49,search,11/13/2025 11:06
263,6,click,11/13/2025 12:03
263,39,view,11/13/2025 14:28
263,4,purchase,11/13/2025 17:06
263,4,rate,11/13/2025 18:21
263,6,view,11/13/2025 20:25
263,18,purchase,11/13/2025 22:36
263,18,rate,11/14/2025 0:17
263,49,view,11/14/2025 1:23
263,4,click,11/14/2025 4:19
263,7,update_quantity,11/14/2025 4:34
263,4,click,11/14/2025 6:04
263,4,view,11/14/2025 7:41
263,1,click,11/14/2025 9:14
263,4,click,11/14/2025 10:15
264,16,view,10/28/2025 17:23
264,16,view,10/28/2025 18:38
264,16,click,10/28/2025 20:14
264,16,view,10/28/2025 23:06
264,27,add_to_cart,10/28/2025 23:46
264,27,update_quantity,10/29/2025 0:48
264,16,view,10/29/2025 0:55
264,4,view,10/29/2025 1:11
264,22,search,10/29/2025 2:33
264,14,view,10/29/2025 3:20
264,39,search,10/29/2025 4:16
264,6,click,10/29/2025 5:29
264,27,remove_cart,10/29/2025 8:17
264,35,click,10/29/2025 10:23
264,35,click,10/29/2025 13:15
264,12,click,10/29/2025 15:21
264,22,add_to_cart,10/29/2025 16:32
264,22,update_quantity,10/29/2025 16:48
264,16,search,10/29/2025 19:44
264,3,view,10/29/2025 20:16
264,22,view,10/29/2025 21:22
264,33,search,10/29/2025 23:21
264,16,click,10/30/2025 0:53
264,22,add_to_cart,10/30/2025 2:24
264,33,view,10/30/2025 2:44
264,22,update_quantity,10/30/2025 4:22
264,22,purchase,10/30/2025 5:41
264,49,view,10/30/2025 6:46
264,48,search,10/30/2025 7:45
264,27,view,10/30/2025 8:24
264,49,click,10/30/2025 10:52
264,35,search,10/30/2025 11:28
264,49,view,10/30/2025 12:18
264,25,view,10/30/2025 13:43
264,43,search,10/30/2025 16:00
264,49,click,10/30/2025 18:09
264,25,view,10/30/2025 20:46
264,7,view,10/30/2025 20:57
264,49,add_to_cart,10/30/2025 23:28
264,7,search,10/31/2025 0:56
264,34,view,10/31/2025 2:33
264,49,search,10/31/2025 2:44
264,39,search,10/31/2025 2:53
264,7,click,10/31/2025 3:43
264,39,view,10/31/2025 6:24
264,22,rate,10/31/2025 7:46
264,49,purchase,10/31/2025 8:24
264,29,click,10/31/2025 9:52
264,22,view,10/31/2025 9:56
264,49,click,10/31/2025 12:42
264,22,view,10/31/2025 12:58
264,7,search,10/31/2025 15:30
264,8,view,10/31/2025 15:42
264,22,add_to_cart,10/31/2025 17:35
264,29,add_to_cart,10/31/2025 18:06
264,20,view,10/31/2025 21:02
264,22,view,10/31/2025 23:30
264,22,purchase,11/01/2025 0:06
265,12,view,12/02/2025 20:36
265,8,search,12/02/2025 23:05
265,19,click,12/03/2025 0:45
265,41,search,12/03/2025 2:17
265,3,view,12/03/2025 2:30
265,6,search,12/03/2025 4:05
265,41,click,12/03/2025 6:28
265,12,view,12/03/2025 9:16
265,41,add_to_cart,12/03/2025 11:09
265,41,update_quantity,12/03/2025 12:52
265,1,click,12/03/2025 13:29
265,8,view,12/03/2025 14:44
265,41,view,12/03/2025 15:37
265,8,add_to_cart,12/03/2025 17:11
265,8,purchase,12/03/2025 19:20
265,28,view,12/03/2025 20:46
265,43,search,12/03/2025 22:32
265,48,search,12/04/2025 0:36
265,30,view,12/04/2025 1:55
265,34,search,12/04/2025 3:02
265,41,update_quantity,12/04/2025 3:10
265,20,click,12/04/2025 4:40
265,41,update_quantity,12/04/2025 5:24
265,41,view,12/04/2025 6:35
265,30,click,12/04/2025 6:39
265,43,search,12/04/2025 8:06
265,39,click,12/04/2025 9:09
265,24,click,12/04/2025 10:52
265,3,search,12/04/2025 11:11
265,39,view,12/04/2025 12:08
265,1,click,12/04/2025 14:24
265,27,search,12/04/2025 15:55
265,39,click,12/04/2025 16:24
265,1,view,12/04/2025 16:56
265,45,view,12/04/2025 18:46
266,9,view,12/30/2025 15:26
266,9,view,12/30/2025 15:43
266,11,add_to_cart,12/30/2025 17:10
266,1,search,12/30/2025 17:39
266,48,view,12/30/2025 20:06
266,1,click,12/30/2025 23:03
266,40,add_to_cart,12/31/2025 0:08
266,40,purchase,12/31/2025 2:38
266,9,add_to_cart,12/31/2025 3:27
266,1,click,12/31/2025 4:59
266,9,click,12/31/2025 7:51
266,25,click,12/31/2025 10:02
266,25,view,12/31/2025 10:53
266,9,view,12/31/2025 13:04
266,24,add_to_cart,12/31/2025 14:14
266,25,click,12/31/2025 16:08
266,19,add_to_cart,12/31/2025 17:06
266,1,search,12/31/2025 18:18
266,46,view,12/31/2025 20:18
266,11,search,12/31/2025 21:17
266,19,view,12/31/2025 22:51
266,9,click,12/31/2025 23:15
266,42,click,01/01/2026 1:35
266,42,add_to_cart,01/01/2026 3:12
266,42,update_quantity,01/01/2026 5:13
266,25,search,01/01/2026 5:27
266,25,view,01/01/2026 6:10
266,25,view,01/01/2026 6:25
266,40,click,01/01/2026 7:23
266,47,view,01/01/2026 9:44
266,25,click,01/01/2026 12:23
266,25,view,01/01/2026 14:03
266,25,click,01/01/2026 16:48
266,22,search,01/01/2026 18:48
266,40,rate,01/01/2026 21:01
266,25,view,01/01/2026 21:43
266,35,view,01/01/2026 22:17
266,35,click,01/02/2026 1:11
266,8,search,01/02/2026 2:00
266,40,view,01/02/2026 4:08
266,8,click,01/02/2026 6:21
266,25,click,01/02/2026 8:35
266,19,remove_cart,01/02/2026 9:37
266,35,view,01/02/2026 12:10
266,45,view,01/02/2026 15:11
266,17,search,01/02/2026 15:21
266,45,view,01/02/2026 16:30
266,25,view,01/02/2026 19:17
266,17,click,01/02/2026 19:25
266,47,click,01/02/2026 20:13
266,24,search,01/02/2026 21:21
266,47,view,01/02/2026 23:34
266,1,search,01/03/2026 2:26
266,17,view,01/03/2026 3:52
266,17,click,01/03/2026 4:16
266,26,view,01/03/2026 4:51
266,47,view,01/03/2026 5:12
266,36,view,01/03/2026 5:59
266,23,view,01/03/2026 8:15
266,39,search,01/03/2026 10:06
266,9,purchase,01/03/2026 10:18
266,5,view,01/03/2026 12:29
266,8,click,01/03/2026 13:04
266,8,view,01/03/2026 14:21
266,24,update_quantity,01/03/2026 15:51
266,11,add_to_cart,01/03/2026 18:42
266,29,search,01/03/2026 21:20
266,9,view,01/03/2026 23:41
266,28,view,01/04/2026 0:50
266,29,view,01/04/2026 1:46
266,8,view,01/04/2026 2:57
266,11,purchase,01/04/2026 4:13
267,42,click,11/29/2025 19:31
267,15,search,11/29/2025 21:11
267,21,view,11/29/2025 23:55
267,15,view,11/30/2025 1:20
267,42,click,11/30/2025 1:48
267,42,click,11/30/2025 3:13
267,42,add_to_cart,11/30/2025 6:04
267,42,remove_cart,11/30/2025 9:02
267,42,add_to_cart,11/30/2025 11:40
267,42,remove_cart,11/30/2025 13:45
267,42,view,11/30/2025 15:46
267,29,search,11/30/2025 16:56
267,1,view,11/30/2025 19:09
267,6,search,11/30/2025 20:26
267,34,view,11/30/2025 22:56
267,9,search,11/30/2025 23:58
267,42,view,12/01/2025 0:53
267,40,search,12/01/2025 2:35
267,50,search,12/01/2025 4:31
267,34,click,12/01/2025 5:30
267,8,search,12/01/2025 6:55
267,21,view,12/01/2025 9:14
267,48,click,12/01/2025 9:35
267,19,search,12/01/2025 10:06
267,10,view,12/01/2025 10:09
267,34,add_to_cart,12/01/2025 10:28
267,2,search,12/01/2025 13:15
267,19,view,12/01/2025 14:37
267,19,click,12/01/2025 17:06
267,34,update_quantity,12/01/2025 19:54
267,26,search,12/01/2025 22:41
267,34,click,12/01/2025 22:55
267,34,add_to_cart,12/01/2025 23:51
267,19,click,12/02/2025 2:35
267,49,view,12/02/2025 4:59
267,48,view,12/02/2025 7:18
267,34,purchase,12/02/2025 10:11
267,6,view,12/02/2025 12:36
267,48,add_to_cart,12/02/2025 15:04
267,6,click,12/02/2025 16:36
267,34,click,12/02/2025 18:59
267,15,search,12/02/2025 21:48
267,15,click,12/02/2025 23:13
267,34,add_to_cart,12/03/2025 2:02
267,48,remove_cart,12/03/2025 2:21
267,34,purchase,12/03/2025 4:26
267,34,rate,12/03/2025 4:37
267,43,click,12/03/2025 7:27
267,15,view,12/03/2025 9:46
267,34,view,12/03/2025 10:28
267,15,view,12/03/2025 12:23
267,15,view,12/03/2025 15:03
267,9,view,12/03/2025 15:53
267,18,view,12/03/2025 18:53
267,8,click,12/03/2025 21:50
267,10,search,12/03/2025 23:04
267,41,search,12/04/2025 0:11
267,18,view,12/04/2025 3:09
267,18,view,12/04/2025 6:10
267,15,click,12/04/2025 7:35
267,18,add_to_cart,12/04/2025 8:21
267,18,purchase,12/04/2025 11:07
267,18,view,12/04/2025 11:26
267,10,view,12/04/2025 14:26
267,26,click,12/04/2025 15:26
267,19,search,12/04/2025 18:01
267,26,click,12/04/2025 19:17
267,6,add_to_cart,12/04/2025 19:27
267,40,search,12/04/2025 20:59
267,45,view,12/04/2025 22:12
267,48,view,12/04/2025 22:26
267,12,click,12/05/2025 1:23
267,6,update_quantity,12/05/2025 2:30
267,6,add_to_cart,12/05/2025 3:24
267,40,view,12/05/2025 3:47
267,6,view,12/05/2025 5:19
268,35,click,12/15/2025 3:48
268,35,view,12/15/2025 6:46
268,35,click,12/15/2025 7:52
268,35,add_to_cart,12/15/2025 8:47
268,35,purchase,12/15/2025 10:51
268,11,add_to_cart,12/15/2025 11:09
268,25,view,12/15/2025 13:39
268,32,view,12/15/2025 15:23
268,28,search,12/15/2025 16:46
268,15,search,12/15/2025 17:52
268,28,view,12/15/2025 19:47
268,50,view,12/15/2025 22:18
268,14,view,12/15/2025 22:49
268,15,view,12/16/2025 0:42
268,21,search,12/16/2025 2:53
268,15,view,12/16/2025 3:05
268,11,remove_cart,12/16/2025 5:33
268,38,search,12/16/2025 5:36
268,42,add_to_cart,12/16/2025 6:43
268,15,click,12/16/2025 7:48
268,42,click,12/16/2025 10:13
268,42,click,12/16/2025 12:36
268,42,click,12/16/2025 15:05
268,42,click,12/16/2025 16:47
268,42,add_to_cart,12/16/2025 19:07
268,13,search,12/16/2025 21:51
268,39,search,12/17/2025 0:23
268,46,search,12/17/2025 1:03
268,42,update_quantity,12/17/2025 3:21
268,50,view,12/17/2025 3:59
268,35,rate,12/17/2025 6:35
268,42,remove_cart,12/17/2025 8:49
268,42,view,12/17/2025 9:32
268,35,click,12/17/2025 10:59
268,37,add_to_cart,12/17/2025 12:49
268,35,click,12/17/2025 14:07
268,35,click,12/17/2025 16:01
268,37,purchase,12/17/2025 17:25
268,37,view,12/17/2025 19:46
268,35,view,12/17/2025 22:11
268,43,add_to_cart,12/18/2025 0:00
268,37,add_to_cart,12/18/2025 2:08
268,43,view,12/18/2025 5:02
268,43,click,12/18/2025 6:09
268,43,remove_cart,12/18/2025 6:25
268,23,search,12/18/2025 9:24
268,42,search,12/18/2025 11:44
268,43,click,12/18/2025 12:42
268,23,add_to_cart,12/18/2025 13:17
268,49,search,12/18/2025 15:24
268,23,click,12/18/2025 18:08
268,37,update_quantity,12/18/2025 19:20
268,23,add_to_cart,12/18/2025 20:48
268,37,view,12/18/2025 21:35
268,23,update_quantity,12/18/2025 22:52
268,7,search,12/19/2025 0:38
268,37,rate,12/19/2025 2:49
268,16,search,12/19/2025 5:34
268,23,search,12/19/2025 7:04
268,37,update_quantity,12/19/2025 8:00
268,39,view,12/19/2025 10:14
268,17,view,12/19/2025 11:06
268,48,search,12/19/2025 13:31
268,16,click,12/19/2025 15:20
268,48,view,12/19/2025 17:09
268,23,click,12/19/2025 20:08
268,13,view,12/19/2025 22:05
268,37,click,12/20/2025 0:27
268,23,update_quantity,12/20/2025 0:34
268,23,click,12/20/2025 3:05
268,23,click,12/20/2025 4:04
268,40,add_to_cart,12/20/2025 5:43
268,37,update_quantity,12/20/2025 8:34
269,41,view,01/05/2026 6:12
269,20,click,01/05/2026 8:40
269,41,view,01/05/2026 8:49
269,20,view,01/05/2026 9:22
269,23,search,01/05/2026 12:04
269,40,view,01/05/2026 12:22
269,10,click,01/05/2026 13:05
269,17,search,01/05/2026 15:28
269,24,search,01/05/2026 16:56
269,23,click,01/05/2026 18:33
269,23,view,01/05/2026 20:14
269,10,add_to_cart,01/05/2026 23:03
269,10,add_to_cart,01/05/2026 23:13
269,10,purchase,01/06/2026 0:21
269,17,click,01/06/2026 3:18
269,10,rate,01/06/2026 3:36
269,34,click,01/06/2026 4:44
269,10,click,01/06/2026 5:53
269,10,click,01/06/2026 6:54
269,17,view,01/06/2026 8:21
269,25,search,01/06/2026 10:14
269,10,view,01/06/2026 11:00
269,17,click,01/06/2026 13:07
269,47,view,01/06/2026 16:08
269,25,add_to_cart,01/06/2026 16:30
269,36,search,01/06/2026 18:57
269,25,remove_cart,01/06/2026 19:17
269,23,click,01/06/2026 19:51
269,25,view,01/06/2026 21:38
269,25,click,01/06/2026 23:32
269,23,search,01/07/2026 1:55
269,5,add_to_cart,01/07/2026 3:27
269,5,update_quantity,01/07/2026 5:38
269,25,add_to_cart,01/07/2026 7:09
269,25,click,01/07/2026 8:46
269,23,click,01/07/2026 8:48
269,25,update_quantity,01/07/2026 11:40
269,5,add_to_cart,01/07/2026 12:08
269,40,search,01/07/2026 12:14
269,5,add_to_cart,01/07/2026 12:43
269,5,remove_cart,01/07/2026 13:08
269,25,update_quantity,01/07/2026 13:31
269,45,search,01/07/2026 14:55
269,5,click,01/07/2026 16:33
269,32,search,01/07/2026 19:23
269,25,view,01/07/2026 21:01
269,7,search,01/07/2026 23:55
269,7,click,01/08/2026 1:44
269,45,add_to_cart,01/08/2026 2:28
269,25,add_to_cart,01/08/2026 3:15
269,25,update_quantity,01/08/2026 3:22
269,46,search,01/08/2026 6:20
269,19,search,01/08/2026 7:24
269,46,view,01/08/2026 8:51
269,45,update_quantity,01/08/2026 11:34
269,19,add_to_cart,01/08/2026 12:35
269,19,view,01/08/2026 15:32
269,46,add_to_cart,01/08/2026 16:10
269,19,view,01/08/2026 18:46
269,19,view,01/08/2026 20:04
269,46,update_quantity,01/08/2026 20:47
269,19,update_quantity,01/08/2026 22:01
269,19,add_to_cart,01/08/2026 22:49
269,6,search,01/08/2026 22:55
269,21,click,01/09/2026 0:40
269,45,remove_cart,01/09/2026 1:16
269,6,view,01/09/2026 2:39
269,45,view,01/09/2026 2:45
269,29,add_to_cart,01/09/2026 5:13
269,8,view,01/09/2026 7:34
269,40,search,01/09/2026 9:30
269,8,view,01/09/2026 10:43
269,14,add_to_cart,01/09/2026 12:23
269,45,add_to_cart,01/09/2026 15:13
269,19,remove_cart,01/09/2026 16:33
269,19,add_to_cart,01/09/2026 17:30
269,7,search,01/09/2026 17:37
270,13,add_to_cart,11/15/2025 14:33
270,49,click,11/15/2025 15:21
270,7,click,11/15/2025 16:22
270,13,add_to_cart,11/15/2025 18:31
270,13,add_to_cart,11/15/2025 19:37
270,47,search,11/15/2025 20:50
270,13,view,11/15/2025 21:26
270,49,view,11/15/2025 23:06
270,47,view,11/16/2025 0:43
270,13,update_quantity,11/16/2025 0:52
270,13,view,11/16/2025 1:13
270,13,click,11/16/2025 3:13
270,35,search,11/16/2025 4:51
270,13,click,11/16/2025 7:46
270,45,search,11/16/2025 9:49
270,36,search,11/16/2025 11:56
270,13,click,11/16/2025 12:34
270,13,update_quantity,11/16/2025 15:19
270,13,view,11/16/2025 16:37
270,21,search,11/16/2025 16:41
270,31,search,11/16/2025 17:30
270,21,click,11/16/2025 18:16
270,35,search,11/16/2025 19:11
270,31,click,11/16/2025 19:22
270,45,search,11/16/2025 20:58
270,11,click,11/16/2025 23:42
270,13,remove_cart,11/17/2025 1:28
270,36,add_to_cart,11/17/2025 3:20
270,36,remove_cart,11/17/2025 5:39
270,36,click,11/17/2025 5:49
270,13,add_to_cart,11/17/2025 7:15
270,13,purchase,11/17/2025 8:50
270,13,rate,11/17/2025 9:42
270,11,view,11/17/2025 10:06
270,13,view,11/17/2025 10:54
270,11,click,11/17/2025 13:12
270,13,view,11/17/2025 13:32
270,25,view,11/17/2025 13:36
270,13,add_to_cart,11/17/2025 15:14
270,13,update_quantity,11/17/2025 17:28
270,49,search,11/17/2025 19:07
270,2,view,11/17/2025 20:55
270,13,add_to_cart,11/17/2025 23:26
270,32,add_to_cart,11/18/2025 2:26
270,18,click,11/18/2025 2:32
270,32,update_quantity,11/18/2025 4:46
270,2,click,11/18/2025 4:53
270,39,search,11/18/2025 5:01
270,9,search,11/18/2025 6:36
270,44,view,11/18/2025 9:19
270,23,search,11/18/2025 11:00
270,2,view,11/18/2025 12:26
270,32,purchase,11/18/2025 13:24
270,13,purchase,11/18/2025 14:00
270,23,add_to_cart,11/18/2025 15:43
270,9,click,11/18/2025 18:20
270,23,add_to_cart,11/18/2025 21:05
270,30,search,11/18/2025 21:19
270,23,click,11/18/2025 23:46
270,23,view,11/19/2025 2:00
270,35,view,11/19/2025 3:34
270,23,remove_cart,11/19/2025 5:33
270,12,view,11/19/2025 6:31
270,32,rate,11/19/2025 9:26
270,3,view,11/19/2025 10:43
270,32,view,11/19/2025 11:04
270,31,view,11/19/2025 12:28
270,3,view,11/19/2025 14:48
270,35,click,11/19/2025 16:10
270,23,view,11/19/2025 17:27
270,3,view,11/19/2025 18:54
270,47,view,11/19/2025 19:37
270,47,click,11/19/2025 21:43
271,15,click,12/08/2025 1:11
271,36,view,12/08/2025 1:26
271,15,click,12/08/2025 3:53
271,15,view,12/08/2025 5:37
271,15,add_to_cart,12/08/2025 7:14
271,15,view,12/08/2025 7:32
271,15,view,12/08/2025 8:11
271,15,purchase,12/08/2025 10:32
271,15,rate,12/08/2025 12:55
271,15,view,12/08/2025 13:05
271,36,view,12/08/2025 13:12
271,15,add_to_cart,12/08/2025 15:41
271,33,view,12/08/2025 17:53
271,15,purchase,12/08/2025 19:18
271,15,view,12/08/2025 21:05
271,29,view,12/08/2025 23:10
271,35,view,12/09/2025 1:36
271,33,add_to_cart,12/09/2025 2:06
271,15,view,12/09/2025 5:05
271,33,remove_cart,12/09/2025 7:25
271,24,view,12/09/2025 9:03
271,30,click,12/09/2025 10:39
271,7,view,12/09/2025 13:33
271,1,view,12/09/2025 15:07
271,1,add_to_cart,12/09/2025 16:21
271,11,add_to_cart,12/09/2025 16:42
271,1,remove_cart,12/09/2025 17:12
271,40,search,12/09/2025 17:45
271,30,view,12/09/2025 18:52
271,11,purchase,12/09/2025 21:13
271,40,view,12/10/2025 0:07
271,49,click,12/10/2025 2:12
271,40,view,12/10/2025 3:32
271,40,view,12/10/2025 5:32
271,46,search,12/10/2025 6:38
271,49,click,12/10/2025 7:51
271,2,click,12/10/2025 8:18
271,27,search,12/10/2025 10:22
271,46,view,12/10/2025 12:13
271,7,search,12/10/2025 13:27
271,18,search,12/10/2025 15:42
271,13,search,12/10/2025 16:33
271,36,search,12/10/2025 17:06
271,48,search,12/10/2025 19:06
271,7,view,12/10/2025 20:53
271,13,click,12/10/2025 23:42
271,13,view,12/11/2025 2:01
271,13,view,12/11/2025 3:12
271,7,click,12/11/2025 6:01
272,22,click,03/01/2026 22:48
272,22,click,03/02/2026 0:36
272,29,view,03/02/2026 2:38
272,2,add_to_cart,03/02/2026 3:44
272,22,view,03/02/2026 6:33
272,22,add_to_cart,03/02/2026 8:28
272,11,search,03/02/2026 9:39
272,39,view,03/02/2026 9:47
272,29,add_to_cart,03/02/2026 12:10
272,22,update_quantity,03/02/2026 14:35
272,21,view,03/02/2026 17:28
272,4,click,03/02/2026 17:52
272,22,click,03/02/2026 18:37
272,2,purchase,03/02/2026 21:32
272,29,update_quantity,03/03/2026 0:08
272,21,click,03/03/2026 0:34
272,12,search,03/03/2026 3:30
272,22,add_to_cart,03/03/2026 5:14
272,18,view,03/03/2026 5:42
272,4,view,03/03/2026 6:41
272,27,view,03/03/2026 8:21
272,2,click,03/03/2026 10:37
272,22,purchase,03/03/2026 11:02
272,35,search,03/03/2026 13:01
272,1,add_to_cart,03/03/2026 14:02
272,1,view,03/03/2026 16:27
272,4,click,03/03/2026 18:12
272,35,add_to_cart,03/03/2026 20:53
272,46,click,03/03/2026 22:26
272,35,purchase,03/03/2026 23:41
272,1,remove_cart,03/04/2026 1:59
272,31,search,03/04/2026 2:15
272,29,remove_cart,03/04/2026 5:03
272,4,add_to_cart,03/04/2026 6:41
272,35,view,03/04/2026 6:50
272,4,update_quantity,03/04/2026 8:37
272,28,search,03/04/2026 9:05
272,30,view,03/04/2026 9:43
272,4,purchase,03/04/2026 12:24
272,4,view,03/04/2026 13:50
272,29,click,03/04/2026 16:43
272,47,search,03/04/2026 19:27
272,25,search,03/04/2026 21:52
272,18,search,03/05/2026 0:32
272,25,view,03/05/2026 2:21
272,13,click,03/05/2026 4:31
272,37,click,03/05/2026 4:34
272,42,search,03/05/2026 6:54
272,22,search,03/05/2026 9:36
272,38,view,03/05/2026 9:47
272,42,click,03/05/2026 12:36
272,25,view,03/05/2026 13:28
272,38,click,03/05/2026 15:50
272,13,add_to_cart,03/05/2026 17:25
272,40,view,03/05/2026 19:20
272,13,update_quantity,03/05/2026 22:17
272,42,add_to_cart,03/05/2026 23:30
272,32,click,03/05/2026 23:49
272,24,view,03/06/2026 0:25
272,40,click,03/06/2026 0:41
272,13,remove_cart,03/06/2026 1:39
273,4,view,11/26/2025 13:29
273,4,click,11/26/2025 16:03
273,4,view,11/26/2025 16:37
273,9,search,11/26/2025 17:16
273,9,add_to_cart,11/26/2025 17:24
273,11,search,11/26/2025 18:56
273,9,purchase,11/26/2025 20:14
273,4,click,11/26/2025 21:36
273,11,click,11/26/2025 22:41
273,9,view,11/26/2025 23:55
273,11,click,11/27/2025 2:41
273,11,view,11/27/2025 2:47
273,11,click,11/27/2025 4:41
273,9,add_to_cart,11/27/2025 7:13
273,18,view,11/27/2025 9:13
273,25,click,11/27/2025 9:55
273,7,view,11/27/2025 11:11
273,9,click,11/27/2025 13:18
273,7,click,11/27/2025 13:40
273,11,view,11/27/2025 13:50
273,9,update_quantity,11/27/2025 16:14
273,9,update_quantity,11/27/2025 18:22
273,18,add_to_cart,11/27/2025 20:29
273,49,view,11/27/2025 23:21
273,8,view,11/28/2025 2:22
273,9,view,11/28/2025 5:14
273,7,add_to_cart,11/28/2025 8:07
273,10,search,11/28/2025 10:29
273,18,view,11/28/2025 10:53
273,45,view,11/28/2025 11:57
273,8,view,11/28/2025 14:42
273,10,add_to_cart,11/28/2025 15:08
273,42,add_to_cart,11/28/2025 16:24
273,45,view,11/28/2025 18:06
273,16,view,11/28/2025 19:21
273,18,update_quantity,11/28/2025 19:26
273,45,click,11/28/2025 22:07
273,41,search,11/28/2025 22:44
273,29,view,11/28/2025 22:49
273,16,view,11/29/2025 0:47
273,29,click,11/29/2025 1:07
273,41,view,11/29/2025 3:41
273,18,view,11/29/2025 3:58
273,47,click,11/29/2025 5:08
273,17,search,11/29/2025 6:01
273,8,view,11/29/2025 8:51
273,41,view,11/29/2025 10:27
273,18,add_to_cart,11/29/2025 12:02
273,18,click,11/29/2025 14:29
273,17,search,11/29/2025 15:12
273,41,click,11/29/2025 16:40
273,9,remove_cart,11/29/2025 16:59
273,41,view,11/29/2025 17:49
273,41,view,11/29/2025 18:56
273,41,view,11/29/2025 20:51
273,13,search,11/29/2025 22:00
273,41,view,11/29/2025 22:36
273,17,search,11/29/2025 23:23
273,41,add_to_cart,11/30/2025 2:23
273,7,purchase,11/30/2025 5:24
274,38,search,12/16/2025 0:06
274,30,search,12/16/2025 2:55
274,30,click,12/16/2025 4:56
274,15,click,12/16/2025 7:09
274,38,add_to_cart,12/16/2025 8:27
274,30,add_to_cart,12/16/2025 11:24
274,30,view,12/16/2025 11:37
274,30,click,12/16/2025 14:12
274,39,add_to_cart,12/16/2025 14:19
274,30,remove_cart,12/16/2025 17:10
274,30,view,12/16/2025 18:37
274,30,view,12/16/2025 19:58
274,30,add_to_cart,12/16/2025 20:41
274,30,purchase,12/16/2025 23:26
274,45,view,12/17/2025 1:25
274,30,view,12/17/2025 1:41
274,39,view,12/17/2025 4:15
274,30,click,12/17/2025 5:13
274,30,view,12/17/2025 6:21
274,11,click,12/17/2025 8:18
274,29,view,12/17/2025 9:03
274,30,view,12/17/2025 9:09
274,30,view,12/17/2025 10:51
274,4,search,12/17/2025 12:40
274,39,view,12/17/2025 14:07
274,39,purchase,12/17/2025 14:20
274,3,search,12/17/2025 15:58
274,12,search,12/17/2025 16:08
274,39,view,12/17/2025 17:27
274,36,click,12/17/2025 18:28
274,39,click,12/17/2025 19:24
274,1,search,12/17/2025 22:16
274,13,view,12/17/2025 23:33
274,38,remove_cart,12/18/2025 1:08
274,12,add_to_cart,12/18/2025 1:40
275,5,add_to_cart,01/18/2026 17:27
275,5,purchase,01/18/2026 18:32
275,32,view,01/18/2026 18:44
275,5,view,01/18/2026 18:48
275,22,search,01/18/2026 19:41
275,22,click,01/18/2026 21:56
275,32,view,01/19/2026 0:41
275,32,click,01/19/2026 1:47
275,32,view,01/19/2026 4:28
275,2,search,01/19/2026 6:58
275,5,add_to_cart,01/19/2026 9:30
275,5,remove_cart,01/19/2026 10:00
275,22,view,01/19/2026 10:29
275,38,search,01/19/2026 12:52
275,37,view,01/19/2026 15:37
275,26,view,01/19/2026 16:43
275,9,add_to_cart,01/19/2026 17:23
275,22,view,01/19/2026 18:24
275,3,view,01/19/2026 20:34
275,38,view,01/19/2026 21:17
275,21,view,01/19/2026 22:42
275,37,add_to_cart,01/20/2026 0:47
275,22,add_to_cart,01/20/2026 2:17
275,9,update_quantity,01/20/2026 2:50
275,21,add_to_cart,01/20/2026 4:46
275,22,view,01/20/2026 7:21
275,26,add_to_cart,01/20/2026 7:58
275,22,update_quantity,01/20/2026 8:50
275,21,view,01/20/2026 9:27
275,9,remove_cart,01/20/2026 10:07
275,37,add_to_cart,01/20/2026 11:43
275,4,add_to_cart,01/20/2026 12:49
275,8,add_to_cart,01/20/2026 15:06
275,5,rate,01/20/2026 15:58
275,8,view,01/20/2026 16:16
275,8,update_quantity,01/20/2026 19:00
275,5,view,01/20/2026 21:02
275,34,click,01/20/2026 23:46
275,11,search,01/21/2026 0:23
276,45,view,11/26/2025 21:22
276,45,click,11/26/2025 22:29
276,45,view,11/26/2025 22:48
276,45,view,11/27/2025 0:41
276,41,search,11/27/2025 1:45
276,31,add_to_cart,11/27/2025 3:05
276,40,search,11/27/2025 4:05
276,40,view,11/27/2025 6:15
276,23,add_to_cart,11/27/2025 9:03
276,37,click,11/27/2025 10:39
276,45,view,11/27/2025 12:53
276,28,search,11/27/2025 15:18
276,39,click,11/27/2025 17:57
276,37,click,11/27/2025 18:08
276,37,search,11/27/2025 19:16
276,24,search,11/27/2025 22:10
276,37,view,11/27/2025 22:40
276,6,add_to_cart,11/27/2025 23:34
276,37,click,11/28/2025 1:22
276,37,view,11/28/2025 2:06
276,29,click,11/28/2025 4:56
276,43,search,11/28/2025 6:15
276,37,view,11/28/2025 7:13
276,6,click,11/28/2025 9:05
276,21,search,11/28/2025 9:22
276,10,search,11/28/2025 12:15
276,23,update_quantity,11/28/2025 14:37
276,43,view,11/28/2025 16:46
276,21,click,11/28/2025 19:28
276,40,view,11/28/2025 21:31
276,31,view,11/28/2025 22:58
276,8,click,11/28/2025 23:14
276,31,update_quantity,11/29/2025 0:32
276,8,click,11/29/2025 2:41
276,49,add_to_cart,11/29/2025 4:48
276,16,view,11/29/2025 5:24
276,12,search,11/29/2025 6:10
276,8,click,11/29/2025 7:20
276,33,click,11/29/2025 8:48
276,31,click,11/29/2025 10:24
276,17,search,11/29/2025 11:06
276,33,view,11/29/2025 13:42
276,48,add_to_cart,11/29/2025 14:27
276,11,click,11/29/2025 14:31
276,20,search,11/29/2025 14:50
276,8,click,11/29/2025 16:55
276,28,add_to_cart,11/29/2025 18:37
276,23,purchase,11/29/2025 20:58
276,11,click,11/29/2025 21:18
276,48,view,11/29/2025 21:42
276,31,remove_cart,11/30/2025 0:13
276,34,search,11/30/2025 1:05
276,44,search,11/30/2025 3:29
276,27,click,11/30/2025 5:18
276,7,view,11/30/2025 6:19
276,27,add_to_cart,11/30/2025 6:39
276,10,view,11/30/2025 9:24
276,34,click,11/30/2025 9:33
276,49,update_quantity,11/30/2025 12:21
276,49,purchase,11/30/2025 13:44
276,50,search,11/30/2025 15:06
276,47,click,11/30/2025 17:10
276,35,search,11/30/2025 19:15
276,50,add_to_cart,11/30/2025 21:52
276,8,view,11/30/2025 23:10
277,33,view,02/05/2026 6:57
277,27,add_to_cart,02/05/2026 8:05
277,14,search,02/05/2026 10:05
277,27,purchase,02/05/2026 10:52
277,33,add_to_cart,02/05/2026 11:12
277,40,search,02/05/2026 13:00
277,32,add_to_cart,02/05/2026 13:35
277,11,search,02/05/2026 16:10
277,33,remove_cart,02/05/2026 17:17
277,46,add_to_cart,02/05/2026 19:40
277,27,add_to_cart,02/05/2026 22:37
277,40,add_to_cart,02/06/2026 1:36
277,27,view,02/06/2026 4:20
277,27,add_to_cart,02/06/2026 6:18
277,42,view,02/06/2026 8:10
277,33,view,02/06/2026 10:13
277,19,search,02/06/2026 12:24
277,16,search,02/06/2026 13:48
277,16,view,02/06/2026 14:28
277,33,view,02/06/2026 15:39
277,38,view,02/06/2026 17:42
277,27,update_quantity,02/06/2026 18:19
277,19,click,02/06/2026 19:15
277,16,view,02/06/2026 21:16
277,48,view,02/06/2026 21:49
277,40,purchase,02/06/2026 23:08
277,27,purchase,02/06/2026 23:21
277,8,view,02/07/2026 1:00
277,40,click,02/07/2026 3:42
277,40,add_to_cart,02/07/2026 5:51
277,47,search,02/07/2026 8:04
277,27,view,02/07/2026 9:22
277,18,view,02/07/2026 12:22
277,34,search,02/07/2026 15:14
277,34,view,02/07/2026 16:27
277,28,search,02/07/2026 17:46
277,40,view,02/07/2026 18:29
277,27,click,02/07/2026 18:33
277,28,view,02/07/2026 19:10
277,46,remove_cart,02/07/2026 19:19
277,34,click,02/07/2026 19:45
277,34,view,02/07/2026 20:13
277,40,purchase,02/07/2026 22:53
277,28,add_to_cart,02/08/2026 1:39
277,40,view,02/08/2026 1:45
277,23,search,02/08/2026 2:34
277,40,view,02/08/2026 2:44
277,32,purchase,02/08/2026 3:51
277,34,view,02/08/2026 4:36
277,48,view,02/08/2026 4:48
277,10,view,02/08/2026 5:51
277,32,rate,02/08/2026 7:35
277,7,search,02/08/2026 9:45
277,25,search,02/08/2026 11:32
277,12,search,02/08/2026 13:52
277,48,view,02/08/2026 15:59
278,23,search,11/17/2025 18:34
278,23,view,11/17/2025 19:22
278,46,search,11/17/2025 20:00
278,23,click,11/17/2025 22:29
278,23,add_to_cart,11/18/2025 0:11
278,23,update_quantity,11/18/2025 0:49
278,23,purchase,11/18/2025 2:19
278,35,click,11/18/2025 2:45
278,23,add_to_cart,11/18/2025 4:34
278,23,click,11/18/2025 5:44
278,23,remove_cart,11/18/2025 6:20
278,41,click,11/18/2025 9:13
278,23,add_to_cart,11/18/2025 11:43
278,23,view,11/18/2025 14:14
278,15,search,11/18/2025 15:38
278,23,add_to_cart,11/18/2025 17:26
278,41,search,11/18/2025 19:27
278,41,add_to_cart,11/18/2025 22:07
278,17,view,11/19/2025 0:36
278,23,remove_cart,11/19/2025 3:01
278,17,click,11/19/2025 4:26
278,41,remove_cart,11/19/2025 7:15
278,23,rate,11/19/2025 8:46
278,23,click,11/19/2025 10:22
278,50,search,11/19/2025 10:33
278,40,view,11/19/2025 12:13
278,23,click,11/19/2025 14:49
278,40,view,11/19/2025 16:48
278,23,view,11/19/2025 18:25
278,28,view,11/19/2025 21:05
278,28,view,11/19/2025 22:29
278,30,search,11/20/2025 1:06
278,40,view,11/20/2025 2:23
278,27,view,11/20/2025 2:42
278,18,add_to_cart,11/20/2025 2:57
278,23,click,11/20/2025 4:17
278,30,add_to_cart,11/20/2025 5:20
278,18,purchase,11/20/2025 8:09
278,30,update_quantity,11/20/2025 8:12
278,50,view,11/20/2025 8:54
278,47,search,11/20/2025 9:52
278,50,search,11/20/2025 10:22
278,30,add_to_cart,11/20/2025 12:55
278,50,click,11/20/2025 15:15
278,50,view,11/20/2025 16:51
278,30,remove_cart,11/20/2025 17:04
278,18,rate,11/20/2025 17:56
278,50,click,11/20/2025 18:03
278,16,click,11/20/2025 18:54
278,35,search,11/20/2025 19:43
278,8,click,11/20/2025 21:53
278,35,add_to_cart,11/20/2025 23:21
278,35,purchase,11/21/2025 2:10
278,16,search,11/21/2025 4:07
278,16,click,11/21/2025 6:15
278,16,view,11/21/2025 6:48
278,33,search,11/21/2025 9:36
278,33,view,11/21/2025 9:46
278,8,view,11/21/2025 11:59
278,16,click,11/21/2025 13:52
278,15,search,11/21/2025 14:12
278,33,click,11/21/2025 15:11
279,34,click,11/24/2025 0:04
279,1,search,11/24/2025 2:11
279,1,click,11/24/2025 3:12
279,32,click,11/24/2025 5:07
279,2,search,11/24/2025 6:05
279,35,search,11/24/2025 7:19
279,2,click,11/24/2025 8:07
279,32,click,11/24/2025 10:48
279,41,click,11/24/2025 13:08
279,40,search,11/24/2025 15:47
279,5,search,11/24/2025 17:31
279,49,view,11/24/2025 20:07
279,37,view,11/24/2025 20:15
279,40,add_to_cart,11/24/2025 20:31
279,17,search,11/24/2025 22:19
279,17,view,11/24/2025 23:25
279,40,update_quantity,11/25/2025 1:20
279,13,search,11/25/2025 4:11
279,40,update_quantity,11/25/2025 4:31
279,40,remove_cart,11/25/2025 7:09
279,50,click,11/25/2025 8:54
279,17,search,11/25/2025 11:10
279,17,view,11/25/2025 11:57
279,40,click,11/25/2025 13:06
279,3,click,11/25/2025 14:02
279,41,search,11/25/2025 16:57
279,20,search,11/25/2025 19:29
279,29,click,11/25/2025 20:02
279,43,add_to_cart,11/25/2025 22:39
279,43,update_quantity,11/26/2025 1:13
279,43,remove_cart,11/26/2025 2:26
279,40,view,11/26/2025 4:45
279,10,view,11/26/2025 6:54
279,20,click,11/26/2025 7:17
279,10,view,11/26/2025 9:47
279,19,add_to_cart,11/26/2025 12:14
279,43,view,11/26/2025 14:09
279,20,add_to_cart,11/26/2025 15:33
279,40,view,11/26/2025 16:26
279,20,update_quantity,11/26/2025 17:13
280,27,click,02/27/2026 21:50
280,11,search,02/28/2026 0:12
280,11,add_to_cart,02/28/2026 1:15
280,11,view,02/28/2026 3:48
280,3,click,02/28/2026 5:52
280,32,view,02/28/2026 8:44
280,25,click,02/28/2026 11:43
280,11,add_to_cart,02/28/2026 14:10
280,11,purchase,02/28/2026 16:55
280,11,click,02/28/2026 19:31
280,25,add_to_cart,02/28/2026 20:37
280,25,update_quantity,02/28/2026 22:26
280,25,purchase,03/01/2026 0:09
280,19,search,03/01/2026 0:24
280,25,click,03/01/2026 1:32
280,25,click,03/01/2026 2:31
280,11,click,03/01/2026 5:16
280,25,view,03/01/2026 6:39
280,31,click,03/01/2026 8:44
280,28,click,03/01/2026 10:47
280,25,view,03/01/2026 13:21
280,48,view,03/01/2026 14:47
280,25,click,03/01/2026 16:19
280,5,search,03/01/2026 16:23
280,5,click,03/01/2026 16:38
280,43,click,03/01/2026 17:32
280,40,view,03/01/2026 19:08
280,45,view,03/01/2026 21:27
280,48,add_to_cart,03/01/2026 23:28
280,45,view,03/01/2026 23:55
280,40,add_to_cart,03/02/2026 2:28
280,45,view,03/02/2026 4:33
280,14,view,03/02/2026 5:22
280,48,add_to_cart,03/02/2026 6:02
280,38,view,03/02/2026 7:40
280,40,view,03/02/2026 9:09
280,41,view,03/02/2026 11:50
280,42,search,03/02/2026 12:40
280,48,update_quantity,03/02/2026 12:52
280,22,search,03/02/2026 13:35
280,48,click,03/02/2026 14:41
280,41,click,03/02/2026 16:46
280,48,view,03/02/2026 18:13
280,40,update_quantity,03/02/2026 19:48
280,33,search,03/02/2026 20:52
280,50,add_to_cart,03/02/2026 21:01
280,50,update_quantity,03/02/2026 21:35
280,20,view,03/02/2026 23:29
280,48,view,03/03/2026 0:28
280,37,view,03/03/2026 2:30
280,40,update_quantity,03/03/2026 4:56
280,50,view,03/03/2026 6:07
280,40,click,03/03/2026 7:51
280,47,search,03/03/2026 8:39
280,40,view,03/03/2026 10:37
280,40,view,03/03/2026 11:46
280,50,purchase,03/03/2026 13:29
280,48,update_quantity,03/03/2026 14:46
280,48,add_to_cart,03/03/2026 16:27
280,48,click,03/03/2026 18:37
280,8,search,03/03/2026 21:00
280,40,purchase,03/03/2026 21:59
280,48,purchase,03/04/2026 0:06
280,12,add_to_cart,03/04/2026 1:39
280,33,view,03/04/2026 3:32
280,10,view,03/04/2026 5:36
280,1,search,03/04/2026 7:52
281,46,view,11/11/2025 12:53
281,39,search,11/11/2025 14:49
281,46,view,11/11/2025 17:38
281,45,add_to_cart,11/11/2025 19:52
281,40,view,11/11/2025 20:36
281,33,view,11/11/2025 23:20
281,46,view,11/12/2025 1:33
281,35,click,11/12/2025 3:23
281,8,view,11/12/2025 5:02
281,2,view,11/12/2025 7:31
281,45,update_quantity,11/12/2025 8:30
281,45,add_to_cart,11/12/2025 9:17
281,48,view,11/12/2025 11:29
281,39,search,11/12/2025 11:33
281,13,search,11/12/2025 14:25
281,2,view,11/12/2025 15:35
281,45,purchase,11/12/2025 17:41
281,48,add_to_cart,11/12/2025 20:19
281,48,add_to_cart,11/12/2025 23:19
281,23,search,11/13/2025 0:09
281,36,add_to_cart,11/13/2025 1:40
281,48,update_quantity,11/13/2025 3:36
281,36,purchase,11/13/2025 4:36
281,48,add_to_cart,11/13/2025 7:05
281,48,update_quantity,11/13/2025 7:44
281,48,purchase,11/13/2025 10:43
281,33,view,11/13/2025 11:07
281,33,view,11/13/2025 11:13
281,3,search,11/13/2025 13:00
281,22,search,11/13/2025 14:33
281,48,view,11/13/2025 16:02
281,3,view,11/13/2025 18:10
281,12,search,11/13/2025 18:21
281,3,click,11/13/2025 21:01
281,22,click,11/13/2025 22:32
281,16,search,11/13/2025 23:46
281,12,search,11/14/2025 0:39
281,2,add_to_cart,11/14/2025 0:55
281,2,click,11/14/2025 1:27
281,3,view,11/14/2025 4:16
281,12,click,11/14/2025 5:31
281,16,click,11/14/2025 6:04
281,16,click,11/14/2025 7:49
281,2,view,11/14/2025 8:36
281,2,view,11/14/2025 11:23
281,3,view,11/14/2025 14:15
281,25,search,11/14/2025 14:41
281,3,click,11/14/2025 14:46
281,35,search,11/14/2025 15:02
281,25,view,11/14/2025 15:54
281,10,view,11/14/2025 18:26
281,2,search,11/14/2025 20:44
281,3,click,11/14/2025 21:24
281,35,add_to_cart,11/14/2025 23:15
281,46,search,11/15/2025 0:53
281,15,search,11/15/2025 3:45
281,12,search,11/15/2025 5:08
281,2,purchase,11/15/2025 6:58
281,45,rate,11/15/2025 9:09
281,4,add_to_cart,11/15/2025 10:37
281,35,add_to_cart,11/15/2025 13:35
281,49,search,11/15/2025 14:15
281,6,search,11/15/2025 16:28
281,34,add_to_cart,11/15/2025 18:34
281,13,search,11/15/2025 20:21
281,36,click,11/15/2025 22:04
282,45,click,03/06/2026 22:49
282,45,view,03/07/2026 1:21
282,43,click,03/07/2026 3:19
282,11,add_to_cart,03/07/2026 4:45
282,41,search,03/07/2026 4:51
282,43,view,03/07/2026 7:34
282,39,view,03/07/2026 9:31
282,43,search,03/07/2026 9:58
282,39,view,03/07/2026 10:55
282,39,add_to_cart,03/07/2026 12:11
282,39,update_quantity,03/07/2026 13:09
282,11,view,03/07/2026 13:27
282,39,click,03/07/2026 15:30
282,8,search,03/07/2026 16:40
282,8,view,03/07/2026 18:25
282,39,update_quantity,03/07/2026 20:55
282,36,search,03/07/2026 23:37
282,8,view,03/08/2026 0:30
282,34,add_to_cart,03/08/2026 3:21
282,34,update_quantity,03/08/2026 6:09
282,36,click,03/08/2026 6:20
282,39,click,03/08/2026 9:18
282,16,search,03/08/2026 11:48
282,30,search,03/08/2026 12:04
282,2,view,03/08/2026 14:54
282,13,add_to_cart,03/08/2026 16:48
282,43,view,03/08/2026 19:35
282,30,add_to_cart,03/08/2026 21:09
282,39,remove_cart,03/08/2026 23:10
282,16,view,03/09/2026 0:34
282,13,view,03/09/2026 1:05
282,4,view,03/09/2026 1:20
282,18,view,03/09/2026 3:05
282,13,view,03/09/2026 6:06
282,13,click,03/09/2026 8:17
282,16,click,03/09/2026 10:10
282,18,click,03/09/2026 12:25
282,11,update_quantity,03/09/2026 12:28
282,27,click,03/09/2026 15:23
282,4,view,03/09/2026 17:22
282,16,click,03/09/2026 17:57
282,13,view,03/09/2026 18:54
282,50,add_to_cart,03/09/2026 21:36
282,42,search,03/09/2026 23:42
282,50,update_quantity,03/10/2026 1:28
282,34,remove_cart,03/10/2026 2:54
282,50,click,03/10/2026 3:55
282,42,view,03/10/2026 5:07
282,30,purchase,03/10/2026 6:16
282,13,purchase,03/10/2026 6:21
282,50,view,03/10/2026 7:04
282,50,view,03/10/2026 7:50
282,50,purchase,03/10/2026 10:48
282,9,add_to_cart,03/10/2026 13:03
282,50,rate,03/10/2026 14:12
282,26,add_to_cart,03/10/2026 15:04
282,9,purchase,03/10/2026 15:07
282,11,update_quantity,03/10/2026 16:49
282,26,update_quantity,03/10/2026 18:08
282,9,search,03/10/2026 20:40
282,9,view,03/10/2026 21:29
282,29,search,03/10/2026 22:50
282,26,view,03/10/2026 23:26
282,9,click,03/11/2026 2:01
282,8,add_to_cart,03/11/2026 2:46
282,26,click,03/11/2026 3:08
282,43,click,03/11/2026 4:44
283,3,search,02/21/2026 13:30
283,3,view,02/21/2026 13:46
283,7,search,02/21/2026 14:20
283,44,view,02/21/2026 16:22
283,7,click,02/21/2026 19:04
283,44,click,02/21/2026 21:53
283,11,view,02/21/2026 23:14
283,7,click,02/22/2026 2:03
283,38,view,02/22/2026 3:17
283,26,search,02/22/2026 4:05
283,19,view,02/22/2026 5:11
283,25,search,02/22/2026 5:45
283,24,search,02/22/2026 7:11
283,47,search,02/22/2026 8:26
283,7,add_to_cart,02/22/2026 9:57
283,47,view,02/22/2026 11:28
283,25,view,02/22/2026 13:08
283,30,search,02/22/2026 14:18
283,22,click,02/22/2026 14:29
283,30,view,02/22/2026 17:27
283,11,search,02/22/2026 19:33
283,3,view,02/22/2026 20:32
283,7,update_quantity,02/22/2026 22:33
283,47,click,02/22/2026 22:46
283,25,click,02/22/2026 23:59
283,30,view,02/23/2026 0:08
283,25,search,02/23/2026 2:43
283,47,view,02/23/2026 5:27
283,7,purchase,02/23/2026 6:32
283,3,click,02/23/2026 8:59
283,4,view,02/23/2026 10:30
283,3,add_to_cart,02/23/2026 11:28
283,18,click,02/23/2026 12:01
283,7,click,02/23/2026 13:08
283,26,click,02/23/2026 14:15
283,26,add_to_cart,02/23/2026 15:00
283,19,search,02/23/2026 17:26
283,18,click,02/23/2026 17:33
283,8,click,02/23/2026 18:40
283,8,add_to_cart,02/23/2026 21:23
283,8,view,02/23/2026 22:35
283,9,add_to_cart,02/23/2026 23:23
283,8,update_quantity,02/23/2026 23:35
283,26,view,02/24/2026 1:32
283,8,view,02/24/2026 1:53
283,8,click,02/24/2026 2:48
283,48,view,02/24/2026 2:54
283,2,search,02/24/2026 4:58
283,9,update_quantity,02/24/2026 7:22
283,25,view,02/24/2026 9:33
283,3,remove_cart,02/24/2026 10:03
283,3,add_to_cart,02/24/2026 11:07
283,26,update_quantity,02/24/2026 13:20
283,2,click,02/24/2026 15:00
283,36,view,02/24/2026 15:39
283,38,search,02/24/2026 16:56
283,2,view,02/24/2026 18:02
283,8,purchase,02/24/2026 19:09
283,38,add_to_cart,02/24/2026 20:22
283,9,update_quantity,02/24/2026 21:41
283,2,view,02/24/2026 22:33
283,38,view,02/24/2026 22:42
283,43,click,02/25/2026 0:17
283,2,add_to_cart,02/25/2026 2:19
283,8,click,02/25/2026 4:31
284,47,add_to_cart,10/31/2025 0:33
284,47,view,10/31/2025 0:45
284,47,remove_cart,10/31/2025 3:32
284,13,search,10/31/2025 3:52
284,47,click,10/31/2025 4:30
284,19,view,10/31/2025 7:10
284,7,search,10/31/2025 9:06
284,35,add_to_cart,10/31/2025 12:04
284,42,add_to_cart,10/31/2025 13:00
284,41,add_to_cart,10/31/2025 13:07
284,29,search,10/31/2025 13:46
284,2,search,10/31/2025 14:51
284,41,click,10/31/2025 17:10
284,28,search,10/31/2025 17:28
284,41,remove_cart,10/31/2025 19:53
284,26,view,10/31/2025 20:25
284,6,search,10/31/2025 20:34
284,28,click,10/31/2025 22:13
284,35,update_quantity,10/31/2025 23:12
284,35,update_quantity,11/01/2025 1:09
284,26,add_to_cart,11/01/2025 3:27
284,26,view,11/01/2025 5:10
284,19,search,11/01/2025 6:06
284,13,click,11/01/2025 7:56
284,28,add_to_cart,11/01/2025 10:54
284,28,purchase,11/01/2025 11:00
284,28,rate,11/01/2025 12:34
284,24,click,11/01/2025 13:34
284,48,click,11/01/2025 15:27
284,2,search,11/01/2025 16:05
284,11,search,11/01/2025 17:36
284,48,view,11/01/2025 18:09
284,7,search,11/01/2025 20:58
284,48,view,11/01/2025 21:21
284,2,view,11/01/2025 21:32
284,7,click,11/01/2025 22:40
284,11,view,11/02/2025 1:22
284,11,click,11/02/2025 3:15
284,25,search,11/02/2025 4:37
284,35,purchase,11/02/2025 7:37
284,35,rate,11/02/2025 8:01
284,11,add_to_cart,11/02/2025 11:01
284,25,view,11/02/2025 11:38
284,11,view,11/02/2025 11:50
284,11,purchase,11/02/2025 13:55
284,26,update_quantity,11/02/2025 16:37
284,26,update_quantity,11/02/2025 17:56
284,25,view,11/02/2025 20:00
284,20,add_to_cart,11/02/2025 20:43
284,26,click,11/02/2025 22:13
284,7,add_to_cart,11/02/2025 22:47
284,42,purchase,11/03/2025 0:52
284,45,view,11/03/2025 3:14
284,41,view,11/03/2025 5:49
284,30,add_to_cart,11/03/2025 8:30
284,30,update_quantity,11/03/2025 10:29
284,20,add_to_cart,11/03/2025 11:55
284,26,remove_cart,11/03/2025 14:54
284,42,add_to_cart,11/03/2025 16:52
284,42,view,11/03/2025 19:04
284,30,purchase,11/03/2025 20:15
284,30,view,11/03/2025 21:57
284,11,rate,11/03/2025 22:31
284,23,click,11/03/2025 22:56
284,11,view,11/04/2025 1:23
284,42,update_quantity,11/04/2025 2:07
284,23,view,11/04/2025 2:36
284,42,remove_cart,11/04/2025 3:41
285,18,search,01/20/2026 7:45
285,18,view,01/20/2026 10:03
285,25,click,01/20/2026 10:32
285,8,view,01/20/2026 12:27
285,25,add_to_cart,01/20/2026 14:58
285,25,add_to_cart,01/20/2026 16:49
285,25,update_quantity,01/20/2026 18:54
285,25,update_quantity,01/20/2026 21:16
285,25,view,01/20/2026 21:26
285,25,view,01/20/2026 23:42
285,25,add_to_cart,01/21/2026 0:23
285,19,search,01/21/2026 0:33
285,15,click,01/21/2026 3:29
285,30,search,01/21/2026 5:41
285,25,update_quantity,01/21/2026 5:55
285,25,remove_cart,01/21/2026 8:19
285,41,search,01/21/2026 10:23
285,13,search,01/21/2026 11:57
285,8,click,01/21/2026 14:53
285,39,click,01/21/2026 15:44
285,29,add_to_cart,01/21/2026 17:04
285,39,click,01/21/2026 18:49
285,41,add_to_cart,01/21/2026 19:35
285,32,search,01/21/2026 21:18
285,24,search,01/21/2026 22:36
285,29,view,01/22/2026 0:38
285,37,click,01/22/2026 1:46
285,41,purchase,01/22/2026 2:30
285,5,search,01/22/2026 3:20
285,5,view,01/22/2026 4:34
285,41,search,01/22/2026 6:20
285,30,search,01/22/2026 6:44
285,41,view,01/22/2026 7:05
285,21,click,01/22/2026 8:17
285,42,search,01/22/2026 9:57
285,16,search,01/22/2026 12:43
285,21,click,01/22/2026 15:37
285,8,view,01/22/2026 18:18
285,33,view,01/22/2026 19:24
285,12,search,01/22/2026 19:35
285,46,search,01/22/2026 21:16
285,34,click,01/22/2026 23:02
285,29,update_quantity,01/22/2026 23:10
285,29,purchase,01/23/2026 1:42
285,6,search,01/23/2026 2:15
285,11,view,01/23/2026 3:14
285,6,add_to_cart,01/23/2026 3:57
285,34,view,01/23/2026 6:24
285,24,click,01/23/2026 6:51
285,29,add_to_cart,01/23/2026 9:50
285,6,purchase,01/23/2026 12:37
285,23,view,01/23/2026 13:25
285,6,add_to_cart,01/23/2026 13:37
285,43,click,01/23/2026 14:07
285,4,view,01/23/2026 14:17
285,6,click,01/23/2026 15:08
285,4,add_to_cart,01/23/2026 16:24
285,4,view,01/23/2026 18:10
285,4,add_to_cart,01/23/2026 18:49
285,4,view,01/23/2026 21:03
285,8,click,01/23/2026 21:36
286,50,search,01/06/2026 19:32
286,41,view,01/06/2026 22:27
286,1,search,01/07/2026 0:03
286,41,click,01/07/2026 1:47
286,24,view,01/07/2026 2:24
286,1,view,01/07/2026 2:49
286,41,view,01/07/2026 5:45
286,48,click,01/07/2026 8:46
286,38,click,01/07/2026 9:49
286,7,search,01/07/2026 10:09
286,32,search,01/07/2026 11:04
286,38,add_to_cart,01/07/2026 13:39
286,38,purchase,01/07/2026 14:52
286,19,search,01/07/2026 16:15
286,40,click,01/07/2026 18:26
286,19,view,01/07/2026 18:46
286,19,view,01/07/2026 18:54
286,38,rate,01/07/2026 19:27
286,5,view,01/07/2026 20:17
286,13,search,01/07/2026 22:30
286,23,search,01/08/2026 0:11
286,40,view,01/08/2026 2:07
286,5,search,01/08/2026 4:03
286,13,click,01/08/2026 6:01
286,28,search,01/08/2026 7:28
286,41,view,01/08/2026 9:02
286,41,search,01/08/2026 9:22
286,5,view,01/08/2026 10:18
286,13,click,01/08/2026 10:55
286,42,search,01/08/2026 12:48
286,47,search,01/08/2026 14:57
286,5,add_to_cart,01/08/2026 16:52
286,47,search,01/08/2026 19:39
286,42,click,01/08/2026 20:18
286,33,search,01/08/2026 21:04
287,31,add_to_cart,02/02/2026 14:54
287,20,search,02/02/2026 17:54
287,43,search,02/02/2026 18:56
287,27,view,02/02/2026 19:26
287,33,search,02/02/2026 19:54
287,31,update_quantity,02/02/2026 22:09
287,27,view,02/03/2026 0:18
287,42,search,02/03/2026 2:42
287,20,add_to_cart,02/03/2026 5:40
287,18,search,02/03/2026 7:50
287,20,remove_cart,02/03/2026 8:59
287,42,click,02/03/2026 10:29
287,31,click,02/03/2026 12:27
287,31,view,02/03/2026 13:20
287,31,remove_cart,02/03/2026 15:03
287,17,add_to_cart,02/03/2026 15:47
287,18,click,02/03/2026 16:30
287,17,view,02/03/2026 19:15
287,8,search,02/03/2026 21:33
287,37,search,02/03/2026 23:00
287,17,update_quantity,02/04/2026 0:37
287,45,add_to_cart,02/04/2026 2:38
287,31,add_to_cart,02/04/2026 4:05
287,8,view,02/04/2026 5:47
287,13,view,02/04/2026 7:34
287,8,click,02/04/2026 8:31
287,8,view,02/04/2026 8:41
287,8,view,02/04/2026 11:12
287,35,view,02/04/2026 12:40
287,32,click,02/04/2026 13:31
287,31,add_to_cart,02/04/2026 13:35
287,49,view,02/04/2026 16:30
287,19,search,02/04/2026 18:44
287,29,search,02/04/2026 21:10
287,8,view,02/04/2026 23:46
287,32,add_to_cart,02/05/2026 0:06
287,13,search,02/05/2026 0:24
287,32,click,02/05/2026 2:50
288,36,add_to_cart,11/05/2025 14:27
288,40,search,11/05/2025 16:02
288,1,search,11/05/2025 18:02
288,45,view,11/05/2025 19:58
288,36,view,11/05/2025 22:38
288,40,view,11/05/2025 23:23
288,45,search,11/06/2025 2:15
288,4,view,11/06/2025 2:42
288,26,click,11/06/2025 3:25
288,5,view,11/06/2025 5:50
288,38,view,11/06/2025 8:09
288,36,remove_cart,11/06/2025 9:46
288,31,view,11/06/2025 10:24
288,38,click,11/06/2025 12:36
288,17,view,11/06/2025 13:30
288,5,add_to_cart,11/06/2025 15:23
288,17,click,11/06/2025 16:59
288,22,view,11/06/2025 19:31
288,5,purchase,11/06/2025 22:08
288,5,rate,11/07/2025 0:45
288,26,add_to_cart,11/07/2025 3:38
288,47,view,11/07/2025 5:15
288,10,add_to_cart,11/07/2025 6:21
288,34,search,11/07/2025 8:01
288,26,purchase,11/07/2025 9:31
288,47,add_to_cart,11/07/2025 11:08
288,21,search,11/07/2025 13:02
288,10,remove_cart,11/07/2025 16:03
288,10,view,11/07/2025 17:46
288,47,update_quantity,11/07/2025 18:40
288,18,add_to_cart,11/07/2025 21:06
288,6,view,11/07/2025 23:04
288,18,view,11/07/2025 23:38
288,44,add_to_cart,11/08/2025 0:50
288,44,add_to_cart,11/08/2025 2:20
288,18,purchase,11/08/2025 2:26
288,6,view,11/08/2025 3:45
288,6,click,11/08/2025 5:12
288,18,add_to_cart,11/08/2025 5:14
288,18,rate,11/08/2025 6:09
288,24,add_to_cart,11/08/2025 7:40
288,26,rate,11/08/2025 9:57
288,22,click,11/08/2025 11:40
288,24,click,11/08/2025 12:00
288,22,click,11/08/2025 13:52
288,18,click,11/08/2025 15:24
288,24,click,11/08/2025 16:48
288,24,view,11/08/2025 18:39
288,3,view,11/08/2025 19:54
288,22,view,11/08/2025 21:36
288,3,search,11/09/2025 0:18
288,47,purchase,11/09/2025 2:41
288,22,view,11/09/2025 4:29
288,3,click,11/09/2025 6:11
288,27,search,11/09/2025 6:29
288,18,remove_cart,11/09/2025 7:55
288,3,view,11/09/2025 8:30
288,21,view,11/09/2025 11:11
288,41,click,11/09/2025 12:33
288,44,purchase,11/09/2025 14:36
288,24,purchase,11/09/2025 15:50
289,8,view,01/06/2026 9:30
289,41,view,01/06/2026 10:20
289,8,click,01/06/2026 11:04
289,8,view,01/06/2026 13:06
289,12,click,01/06/2026 15:22
289,41,add_to_cart,01/06/2026 17:16
289,24,add_to_cart,01/06/2026 17:33
289,21,click,01/06/2026 19:28
289,12,search,01/06/2026 19:44
289,41,view,01/06/2026 22:17
289,41,view,01/06/2026 23:47
289,41,view,01/07/2026 0:19
289,24,click,01/07/2026 1:55
289,41,view,01/07/2026 3:55
289,28,search,01/07/2026 3:59
289,12,click,01/07/2026 4:01
289,41,click,01/07/2026 6:54
289,24,click,01/07/2026 8:50
289,23,view,01/07/2026 11:39
289,41,view,01/07/2026 13:21
289,23,view,01/07/2026 16:10
289,37,search,01/07/2026 18:24
289,24,purchase,01/07/2026 20:29
289,24,rate,01/07/2026 20:43
289,1,search,01/07/2026 23:13
289,7,search,01/08/2026 0:23
289,37,view,01/08/2026 1:39
289,41,update_quantity,01/08/2026 2:24
289,43,search,01/08/2026 5:14
289,32,view,01/08/2026 5:53
289,1,click,01/08/2026 5:58
289,41,purchase,01/08/2026 7:06
289,43,click,01/08/2026 7:44
289,41,view,01/08/2026 9:54
289,47,search,01/08/2026 11:50
289,5,search,01/08/2026 13:45
289,47,view,01/08/2026 14:04
289,43,search,01/08/2026 15:29
289,41,click,01/08/2026 18:13
289,10,search,01/08/2026 20:35
289,27,click,01/08/2026 21:53
289,9,add_to_cart,01/08/2026 22:57
289,35,click,01/09/2026 0:58
289,6,search,01/09/2026 1:38
289,38,click,01/09/2026 3:59
289,38,view,01/09/2026 5:54
289,38,add_to_cart,01/09/2026 6:17
289,38,remove_cart,01/09/2026 6:57
289,9,purchase,01/09/2026 7:16
289,35,click,01/09/2026 7:40
289,6,click,01/09/2026 9:28
289,9,rate,01/09/2026 10:49
289,35,click,01/09/2026 11:49
289,38,add_to_cart,01/09/2026 14:16
289,41,rate,01/09/2026 16:50
289,35,view,01/09/2026 17:11
289,30,click,01/09/2026 18:49
289,1,click,01/09/2026 21:16
289,35,search,01/09/2026 21:27
289,23,click,01/09/2026 22:06
289,46,click,01/09/2026 23:14
290,21,view,02/22/2026 16:50
290,21,view,02/22/2026 17:18
290,21,view,02/22/2026 20:10
290,21,add_to_cart,02/22/2026 22:01
290,21,purchase,02/22/2026 22:52
290,45,search,02/23/2026 0:04
290,21,view,02/23/2026 2:05
290,21,view,02/23/2026 2:58
290,22,search,02/23/2026 3:07
290,44,view,02/23/2026 3:23
290,45,view,02/23/2026 5:45
290,45,view,02/23/2026 6:58
290,45,click,02/23/2026 9:41
290,46,view,02/23/2026 11:11
290,27,click,02/23/2026 11:15
290,40,search,02/23/2026 12:51
290,42,search,02/23/2026 15:04
290,40,search,02/23/2026 15:49
290,42,click,02/23/2026 15:59
290,45,add_to_cart,02/23/2026 18:40
290,45,purchase,02/23/2026 20:18
290,42,click,02/23/2026 23:14
290,32,search,02/24/2026 0:41
290,12,search,02/24/2026 1:43
290,31,view,02/24/2026 3:33
290,14,search,02/24/2026 5:45
290,42,click,02/24/2026 7:18
290,45,view,02/24/2026 8:55
290,8,view,02/24/2026 10:48
290,20,view,02/24/2026 12:25
290,31,click,02/24/2026 15:20
290,8,add_to_cart,02/24/2026 17:49
290,8,update_quantity,02/24/2026 19:07
290,15,search,02/24/2026 20:41
290,34,search,02/24/2026 20:57
290,39,search,02/24/2026 22:09
290,30,click,02/24/2026 22:15
290,8,remove_cart,02/25/2026 0:30
290,31,view,02/25/2026 3:16
290,26,view,02/25/2026 5:09
290,49,search,02/25/2026 6:48
290,15,view,02/25/2026 8:28
290,50,view,02/25/2026 9:39
290,50,add_to_cart,02/25/2026 10:39
290,28,view,02/25/2026 13:04
290,41,add_to_cart,02/25/2026 13:46
290,50,purchase,02/25/2026 14:50
290,50,add_to_cart,02/25/2026 15:25
290,28,view,02/25/2026 15:42
290,50,view,02/25/2026 16:04
291,43,search,01/17/2026 10:13
291,43,view,01/17/2026 12:28
291,15,search,01/17/2026 14:53
291,47,click,01/17/2026 17:21
291,15,view,01/17/2026 19:58
291,8,click,01/17/2026 20:31
291,36,search,01/17/2026 20:58
291,42,add_to_cart,01/17/2026 23:35
291,43,click,01/18/2026 1:53
291,15,view,01/18/2026 3:20
291,42,update_quantity,01/18/2026 5:06
291,8,click,01/18/2026 5:38
291,34,search,01/18/2026 7:31
291,25,search,01/18/2026 7:41
291,25,add_to_cart,01/18/2026 8:25
291,21,search,01/18/2026 10:47
291,25,view,01/18/2026 12:08
291,25,view,01/18/2026 13:39
291,28,click,01/18/2026 14:28
291,25,purchase,01/18/2026 16:30
291,25,view,01/18/2026 18:45
291,42,search,01/18/2026 19:43
291,38,view,01/18/2026 21:22
291,42,update_quantity,01/18/2026 22:47
291,42,view,01/19/2026 1:18
291,42,purchase,01/19/2026 3:18
291,28,click,01/19/2026 3:33
291,42,view,01/19/2026 6:22
291,25,view,01/19/2026 8:21
291,31,search,01/19/2026 9:29
291,24,add_to_cart,01/19/2026 9:34
291,34,add_to_cart,01/19/2026 11:58
291,7,search,01/19/2026 12:07
291,31,click,01/19/2026 13:23
291,30,view,01/19/2026 15:16
291,25,view,01/19/2026 18:05
291,34,update_quantity,01/19/2026 20:55
291,7,click,01/19/2026 23:07
291,11,click,01/20/2026 2:04
291,34,update_quantity,01/20/2026 4:00
291,39,search,01/20/2026 6:11
291,34,purchase,01/20/2026 7:30
291,10,click,01/20/2026 8:11
291,30,search,01/20/2026 9:29
291,25,search,01/20/2026 12:28
291,36,click,01/20/2026 14:00
292,15,add_to_cart,12/22/2025 8:51
292,44,search,12/22/2025 10:57
292,31,view,12/22/2025 12:40
292,44,view,12/22/2025 14:02
292,31,click,12/22/2025 16:35
292,15,purchase,12/22/2025 17:18
292,15,view,12/22/2025 19:31
292,15,add_to_cart,12/22/2025 21:52
292,15,click,12/23/2025 0:45
292,44,click,12/23/2025 2:36
292,13,view,12/23/2025 3:44
292,31,click,12/23/2025 5:27
292,4,click,12/23/2025 5:44
292,15,view,12/23/2025 6:52
292,4,view,12/23/2025 8:48
292,4,add_to_cart,12/23/2025 10:05
292,28,search,12/23/2025 11:44
292,28,click,12/23/2025 14:09
292,20,add_to_cart,12/23/2025 15:27
292,15,rate,12/23/2025 17:13
292,15,view,12/23/2025 19:35
292,19,search,12/23/2025 19:38
292,31,view,12/23/2025 21:58
292,4,purchase,12/24/2025 0:22
292,41,add_to_cart,12/24/2025 2:24
292,20,remove_cart,12/24/2025 4:58
292,32,view,12/24/2025 5:45
292,31,view,12/24/2025 8:36
292,4,view,12/24/2025 9:10
292,41,purchase,12/24/2025 12:04
292,4,add_to_cart,12/24/2025 13:57
292,41,click,12/24/2025 14:26
292,15,purchase,12/24/2025 14:44
292,4,purchase,12/24/2025 15:05
292,38,search,12/24/2025 15:50
292,30,search,12/24/2025 16:41
292,41,view,12/24/2025 18:35
292,30,click,12/24/2025 19:38
293,41,add_to_cart,10/29/2025 14:22
293,41,click,10/29/2025 15:52
293,41,view,10/29/2025 16:49
293,45,view,10/29/2025 18:04
293,27,add_to_cart,10/29/2025 20:59
293,27,update_quantity,10/29/2025 23:54
293,27,click,10/30/2025 0:22
293,27,view,10/30/2025 3:01
293,31,search,10/30/2025 5:24
293,12,search,10/30/2025 7:56
293,42,search,10/30/2025 10:55
293,27,remove_cart,10/30/2025 13:26
293,25,view,10/30/2025 14:12
293,41,remove_cart,10/30/2025 14:15
293,27,click,10/30/2025 15:31
293,13,add_to_cart,10/30/2025 17:49
293,34,search,10/30/2025 20:06
293,13,view,10/30/2025 20:57
293,44,view,10/30/2025 23:27
293,13,view,10/31/2025 1:38
293,44,view,10/31/2025 3:14
293,27,view,10/31/2025 5:44
293,34,click,10/31/2025 6:24
293,13,update_quantity,10/31/2025 7:13
293,2,search,10/31/2025 8:57
293,13,remove_cart,10/31/2025 11:28
293,44,view,10/31/2025 12:11
293,12,search,10/31/2025 12:52
293,6,add_to_cart,10/31/2025 14:41
293,6,click,10/31/2025 16:17
293,6,add_to_cart,10/31/2025 18:58
293,33,search,10/31/2025 21:01
293,6,remove_cart,10/31/2025 23:52
293,6,view,11/01/2025 1:33
293,21,search,11/01/2025 4:02
293,50,click,11/01/2025 5:34
293,11,click,11/01/2025 7:45
293,6,view,11/01/2025 9:03
293,23,view,11/01/2025 11:52
293,47,view,11/01/2025 14:28
293,17,search,11/01/2025 16:08
293,6,view,11/01/2025 18:17
293,21,view,11/01/2025 20:11
293,17,view,11/01/2025 21:03
293,41,search,11/01/2025 22:42
293,17,click,11/02/2025 0:19
293,14,search,11/02/2025 2:20
293,41,view,11/02/2025 2:59
293,21,search,11/02/2025 5:24
293,17,click,11/02/2025 8:12
293,17,click,11/02/2025 9:23
293,34,add_to_cart,11/02/2025 10:19
293,34,remove_cart,11/02/2025 12:10
293,29,search,11/02/2025 12:27
293,29,click,11/02/2025 14:10
293,2,search,11/02/2025 15:24
293,21,click,11/02/2025 18:18
293,36,click,11/02/2025 19:09
293,29,view,11/02/2025 20:55
293,10,add_to_cart,11/02/2025 21:59
293,29,view,11/03/2025 0:45
293,13,view,11/03/2025 3:05
293,25,search,11/03/2025 5:33
293,44,click,11/03/2025 6:55
293,29,add_to_cart,11/03/2025 9:14
293,29,remove_cart,11/03/2025 11:41
293,10,remove_cart,11/03/2025 13:48
293,29,view,11/03/2025 13:55
293,11,add_to_cart,11/03/2025 16:13
293,11,purchase,11/03/2025 16:47
293,25,view,11/03/2025 17:15
294,13,add_to_cart,11/24/2025 10:03
294,13,view,11/24/2025 11:29
294,13,update_quantity,11/24/2025 13:25
294,13,click,11/24/2025 16:20
294,32,view,11/24/2025 17:02
294,15,click,11/24/2025 17:53
294,15,click,11/24/2025 20:34
294,13,update_quantity,11/24/2025 22:40
294,13,click,11/24/2025 22:48
294,1,click,11/25/2025 1:01
294,32,add_to_cart,11/25/2025 2:15
294,15,view,11/25/2025 3:21
294,1,add_to_cart,11/25/2025 4:45
294,15,view,11/25/2025 6:02
294,8,search,11/25/2025 7:27
294,1,purchase,11/25/2025 7:54
294,23,search,11/25/2025 9:17
294,1,add_to_cart,11/25/2025 9:50
294,7,search,11/25/2025 10:17
294,15,click,11/25/2025 12:03
294,13,remove_cart,11/25/2025 13:44
294,13,add_to_cart,11/25/2025 14:05
294,48,search,11/25/2025 16:49
294,49,search,11/25/2025 19:45
294,29,view,11/25/2025 20:55
294,42,view,11/25/2025 23:33
294,42,search,11/26/2025 0:13
294,28,view,11/26/2025 1:39
294,42,click,11/26/2025 3:06
294,42,view,11/26/2025 4:29
294,29,click,11/26/2025 5:21
294,44,add_to_cart,11/26/2025 5:39
294,29,add_to_cart,11/26/2025 6:19
294,2,search,11/26/2025 9:19
294,27,view,11/26/2025 10:54
294,11,view,11/26/2025 12:29
294,15,search,11/26/2025 13:50
294,11,add_to_cart,11/26/2025 14:08
294,47,view,11/26/2025 17:09
294,46,search,11/26/2025 20:03
294,8,view,11/26/2025 21:40
294,27,add_to_cart,11/26/2025 23:11
294,44,add_to_cart,11/27/2025 1:27
294,44,add_to_cart,11/27/2025 4:24
294,15,view,11/27/2025 6:44
294,44,update_quantity,11/27/2025 8:51
294,23,search,11/27/2025 10:35
294,30,view,11/27/2025 12:14
294,15,click,11/27/2025 12:29
294,13,search,11/27/2025 14:02
294,45,view,11/27/2025 17:03
294,23,click,11/27/2025 17:45
294,32,remove_cart,11/27/2025 20:26
294,32,click,11/27/2025 21:41
294,32,view,11/27/2025 21:46
294,41,add_to_cart,11/27/2025 22:42
294,41,click,11/28/2025 1:03
294,47,search,11/28/2025 1:10
294,11,purchase,11/28/2025 3:27
294,2,add_to_cart,11/28/2025 3:39
294,29,click,11/28/2025 4:29
294,32,view,11/28/2025 6:49
294,41,add_to_cart,11/28/2025 7:08
294,41,view,11/28/2025 9:42
294,32,click,11/28/2025 11:54
294,47,view,11/28/2025 12:54
294,4,click,11/28/2025 14:20
294,41,click,11/28/2025 16:28
294,24,add_to_cart,11/28/2025 17:51
294,36,click,11/28/2025 17:54
294,47,view,11/28/2025 18:11
294,36,view,11/28/2025 18:39
294,24,click,11/28/2025 19:45
294,24,click,11/28/2025 21:53
294,25,search,11/28/2025 22:41
294,24,view,11/28/2025 23:26
294,36,view,11/29/2025 2:08
294,27,purchase,11/29/2025 2:59
294,50,click,11/29/2025 5:13
294,11,search,11/29/2025 5:31
295,7,search,01/13/2026 17:43
295,7,click,01/13/2026 19:48
295,7,add_to_cart,01/13/2026 22:02
295,7,click,01/14/2026 0:02
295,7,view,01/14/2026 1:11
295,7,view,01/14/2026 1:47
295,36,search,01/14/2026 4:09
295,7,update_quantity,01/14/2026 4:27
295,7,add_to_cart,01/14/2026 5:40
295,45,search,01/14/2026 6:53
295,8,view,01/14/2026 7:50
295,41,search,01/14/2026 8:46
295,7,purchase,01/14/2026 8:48
295,36,view,01/14/2026 10:06
295,18,search,01/14/2026 12:08
295,41,view,01/14/2026 14:50
295,7,view,01/14/2026 15:08
295,7,view,01/14/2026 16:38
295,41,add_to_cart,01/14/2026 17:24
295,41,add_to_cart,01/14/2026 19:04
295,36,add_to_cart,01/14/2026 19:49
295,17,add_to_cart,01/14/2026 22:23
295,36,update_quantity,01/14/2026 22:57
295,40,view,01/15/2026 1:16
295,17,add_to_cart,01/15/2026 4:17
295,40,view,01/15/2026 6:40
295,17,update_quantity,01/15/2026 7:21
295,33,search,01/15/2026 7:53
295,36,remove_cart,01/15/2026 8:22
295,29,search,01/15/2026 9:18
295,47,view,01/15/2026 10:28
295,17,update_quantity,01/15/2026 12:40
295,41,add_to_cart,01/15/2026 13:35
295,24,search,01/15/2026 15:10
295,47,add_to_cart,01/15/2026 17:00
295,17,remove_cart,01/15/2026 17:54
295,2,click,01/15/2026 19:07
295,47,click,01/15/2026 21:06
295,6,search,01/15/2026 22:59
295,44,click,01/16/2026 0:58
296,49,add_to_cart,10/22/2025 19:57
296,49,remove_cart,10/22/2025 21:21
296,30,click,10/22/2025 22:49
296,4,add_to_cart,10/23/2025 0:41
296,4,view,10/23/2025 0:46
296,33,view,10/23/2025 1:07
296,4,remove_cart,10/23/2025 1:32
296,30,view,10/23/2025 3:31
296,30,click,10/23/2025 6:31
296,33,view,10/23/2025 7:57
296,17,view,10/23/2025 10:10
296,30,click,10/23/2025 10:20
296,17,search,10/23/2025 12:26
296,31,view,10/23/2025 14:00
296,19,click,10/23/2025 16:30
296,30,click,10/23/2025 16:37
296,30,view,10/23/2025 18:50
296,31,view,10/23/2025 20:32
296,31,click,10/23/2025 21:58
296,21,search,10/23/2025 22:36
296,34,click,10/24/2025 0:26
296,30,add_to_cart,10/24/2025 2:59
296,30,remove_cart,10/24/2025 3:55
296,17,view,10/24/2025 6:16
296,39,search,10/24/2025 7:54
296,34,click,10/24/2025 8:33
296,17,click,10/24/2025 9:48
296,25,search,10/24/2025 10:31
296,1,search,10/24/2025 11:15
296,30,click,10/24/2025 11:54
296,34,view,10/24/2025 13:19
296,21,search,10/24/2025 14:22
296,21,view,10/24/2025 15:34
296,25,add_to_cart,10/24/2025 17:01
296,34,click,10/24/2025 17:33
296,7,search,10/24/2025 18:28
296,1,view,10/24/2025 21:06
296,7,click,10/24/2025 21:40
296,44,view,10/25/2025 0:37
296,7,view,10/25/2025 2:21
296,24,view,10/25/2025 3:00
296,12,add_to_cart,10/25/2025 3:15
296,25,search,10/25/2025 4:24
296,25,click,10/25/2025 4:34
296,24,view,10/25/2025 6:28
296,7,view,10/25/2025 8:39
296,25,view,10/25/2025 9:13
296,25,add_to_cart,10/25/2025 10:52
296,31,search,10/25/2025 11:07
296,15,view,10/25/2025 14:04
296,25,add_to_cart,10/25/2025 16:54
296,12,remove_cart,10/25/2025 18:39
296,31,view,10/25/2025 21:23
296,11,view,10/25/2025 23:19
296,48,search,10/26/2025 2:15
296,48,click,10/26/2025 3:26
296,1,click,10/26/2025 4:17
296,15,view,10/26/2025 4:48
296,25,purchase,10/26/2025 5:53
296,4,add_to_cart,10/26/2025 8:48
296,4,purchase,10/26/2025 9:48
296,25,view,10/26/2025 11:35
296,4,view,10/26/2025 14:34
296,20,add_to_cart,10/26/2025 17:15
296,25,view,10/26/2025 18:07
296,28,add_to_cart,10/26/2025 20:45
296,4,rate,10/26/2025 22:09
296,4,view,10/26/2025 22:41
297,26,view,02/23/2026 15:30
297,26,add_to_cart,02/23/2026 17:23
297,20,view,02/23/2026 18:06
297,42,view,02/23/2026 20:29
297,13,view,02/23/2026 21:07
297,15,search,02/23/2026 21:49
297,9,click,02/23/2026 23:58
297,32,search,02/24/2026 0:35
297,26,update_quantity,02/24/2026 1:09
297,26,click,02/24/2026 1:36
297,42,add_to_cart,02/24/2026 4:03
297,23,add_to_cart,02/24/2026 6:24
297,9,click,02/24/2026 8:21
297,42,purchase,02/24/2026 9:01
297,12,add_to_cart,02/24/2026 11:18
297,9,view,02/24/2026 13:59
297,3,click,02/24/2026 14:17
297,23,update_quantity,02/24/2026 15:02
297,30,search,02/24/2026 17:43
297,42,view,02/24/2026 20:11
297,42,search,02/24/2026 21:40
297,23,add_to_cart,02/24/2026 22:33
297,42,click,02/24/2026 23:26
297,39,click,02/25/2026 1:07
297,42,view,02/25/2026 1:31
297,23,view,02/25/2026 3:00
297,8,search,02/25/2026 4:59
297,42,add_to_cart,02/25/2026 5:50
297,37,click,02/25/2026 6:29
297,48,search,02/25/2026 7:50
297,27,search,02/25/2026 8:56
297,23,view,02/25/2026 11:52
297,27,search,02/25/2026 12:20
297,48,view,02/25/2026 13:51
297,17,search,02/25/2026 14:18
297,17,click,02/25/2026 17:13
297,30,view,02/25/2026 19:41
297,33,search,02/25/2026 20:34
297,27,view,02/25/2026 23:19
298,27,search,12/01/2025 8:26
298,27,view,12/01/2025 9:43
298,26,search,12/01/2025 10:51
298,14,add_to_cart,12/01/2025 11:59
298,14,update_quantity,12/01/2025 14:14
298,12,view,12/01/2025 14:27
298,50,search,12/01/2025 16:26
298,26,search,12/01/2025 17:52
298,6,view,12/01/2025 17:55
298,44,view,12/01/2025 18:59
298,26,view,12/01/2025 21:55
298,14,remove_cart,12/01/2025 22:23
298,14,view,12/02/2025 0:14
298,44,add_to_cart,12/02/2025 2:22
298,26,view,12/02/2025 3:31
298,26,click,12/02/2025 4:04
298,12,click,12/02/2025 5:56
298,46,click,12/02/2025 6:08
298,26,add_to_cart,12/02/2025 6:21
298,44,update_quantity,12/02/2025 9:09
298,44,view,12/02/2025 9:47
298,13,search,12/02/2025 12:17
298,46,view,12/02/2025 14:02
298,18,search,12/02/2025 14:47
298,44,add_to_cart,12/02/2025 16:36
298,3,search,12/02/2025 18:03
298,49,add_to_cart,12/02/2025 18:46
298,47,search,12/02/2025 20:16
298,49,purchase,12/02/2025 22:51
298,48,add_to_cart,12/03/2025 1:17
298,44,purchase,12/03/2025 2:40
298,24,add_to_cart,12/03/2025 4:25
298,44,view,12/03/2025 7:12
298,3,click,12/03/2025 10:05
298,45,click,12/03/2025 11:26
298,11,add_to_cart,12/03/2025 12:59
298,44,add_to_cart,12/03/2025 15:10
298,44,view,12/03/2025 15:30
298,50,click,12/03/2025 17:10
298,11,add_to_cart,12/03/2025 18:33
298,24,search,12/03/2025 21:17
298,29,search,12/03/2025 21:44
298,11,add_to_cart,12/04/2025 0:00
298,17,search,12/04/2025 0:12
298,17,view,12/04/2025 1:00
298,41,search,12/04/2025 2:10
298,33,search,12/04/2025 3:47
298,11,click,12/04/2025 5:49
298,29,click,12/04/2025 5:57
298,25,view,12/04/2025 7:23
298,26,purchase,12/04/2025 9:31
298,19,view,12/04/2025 12:19
298,29,search,12/04/2025 13:06
298,15,search,12/04/2025 14:23
298,26,view,12/04/2025 15:34
298,49,rate,12/04/2025 18:32
298,43,search,12/04/2025 19:38
298,7,view,12/04/2025 20:13
298,19,view,12/04/2025 21:01
298,29,view,12/04/2025 21:32
298,17,search,12/04/2025 23:16
298,39,search,12/04/2025 23:47
298,7,add_to_cart,12/05/2025 0:39
298,24,purchase,12/05/2025 1:24
298,24,add_to_cart,12/05/2025 2:06
298,39,click,12/05/2025 2:57
298,24,remove_cart,12/05/2025 4:00
298,48,update_quantity,12/05/2025 6:38
298,9,view,12/05/2025 8:46
298,39,add_to_cart,12/05/2025 9:46
298,7,purchase,12/05/2025 11:13
298,44,rate,12/05/2025 11:33
298,48,add_to_cart,12/05/2025 13:26
299,27,view,12/03/2025 15:42
299,27,click,12/03/2025 17:14
299,29,search,12/03/2025 18:07
299,27,add_to_cart,12/03/2025 20:51
299,27,update_quantity,12/03/2025 23:05
299,27,remove_cart,12/04/2025 0:17
299,27,view,12/04/2025 2:51
299,24,click,12/04/2025 4:46
299,29,add_to_cart,12/04/2025 5:11
299,27,click,12/04/2025 7:01
299,43,search,12/04/2025 9:43
299,29,purchase,12/04/2025 11:21
299,24,add_to_cart,12/04/2025 11:44
299,35,view,12/04/2025 12:52
299,24,remove_cart,12/04/2025 13:59
299,29,click,12/04/2025 15:30
299,29,add_to_cart,12/04/2025 16:47
299,24,click,12/04/2025 17:16
299,24,click,12/04/2025 20:04
299,2,click,12/04/2025 21:37
299,2,view,12/05/2025 0:33
299,29,purchase,12/05/2025 2:02
299,29,rate,12/05/2025 4:49
299,2,view,12/05/2025 5:46
299,15,search,12/05/2025 8:39
299,24,view,12/05/2025 11:37
299,24,view,12/05/2025 12:11
299,15,click,12/05/2025 12:56
299,15,click,12/05/2025 14:23
299,4,view,12/05/2025 16:56
299,15,click,12/05/2025 18:01
299,25,view,12/05/2025 19:57
299,6,add_to_cart,12/05/2025 22:18
299,4,view,12/06/2025 1:16
299,15,add_to_cart,12/06/2025 1:31
299,6,purchase,12/06/2025 2:20
299,23,click,12/06/2025 5:18
299,32,search,12/06/2025 7:47
299,15,add_to_cart,12/06/2025 10:19
299,23,click,12/06/2025 11:47
299,33,view,12/06/2025 13:08
299,15,purchase,12/06/2025 13:36
299,33,search,12/06/2025 16:35
299,34,search,12/06/2025 16:49
299,23,view,12/06/2025 18:24
299,31,click,12/06/2025 19:16
299,15,view,12/06/2025 20:42
299,23,click,12/06/2025 22:25
299,48,search,12/07/2025 0:37
300,29,click,10/22/2025 21:47
300,29,click,10/23/2025 0:23
300,48,click,10/23/2025 3:04
300,20,view,10/23/2025 3:09
300,29,add_to_cart,10/23/2025 3:34
300,29,add_to_cart,10/23/2025 4:41
300,29,purchase,10/23/2025 7:00
300,20,search,10/23/2025 9:36
300,11,add_to_cart,10/23/2025 10:46
300,11,view,10/23/2025 11:35
300,11,click,10/23/2025 13:54
300,29,view,10/23/2025 16:09
300,11,view,10/23/2025 17:34
300,32,click,10/23/2025 18:01
300,19,click,10/23/2025 19:09
300,11,view,10/23/2025 22:03
300,29,rate,10/23/2025 22:52
300,11,purchase,10/24/2025 1:47
300,25,click,10/24/2025 2:33
300,34,search,10/24/2025 4:14
300,28,click,10/24/2025 6:14
300,45,add_to_cart,10/24/2025 7:32
300,28,view,10/24/2025 9:18
300,45,purchase,10/24/2025 9:50
300,25,click,10/24/2025 11:38
300,49,click,10/24/2025 14:38
300,25,view,10/24/2025 16:35
300,45,view,10/24/2025 18:53
300,28,view,10/24/2025 21:28
300,45,view,10/24/2025 23:25
300,23,search,10/25/2025 2:00
300,35,add_to_cart,10/25/2025 2:31
300,16,search,10/25/2025 4:01
300,45,click,10/25/2025 6:14
300,35,purchase,10/25/2025 7:04
300,5,add_to_cart,10/25/2025 8:15
300,5,remove_cart,10/25/2025 11:01
300,35,click,10/25/2025 12:26
300,45,rate,10/25/2025 14:27
300,49,view,10/25/2025 15:36
300,5,add_to_cart,10/25/2025 15:57
300,5,add_to_cart,10/25/2025 17:25
300,16,add_to_cart,10/25/2025 19:18
300,14,search,10/25/2025 21:33
300,5,click,10/25/2025 22:50
300,16,click,10/26/2025 1:10
300,1,view,10/26/2025 3:36
300,27,search,10/26/2025 6:36
300,47,click,10/26/2025 9:03
300,1,add_to_cart,10/26/2025 11:31
300,20,view,10/26/2025 13:49
300,40,view,10/26/2025 15:32
300,47,search,10/26/2025 16:14
300,25,view,10/26/2025 18:05
300,1,click,10/26/2025 20:06
300,40,click,10/26/2025 20:19
300,5,remove_cart,10/26/2025 22:53
300,22,view,10/27/2025 1:54
300,20,add_to_cart,10/27/2025 3:28
300,26,search,10/27/2025 6:15
300,1,view,10/27/2025 7:54
300,20,add_to_cart,10/27/2025 8:50
300,37,click,10/27/2025 11:50
300,20,click,10/27/2025 12:14
300,25,view,10/27/2025 12:40
300,20,click,10/27/2025 12:45
300,20,view,10/27/2025 13:55
300,25,click,10/27/2025 14:15
300,41,view,10/27/2025 16:46
300,37,click,10/27/2025 19:24
300,29,view,10/27/2025 19:40
300,41,view,10/27/2025 21:41
300,25,add_to_cart,10/27/2025 22:35
300,41,add_to_cart,10/27/2025 23:25
301,22,search,12/05/2025 5:27
301,22,view,12/05/2025 6:06
301,8,click,12/05/2025 6:31
301,20,add_to_cart,12/05/2025 9:18
301,10,search,12/05/2025 11:36
301,32,search,12/05/2025 13:21
301,22,view,12/05/2025 13:59
301,10,click,12/05/2025 16:39
301,47,click,12/05/2025 16:42
301,32,view,12/05/2025 19:32
301,10,view,12/05/2025 22:30
301,47,click,12/05/2025 23:27
301,10,view,12/06/2025 2:12
301,32,click,12/06/2025 4:22
301,9,add_to_cart,12/06/2025 5:39
301,9,add_to_cart,12/06/2025 7:36
301,32,view,12/06/2025 8:58
301,9,add_to_cart,12/06/2025 9:42
301,9,update_quantity,12/06/2025 11:57
301,9,purchase,12/06/2025 13:21
301,32,click,12/06/2025 15:44
301,20,update_quantity,12/06/2025 18:28
301,20,remove_cart,12/06/2025 20:56
301,17,search,12/06/2025 23:06
301,9,view,12/07/2025 1:31
301,9,rate,12/07/2025 1:51
301,49,add_to_cart,12/07/2025 2:54
301,10,view,12/07/2025 4:42
301,49,remove_cart,12/07/2025 5:39
301,9,add_to_cart,12/07/2025 6:14
301,49,view,12/07/2025 6:25
301,9,purchase,12/07/2025 6:36
301,42,search,12/07/2025 8:06
301,9,view,12/07/2025 8:50
301,49,add_to_cart,12/07/2025 11:40
301,26,search,12/07/2025 13:57
301,9,view,12/07/2025 14:10
301,49,update_quantity,12/07/2025 16:53
301,49,view,12/07/2025 18:39
301,5,add_to_cart,12/07/2025 21:05
301,26,add_to_cart,12/07/2025 21:54
301,42,search,12/07/2025 23:24
301,5,view,12/07/2025 23:38
301,49,click,12/08/2025 0:43
301,29,click,12/08/2025 0:46
301,26,purchase,12/08/2025 2:29
301,46,search,12/08/2025 4:10
301,23,view,12/08/2025 6:46
301,5,add_to_cart,12/08/2025 7:33
301,23,click,12/08/2025 9:36
301,49,purchase,12/08/2025 11:47
302,46,search,01/22/2026 6:42
302,46,click,01/22/2026 6:48
302,46,click,01/22/2026 8:31
302,46,view,01/22/2026 9:35
302,46,click,01/22/2026 11:40
302,10,search,01/22/2026 12:10
302,44,search,01/22/2026 12:45
302,46,click,01/22/2026 14:00
302,46,add_to_cart,01/22/2026 14:55
302,10,add_to_cart,01/22/2026 16:57
302,10,update_quantity,01/22/2026 18:21
302,10,add_to_cart,01/22/2026 19:30
302,10,update_quantity,01/22/2026 19:38
302,10,update_quantity,01/22/2026 22:27
302,42,add_to_cart,01/22/2026 23:35
302,42,view,01/23/2026 2:18
302,40,search,01/23/2026 3:00
302,10,add_to_cart,01/23/2026 3:22
302,46,purchase,01/23/2026 6:06
302,46,rate,01/23/2026 8:51
302,17,search,01/23/2026 10:10
302,10,add_to_cart,01/23/2026 11:57
302,42,purchase,01/23/2026 12:48
302,20,view,01/23/2026 14:12
302,7,search,01/23/2026 16:44
302,42,view,01/23/2026 17:07
302,7,click,01/23/2026 19:47
302,2,add_to_cart,01/23/2026 20:04
302,7,click,01/23/2026 20:06
302,2,click,01/23/2026 21:26
302,10,purchase,01/23/2026 22:10
302,42,rate,01/23/2026 23:44
302,40,add_to_cart,01/24/2026 0:27
302,2,purchase,01/24/2026 1:55
302,40,click,01/24/2026 3:30
302,2,view,01/24/2026 5:01
302,40,update_quantity,01/24/2026 6:50
302,40,purchase,01/24/2026 8:17
302,43,view,01/24/2026 9:05
302,43,view,01/24/2026 9:49
302,44,click,01/24/2026 9:58
302,43,click,01/24/2026 11:02
302,40,click,01/24/2026 11:29
302,34,add_to_cart,01/24/2026 12:20
302,34,remove_cart,01/24/2026 13:26
302,40,view,01/24/2026 13:55
302,13,view,01/24/2026 14:44
302,44,search,01/24/2026 15:22
302,40,view,01/24/2026 16:58
302,40,add_to_cart,01/24/2026 17:37
302,40,update_quantity,01/24/2026 17:54
302,40,click,01/24/2026 19:57
302,44,click,01/24/2026 20:12
303,44,search,12/02/2025 3:39
303,44,view,12/02/2025 4:29
303,44,view,12/02/2025 5:51
303,44,add_to_cart,12/02/2025 6:34
303,44,view,12/02/2025 9:02
303,7,click,12/02/2025 9:33
303,44,purchase,12/02/2025 11:43
303,38,view,12/02/2025 11:57
303,44,add_to_cart,12/02/2025 13:21
303,44,remove_cart,12/02/2025 14:39
303,44,click,12/02/2025 15:27
303,44,click,12/02/2025 15:42
303,43,view,12/02/2025 18:26
303,1,search,12/02/2025 18:37
303,3,view,12/02/2025 18:50
303,44,add_to_cart,12/02/2025 20:48
303,32,view,12/02/2025 21:02
303,44,view,12/02/2025 23:21
303,5,search,12/03/2025 0:48
303,1,view,12/03/2025 1:24
303,7,search,12/03/2025 2:51
303,32,view,12/03/2025 2:55
303,44,remove_cart,12/03/2025 4:26
303,29,view,12/03/2025 7:01
303,38,view,12/03/2025 9:51
303,5,add_to_cart,12/03/2025 10:56
303,13,view,12/03/2025 12:41
303,44,add_to_cart,12/03/2025 13:48
303,13,click,12/03/2025 14:44
303,9,view,12/03/2025 16:06
303,9,view,12/03/2025 17:31
303,39,search,12/03/2025 20:14
303,44,update_quantity,12/03/2025 21:24
303,5,update_quantity,12/03/2025 22:20
303,44,purchase,12/03/2025 23:18
303,34,view,12/04/2025 0:38
303,34,click,12/04/2025 1:19
303,39,add_to_cart,12/04/2025 4:02
303,22,add_to_cart,12/04/2025 5:34
303,22,purchase,12/04/2025 7:06
303,5,view,12/04/2025 9:23
303,1,view,12/04/2025 11:41
303,32,search,12/04/2025 14:13
303,41,click,12/04/2025 14:47
303,38,add_to_cart,12/04/2025 15:38
303,38,add_to_cart,12/04/2025 16:47
304,40,search,02/23/2026 6:38
304,48,add_to_cart,02/23/2026 8:44
304,40,click,02/23/2026 9:56
304,48,purchase,02/23/2026 11:43
304,19,search,02/23/2026 12:47
304,46,add_to_cart,02/23/2026 12:49
304,15,add_to_cart,02/23/2026 15:14
304,5,search,02/23/2026 15:38
304,29,add_to_cart,02/23/2026 15:49
304,27,view,02/23/2026 17:20
304,46,view,02/23/2026 17:48
304,13,view,02/23/2026 17:52
304,15,purchase,02/23/2026 18:07
304,38,search,02/23/2026 20:08
304,13,view,02/23/2026 21:58
304,5,add_to_cart,02/24/2026 0:48
304,46,update_quantity,02/24/2026 1:15
304,26,view,02/24/2026 2:59
304,26,search,02/24/2026 3:25
304,29,click,02/24/2026 3:58
304,46,add_to_cart,02/24/2026 6:27
304,34,search,02/24/2026 8:01
304,32,view,02/24/2026 8:18
304,24,view,02/24/2026 10:04
304,29,update_quantity,02/24/2026 12:03
304,29,update_quantity,02/24/2026 13:39
304,29,click,02/24/2026 13:50
304,20,click,02/24/2026 15:40
304,9,click,02/24/2026 15:59
304,24,view,02/24/2026 17:30
304,29,add_to_cart,02/24/2026 18:37
304,29,view,02/24/2026 19:49
304,29,add_to_cart,02/24/2026 21:39
304,20,view,02/25/2026 0:18
304,35,search,02/25/2026 2:41
304,40,search,02/25/2026 4:14
304,33,click,02/25/2026 5:03
304,48,rate,02/25/2026 5:34
304,48,click,02/25/2026 6:35
304,47,add_to_cart,02/25/2026 7:23
304,29,update_quantity,02/25/2026 9:25
304,5,purchase,02/25/2026 11:30
304,47,view,02/25/2026 14:14
304,4,view,02/25/2026 15:26
304,43,view,02/25/2026 16:23
304,29,add_to_cart,02/25/2026 19:07
304,43,add_to_cart,02/25/2026 20:07
304,5,view,02/25/2026 20:47
304,35,search,02/25/2026 22:02
304,38,search,02/25/2026 23:43
304,18,search,02/26/2026 0:09
304,35,click,02/26/2026 1:45
304,39,search,02/26/2026 4:11
304,24,search,02/26/2026 4:37
304,35,view,02/26/2026 7:18
305,13,view,11/17/2025 22:47
305,13,view,11/17/2025 23:53
305,13,add_to_cart,11/18/2025 0:40
305,9,search,11/18/2025 2:32
305,13,view,11/18/2025 3:51
305,9,add_to_cart,11/18/2025 5:30
305,9,update_quantity,11/18/2025 6:41
305,29,search,11/18/2025 7:36
305,9,purchase,11/18/2025 9:50
305,44,click,11/18/2025 11:19
305,9,click,11/18/2025 13:59
305,13,purchase,11/18/2025 14:20
305,44,search,11/18/2025 16:49
305,16,view,11/18/2025 18:23
305,7,search,11/18/2025 21:17
305,45,search,11/18/2025 21:35
305,44,view,11/18/2025 22:00
305,44,add_to_cart,11/18/2025 23:35
305,14,view,11/19/2025 2:03
305,24,search,11/19/2025 2:20
305,45,view,11/19/2025 4:54
305,25,click,11/19/2025 5:57
305,44,remove_cart,11/19/2025 8:25
305,24,view,11/19/2025 9:30
305,19,search,11/19/2025 11:53
305,29,click,11/19/2025 14:34
305,39,search,11/19/2025 17:32
305,3,view,11/19/2025 19:49
305,19,add_to_cart,11/19/2025 20:33
305,19,purchase,11/19/2025 22:59
305,36,search,11/20/2025 1:11
305,28,search,11/20/2025 1:40
305,13,view,11/20/2025 4:25
305,34,view,11/20/2025 4:45
305,34,view,11/20/2025 6:12
305,36,click,11/20/2025 6:47
305,47,view,11/20/2025 9:25
305,13,add_to_cart,11/20/2025 11:18
305,13,purchase,11/20/2025 11:44
305,42,click,11/20/2025 13:13
305,13,add_to_cart,11/20/2025 13:50
306,27,view,02/22/2026 17:44
306,27,view,02/22/2026 19:09
306,27,view,02/22/2026 21:41
306,27,add_to_cart,02/22/2026 23:05
306,27,purchase,02/23/2026 0:28
306,27,view,02/23/2026 2:18
306,27,add_to_cart,02/23/2026 4:19
306,27,view,02/23/2026 5:53
306,27,purchase,02/23/2026 8:34
306,50,search,02/23/2026 10:22
306,27,click,02/23/2026 10:27
306,27,view,02/23/2026 11:48
306,10,add_to_cart,02/23/2026 11:55
306,27,click,02/23/2026 13:32
306,10,remove_cart,02/23/2026 14:30
306,50,search,02/23/2026 16:24
306,27,view,02/23/2026 17:41
306,27,rate,02/23/2026 20:09
306,3,click,02/23/2026 22:09
306,10,view,02/24/2026 0:17
306,23,add_to_cart,02/24/2026 0:28
306,11,search,02/24/2026 3:23
306,23,view,02/24/2026 5:27
306,46,view,02/24/2026 6:53
306,11,click,02/24/2026 9:34
306,3,add_to_cart,02/24/2026 11:33
306,23,update_quantity,02/24/2026 11:38
306,30,view,02/24/2026 13:01
306,11,view,02/24/2026 15:48
306,3,view,02/24/2026 17:33
306,23,click,02/24/2026 17:48
306,2,search,02/24/2026 17:52
306,23,click,02/24/2026 19:06
306,35,view,02/24/2026 19:47
306,38,add_to_cart,02/24/2026 21:02
306,22,add_to_cart,02/24/2026 21:43
306,12,click,02/24/2026 22:51
306,22,update_quantity,02/25/2026 0:38
306,31,view,02/25/2026 3:01
306,3,search,02/25/2026 4:32
306,31,view,02/25/2026 5:24
306,22,click,02/25/2026 6:19
306,23,purchase,02/25/2026 9:14
306,31,add_to_cart,02/25/2026 11:41
306,26,add_to_cart,02/25/2026 12:51
306,50,search,02/25/2026 15:39
306,50,add_to_cart,02/25/2026 17:24
306,26,add_to_cart,02/25/2026 19:24
306,50,click,02/25/2026 21:12
306,48,view,02/25/2026 22:56
306,31,remove_cart,02/26/2026 1:08
306,11,add_to_cart,02/26/2026 3:44
306,26,view,02/26/2026 5:43
306,34,click,02/26/2026 7:25
306,24,view,02/26/2026 10:08
306,4,view,02/26/2026 10:59
306,50,remove_cart,02/26/2026 11:18
306,11,purchase,02/26/2026 12:31
306,23,rate,02/26/2026 13:35
306,9,view,02/26/2026 15:14
306,24,click,02/26/2026 15:49
306,45,view,02/26/2026 18:46
306,50,add_to_cart,02/26/2026 19:22
306,11,rate,02/26/2026 20:25
306,43,click,02/26/2026 22:47
306,12,search,02/27/2026 0:04
306,38,update_quantity,02/27/2026 1:24
306,4,view,02/27/2026 4:06
306,44,view,02/27/2026 4:52
306,4,view,02/27/2026 6:00
306,19,search,02/27/2026 7:43
306,26,remove_cart,02/27/2026 8:51
306,11,click,02/27/2026 11:44
307,47,add_to_cart,10/22/2025 14:22
307,10,click,10/22/2025 14:29
307,47,add_to_cart,10/22/2025 16:05
307,47,view,10/22/2025 17:03
307,50,view,10/22/2025 18:41
307,47,view,10/22/2025 21:13
307,27,search,10/22/2025 22:04
307,47,remove_cart,10/23/2025 0:17
307,27,click,10/23/2025 1:08
307,6,search,10/23/2025 4:02
307,50,view,10/23/2025 5:29
307,6,view,10/23/2025 7:27
307,9,add_to_cart,10/23/2025 8:01
307,37,search,10/23/2025 9:07
307,47,view,10/23/2025 11:38
307,47,view,10/23/2025 13:20
307,6,click,10/23/2025 14:13
307,11,search,10/23/2025 15:23
307,41,add_to_cart,10/23/2025 17:55
307,47,add_to_cart,10/23/2025 18:38
307,9,update_quantity,10/23/2025 20:46
307,9,click,10/23/2025 21:54
307,43,search,10/24/2025 0:04
307,33,search,10/24/2025 1:23
307,47,update_quantity,10/24/2025 3:26
307,33,view,10/24/2025 4:35
307,43,click,10/24/2025 4:42
307,33,click,10/24/2025 6:32
307,33,click,10/24/2025 7:09
307,43,click,10/24/2025 9:17
307,42,view,10/24/2025 9:39
307,5,add_to_cart,10/24/2025 9:58
307,5,purchase,10/24/2025 11:16
307,33,click,10/24/2025 14:04
307,43,view,10/24/2025 15:29
307,42,view,10/24/2025 17:43
307,32,add_to_cart,10/24/2025 17:51
307,47,update_quantity,10/24/2025 18:10
307,41,remove_cart,10/24/2025 18:38
307,47,update_quantity,10/24/2025 20:53
307,26,view,10/24/2025 21:10
307,32,purchase,10/24/2025 23:46
307,41,click,10/25/2025 1:07
307,40,search,10/25/2025 4:07
307,15,search,10/25/2025 4:47
307,15,view,10/25/2025 7:42
307,47,update_quantity,10/25/2025 10:14
307,32,view,10/25/2025 11:56
307,9,remove_cart,10/25/2025 13:24
307,48,search,10/25/2025 13:31
307,47,update_quantity,10/25/2025 16:24
307,8,search,10/25/2025 17:41
307,47,purchase,10/25/2025 20:42
307,8,view,10/25/2025 21:43
307,47,add_to_cart,10/25/2025 23:25
308,10,click,01/29/2026 0:47
308,10,view,01/29/2026 2:12
308,7,add_to_cart,01/29/2026 4:45
308,7,add_to_cart,01/29/2026 6:14
308,10,view,01/29/2026 8:24
308,47,view,01/29/2026 9:17
308,7,add_to_cart,01/29/2026 11:11
308,10,view,01/29/2026 12:35
308,30,search,01/29/2026 12:44
308,36,add_to_cart,01/29/2026 13:37
308,36,purchase,01/29/2026 13:55
308,36,search,01/29/2026 16:22
308,30,view,01/29/2026 16:25
308,17,search,01/29/2026 18:33
308,22,search,01/29/2026 19:45
308,13,search,01/29/2026 21:36
308,36,search,01/29/2026 22:55
308,36,view,01/30/2026 0:04
308,36,add_to_cart,01/30/2026 1:51
308,7,update_quantity,01/30/2026 2:16
308,13,view,01/30/2026 3:05
308,17,view,01/30/2026 4:09
308,36,add_to_cart,01/30/2026 4:43
308,13,add_to_cart,01/30/2026 5:21
308,36,update_quantity,01/30/2026 5:29
308,39,search,01/30/2026 7:19
308,15,search,01/30/2026 9:20
308,36,view,01/30/2026 11:12
308,13,update_quantity,01/30/2026 12:19
308,13,remove_cart,01/30/2026 14:55
308,36,remove_cart,01/30/2026 16:14
308,26,search,01/30/2026 19:13
308,42,click,01/30/2026 21:38
308,7,remove_cart,01/30/2026 23:14
308,11,search,01/31/2026 1:46
308,26,view,01/31/2026 4:40
308,13,view,01/31/2026 7:15
308,30,search,01/31/2026 8:02
308,36,add_to_cart,01/31/2026 8:51
308,23,search,01/31/2026 9:38
308,36,purchase,01/31/2026 11:04
308,32,click,01/31/2026 12:03
308,47,search,01/31/2026 13:25
308,23,search,01/31/2026 13:40
308,33,search,01/31/2026 16:31
308,41,search,01/31/2026 16:49
308,50,search,01/31/2026 18:32
308,6,view,01/31/2026 20:45
308,6,click,01/31/2026 21:25
308,33,click,02/01/2026 0:14
308,33,view,02/01/2026 2:34
308,21,click,02/01/2026 5:08
308,15,search,02/01/2026 6:30
308,6,view,02/01/2026 8:00
308,10,click,02/01/2026 9:47
308,10,search,02/01/2026 12:02
308,21,search,02/01/2026 14:39
308,35,search,02/01/2026 15:48
308,33,view,02/01/2026 17:21
308,41,view,02/01/2026 17:28
308,35,click,02/01/2026 19:31
308,16,search,02/01/2026 20:47
308,11,search,02/01/2026 21:02
308,11,view,02/01/2026 21:05
308,36,click,02/01/2026 22:27
308,43,search,02/02/2026 1:19
309,6,search,12/07/2025 17:17
309,6,add_to_cart,12/07/2025 19:55
309,36,search,12/07/2025 22:26
309,28,search,12/07/2025 23:37
309,6,update_quantity,12/08/2025 0:54
309,18,search,12/08/2025 2:21
309,6,add_to_cart,12/08/2025 3:07
309,6,update_quantity,12/08/2025 4:33
309,6,update_quantity,12/08/2025 7:24
309,6,add_to_cart,12/08/2025 10:12
309,18,view,12/08/2025 10:52
309,27,view,12/08/2025 11:11
309,6,search,12/08/2025 12:20
309,27,view,12/08/2025 13:23
309,6,update_quantity,12/08/2025 13:49
309,6,view,12/08/2025 16:07
309,27,view,12/08/2025 17:09
309,18,add_to_cart,12/08/2025 19:55
309,18,remove_cart,12/08/2025 20:47
309,6,update_quantity,12/08/2025 22:57
309,6,update_quantity,12/09/2025 1:51
309,6,remove_cart,12/09/2025 2:28
309,30,search,12/09/2025 3:30
309,18,add_to_cart,12/09/2025 5:56
309,30,click,12/09/2025 6:00
309,30,add_to_cart,12/09/2025 8:53
309,45,click,12/09/2025 9:51
309,21,search,12/09/2025 12:08
309,34,view,12/09/2025 14:48
309,30,purchase,12/09/2025 15:18
309,30,add_to_cart,12/09/2025 17:50
309,21,view,12/09/2025 18:32
309,13,view,12/09/2025 18:55
309,18,update_quantity,12/09/2025 19:15
309,30,view,12/09/2025 20:32
309,23,click,12/09/2025 21:35
309,21,view,12/09/2025 22:16
309,30,purchase,12/10/2025 1:08
309,30,rate,12/10/2025 2:54
309,21,view,12/10/2025 3:52
309,25,search,12/10/2025 5:20
309,35,click,12/10/2025 6:02
309,24,search,12/10/2025 7:45
309,14,view,12/10/2025 9:48
309,25,click,12/10/2025 9:57
309,25,add_to_cart,12/10/2025 12:13
309,5,click,12/10/2025 12:30
309,25,add_to_cart,12/10/2025 12:58
309,32,search,12/10/2025 13:17
309,14,add_to_cart,12/10/2025 15:42
309,32,add_to_cart,12/10/2025 16:40
309,32,view,12/10/2025 19:16
309,47,search,12/10/2025 21:55
309,50,view,12/11/2025 0:13
309,25,click,12/11/2025 2:54
309,31,search,12/11/2025 5:35
309,32,purchase,12/11/2025 7:21
309,25,view,12/11/2025 8:46
310,11,view,11/07/2025 0:11
310,11,click,11/07/2025 0:13
310,11,click,11/07/2025 2:47
310,11,view,11/07/2025 3:48
310,11,add_to_cart,11/07/2025 5:20
310,28,click,11/07/2025 5:32
310,11,update_quantity,11/07/2025 8:16
310,11,update_quantity,11/07/2025 9:30
310,48,search,11/07/2025 10:34
310,11,purchase,11/07/2025 11:49
310,5,search,11/07/2025 13:13
310,11,add_to_cart,11/07/2025 14:52
310,47,click,11/07/2025 15:22
310,11,rate,11/07/2025 17:37
310,48,add_to_cart,11/07/2025 19:05
310,11,update_quantity,11/07/2025 20:52
310,28,add_to_cart,11/07/2025 22:32
310,26,view,11/07/2025 22:56
310,48,view,11/07/2025 23:27
310,34,add_to_cart,11/08/2025 0:47
310,48,click,11/08/2025 1:59
310,43,add_to_cart,11/08/2025 4:32
310,48,view,11/08/2025 6:10
310,34,update_quantity,11/08/2025 7:13
310,34,view,11/08/2025 8:27
310,34,view,11/08/2025 11:07
310,43,view,11/08/2025 12:45
310,44,click,11/08/2025 13:29
310,48,click,11/08/2025 15:30
310,34,add_to_cart,11/08/2025 16:00
310,43,purchase,11/08/2025 18:57
310,37,add_to_cart,11/08/2025 21:36
310,27,view,11/09/2025 0:23
310,34,click,11/09/2025 1:30
310,44,view,11/09/2025 3:14
310,11,purchase,11/09/2025 5:41
310,44,click,11/09/2025 8:26
310,49,add_to_cart,11/09/2025 8:39
310,27,click,11/09/2025 9:27
310,11,view,11/09/2025 10:34
310,37,remove_cart,11/09/2025 10:52
310,28,remove_cart,11/09/2025 13:13
310,27,view,11/09/2025 13:49
310,28,click,11/09/2025 15:46
310,13,view,11/09/2025 16:55
310,42,view,11/09/2025 17:12
310,4,search,11/09/2025 17:30
310,5,search,11/09/2025 18:07
310,4,add_to_cart,11/09/2025 19:02
310,2,view,11/09/2025 19:16
310,42,add_to_cart,11/09/2025 20:57
310,47,view,11/09/2025 21:22
310,42,click,11/10/2025 0:14
310,34,search,11/10/2025 2:08
310,34,remove_cart,11/10/2025 2:30
310,34,view,11/10/2025 3:28
310,10,click,11/10/2025 4:55
311,13,view,02/07/2026 18:58
311,13,add_to_cart,02/07/2026 21:46
311,13,update_quantity,02/07/2026 23:47
311,39,click,02/08/2026 1:22
311,13,update_quantity,02/08/2026 1:28
311,38,search,02/08/2026 2:16
311,45,view,02/08/2026 2:52
311,38,add_to_cart,02/08/2026 4:59
311,13,purchase,02/08/2026 5:56
311,13,rate,02/08/2026 7:43
311,38,search,02/08/2026 8:24
311,13,click,02/08/2026 11:08
311,13,view,02/08/2026 11:33
311,26,view,02/08/2026 12:34
311,43,click,02/08/2026 13:52
311,13,add_to_cart,02/08/2026 16:10
311,38,update_quantity,02/08/2026 17:57
311,13,remove_cart,02/08/2026 20:49
311,13,click,02/08/2026 23:39
311,13,view,02/09/2026 0:22
311,47,view,02/09/2026 1:22
311,26,search,02/09/2026 4:09
311,38,add_to_cart,02/09/2026 6:17
311,26,view,02/09/2026 7:37
311,38,update_quantity,02/09/2026 9:59
311,38,search,02/09/2026 11:49
311,38,click,02/09/2026 14:10
311,39,view,02/09/2026 16:39
311,38,add_to_cart,02/09/2026 16:46
311,47,view,02/09/2026 16:54
311,46,click,02/09/2026 18:18
311,17,view,02/09/2026 20:28
311,38,view,02/09/2026 21:51
311,18,view,02/09/2026 22:32
311,25,add_to_cart,02/09/2026 22:52
311,17,view,02/10/2026 0:47
311,46,add_to_cart,02/10/2026 3:45
311,38,update_quantity,02/10/2026 6:09
311,46,click,02/10/2026 7:39
311,9,search,02/10/2026 8:14
311,38,click,02/10/2026 10:29
312,3,view,10/26/2025 15:12
312,44,view,10/26/2025 16:37
312,28,view,10/26/2025 17:10
312,3,add_to_cart,10/26/2025 17:27
312,23,add_to_cart,10/26/2025 18:40
312,8,search,10/26/2025 20:45
312,34,view,10/26/2025 23:43
312,39,click,10/27/2025 2:12
312,34,add_to_cart,10/27/2025 2:39
312,23,purchase,10/27/2025 4:51
312,39,view,10/27/2025 7:02
312,36,click,10/27/2025 8:42
312,23,click,10/27/2025 11:14
312,34,update_quantity,10/27/2025 12:04
312,3,remove_cart,10/27/2025 12:21
312,34,update_quantity,10/27/2025 13:57
312,34,click,10/27/2025 14:11
312,34,view,10/27/2025 16:48
312,39,add_to_cart,10/27/2025 18:12
312,9,search,10/27/2025 18:20
312,34,purchase,10/27/2025 19:29
312,23,rate,10/27/2025 21:35
312,49,view,10/27/2025 22:46
312,49,click,10/27/2025 23:09
312,39,search,10/28/2025 1:49
312,1,search,10/28/2025 4:12
312,1,view,10/28/2025 5:13
312,21,search,10/28/2025 7:09
312,43,search,10/28/2025 10:01
312,1,view,10/28/2025 12:22
312,21,add_to_cart,10/28/2025 15:21
312,19,add_to_cart,10/28/2025 18:08
312,49,search,10/28/2025 20:23
312,12,search,10/28/2025 23:10
312,49,view,10/29/2025 1:01
312,19,update_quantity,10/29/2025 1:11
312,50,view,10/29/2025 4:10
312,21,update_quantity,10/29/2025 4:44
312,21,add_to_cart,10/29/2025 5:20
312,21,update_quantity,10/29/2025 6:29
312,12,view,10/29/2025 7:39
312,12,click,10/29/2025 8:53
312,7,search,10/29/2025 9:34
312,19,update_quantity,10/29/2025 12:25
312,34,rate,10/29/2025 15:25
312,19,search,10/29/2025 16:24
313,33,view,02/06/2026 19:42
313,33,add_to_cart,02/06/2026 22:15
313,3,search,02/07/2026 0:24
313,3,add_to_cart,02/07/2026 1:47
313,4,search,02/07/2026 2:06
313,49,search,02/07/2026 3:39
313,3,view,02/07/2026 6:09
313,47,add_to_cart,02/07/2026 6:41
313,39,view,02/07/2026 8:15
313,4,search,02/07/2026 10:13
313,3,view,02/07/2026 13:05
313,28,add_to_cart,02/07/2026 13:26
313,8,click,02/07/2026 16:23
313,21,search,02/07/2026 16:46
313,39,view,02/07/2026 18:46
313,28,add_to_cart,02/07/2026 21:02
313,33,purchase,02/07/2026 22:08
313,47,update_quantity,02/08/2026 0:45
313,11,view,02/08/2026 2:22
313,11,click,02/08/2026 3:20
313,18,view,02/08/2026 4:17
313,39,view,02/08/2026 7:16
313,18,view,02/08/2026 8:33
313,48,search,02/08/2026 9:42
313,33,rate,02/08/2026 11:31
313,18,view,02/08/2026 13:11
313,18,add_to_cart,02/08/2026 14:33
313,47,purchase,02/08/2026 16:17
313,18,click,02/08/2026 18:21
313,44,view,02/08/2026 19:22
313,18,view,02/08/2026 20:29
313,3,purchase,02/08/2026 22:28
313,3,rate,02/09/2026 0:25
313,29,search,02/09/2026 1:40
313,18,view,02/09/2026 3:19
313,41,view,02/09/2026 5:36
313,28,purchase,02/09/2026 7:21
313,38,search,02/09/2026 9:57
313,28,rate,02/09/2026 12:02
313,38,view,02/09/2026 14:10
313,19,view,02/09/2026 16:17
313,28,click,02/09/2026 18:05
313,18,add_to_cart,02/09/2026 19:28
313,3,add_to_cart,02/09/2026 21:49
313,24,search,02/09/2026 22:48
313,28,view,02/09/2026 23:07
313,28,view,02/10/2026 0:45
313,3,click,02/10/2026 2:55
313,28,click,02/10/2026 3:23
313,28,click,02/10/2026 4:27
313,3,remove_cart,02/10/2026 4:40
313,3,click,02/10/2026 6:10
313,1,view,02/10/2026 6:51
313,50,view,02/10/2026 8:52
313,50,click,02/10/2026 9:44
313,3,add_to_cart,02/10/2026 11:06
313,3,purchase,02/10/2026 13:26
313,50,view,02/10/2026 15:08
313,3,click,02/10/2026 17:54
313,1,view,02/10/2026 19:20
313,1,click,02/10/2026 22:16
313,3,view,02/10/2026 23:20
313,3,view,02/11/2026 0:36
313,1,view,02/11/2026 1:03
313,1,click,02/11/2026 3:47
313,18,update_quantity,02/11/2026 6:16
313,25,search,02/11/2026 7:15
313,38,click,02/11/2026 9:09
313,42,click,02/11/2026 9:34
313,3,click,02/11/2026 11:59
313,18,remove_cart,02/11/2026 13:52
313,42,view,02/11/2026 14:34
313,18,click,02/11/2026 17:16
313,22,search,02/11/2026 17:49
313,48,search,02/11/2026 19:06
313,36,click,02/11/2026 20:15
313,28,click,02/11/2026 21:24
313,36,add_to_cart,02/11/2026 22:53
313,6,click,02/12/2026 0:10
314,17,search,11/18/2025 5:06
314,10,view,11/18/2025 6:03
314,17,view,11/18/2025 8:29
314,14,search,11/18/2025 9:49
314,42,view,11/18/2025 11:02
314,10,click,11/18/2025 13:04
314,14,add_to_cart,11/18/2025 15:26
314,14,view,11/18/2025 15:48
314,14,remove_cart,11/18/2025 18:38
314,35,click,11/18/2025 20:07
314,25,view,11/18/2025 20:38
314,16,add_to_cart,11/18/2025 23:12
314,50,search,11/19/2025 0:43
314,25,view,11/19/2025 1:51
314,33,search,11/19/2025 4:48
314,29,add_to_cart,11/19/2025 5:24
314,38,click,11/19/2025 7:44
314,29,update_quantity,11/19/2025 10:16
314,43,search,11/19/2025 12:08
314,38,search,11/19/2025 13:56
314,29,view,11/19/2025 16:15
314,38,view,11/19/2025 17:03
314,38,view,11/19/2025 17:36
314,26,add_to_cart,11/19/2025 19:29
314,16,purchase,11/19/2025 22:24
314,26,purchase,11/19/2025 23:45
314,14,search,11/20/2025 2:33
314,3,view,11/20/2025 3:37
314,26,add_to_cart,11/20/2025 4:16
314,29,remove_cart,11/20/2025 5:31
314,26,update_quantity,11/20/2025 8:03
314,47,click,11/20/2025 10:53
314,20,view,11/20/2025 11:42
314,29,click,11/20/2025 13:00
314,26,view,11/20/2025 14:56
314,29,view,11/20/2025 17:25
314,29,view,11/20/2025 17:52
314,26,update_quantity,11/20/2025 19:00
314,47,view,11/20/2025 19:04
314,26,purchase,11/20/2025 20:26
314,26,click,11/20/2025 23:17
315,12,view,01/09/2026 7:32
315,28,search,01/09/2026 9:00
315,28,click,01/09/2026 11:07
315,28,add_to_cart,01/09/2026 13:21
315,28,update_quantity,01/09/2026 14:21
315,28,click,01/09/2026 15:38
315,28,remove_cart,01/09/2026 16:17
315,24,click,01/09/2026 18:39
315,28,view,01/09/2026 19:02
315,28,view,01/09/2026 20:26
315,25,search,01/09/2026 21:04
315,36,view,01/09/2026 22:39
315,28,view,01/09/2026 22:56
315,24,view,01/10/2026 0:39
315,41,click,01/10/2026 2:57
315,37,search,01/10/2026 3:41
315,28,click,01/10/2026 3:56
315,24,view,01/10/2026 6:01
315,11,view,01/10/2026 8:17
315,45,add_to_cart,01/10/2026 10:48
315,24,view,01/10/2026 11:43
315,36,click,01/10/2026 14:36
315,42,click,01/10/2026 17:28
315,11,search,01/10/2026 19:38
315,24,add_to_cart,01/10/2026 20:59
315,11,view,01/10/2026 23:42
315,24,click,01/11/2026 1:02
315,1,search,01/11/2026 2:21
315,9,view,01/11/2026 3:11
315,5,add_to_cart,01/11/2026 5:54
315,1,view,01/11/2026 6:46
315,45,remove_cart,01/11/2026 7:01
315,30,click,01/11/2026 9:00
315,24,purchase,01/11/2026 11:55
315,5,purchase,01/11/2026 13:57
315,9,add_to_cart,01/11/2026 14:54
315,28,add_to_cart,01/11/2026 17:27
315,15,search,01/11/2026 19:34
315,4,click,01/11/2026 20:18
315,14,click,01/11/2026 23:00
315,38,view,01/12/2026 1:23
315,9,update_quantity,01/12/2026 3:13
315,7,search,01/12/2026 6:01
315,41,view,01/12/2026 8:34
315,15,click,01/12/2026 11:25
315,37,search,01/12/2026 12:45
315,5,rate,01/12/2026 13:02
315,32,search,01/12/2026 15:36
315,37,click,01/12/2026 17:12
315,3,search,01/12/2026 19:50
315,9,update_quantity,01/12/2026 20:53
315,28,remove_cart,01/12/2026 21:35
315,37,click,01/13/2026 0:16
315,6,click,01/13/2026 1:49
315,5,view,01/13/2026 4:09
315,11,search,01/13/2026 6:30
315,9,purchase,01/13/2026 7:01
315,9,add_to_cart,01/13/2026 8:55
315,2,search,01/13/2026 9:00
315,28,add_to_cart,01/13/2026 10:21
315,28,purchase,01/13/2026 12:47
315,27,search,01/13/2026 13:37
315,50,view,01/13/2026 14:21
315,9,update_quantity,01/13/2026 15:24
315,13,search,01/13/2026 17:45
315,9,purchase,01/13/2026 20:06
315,9,rate,01/13/2026 21:17
315,35,view,01/13/2026 22:03
315,35,click,01/14/2026 0:47
315,35,view,01/14/2026 1:22
315,35,add_to_cart,01/14/2026 3:58
316,43,view,01/26/2026 6:34
316,30,add_to_cart,01/26/2026 8:11
316,43,view,01/26/2026 9:35
316,43,click,01/26/2026 11:29
316,30,update_quantity,01/26/2026 14:22
316,35,view,01/26/2026 16:32
316,43,click,01/26/2026 17:24
316,32,click,01/26/2026 19:49
316,43,click,01/26/2026 20:03
316,30,remove_cart,01/26/2026 22:26
316,35,view,01/27/2026 0:38
316,35,click,01/27/2026 3:37
316,35,add_to_cart,01/27/2026 6:34
316,35,remove_cart,01/27/2026 9:13
316,35,click,01/27/2026 10:25
316,35,click,01/27/2026 11:42
316,30,click,01/27/2026 12:28
316,15,search,01/27/2026 13:15
316,35,view,01/27/2026 15:11
316,17,click,01/27/2026 16:37
316,1,view,01/27/2026 16:42
316,31,search,01/27/2026 18:59
316,35,add_to_cart,01/27/2026 21:01
316,35,purchase,01/27/2026 22:00
316,35,add_to_cart,01/27/2026 23:09
316,21,search,01/27/2026 23:30
316,35,click,01/28/2026 2:26
316,21,view,01/28/2026 5:11
316,32,search,01/28/2026 8:00
316,32,click,01/28/2026 8:52
316,4,view,01/28/2026 9:19
316,32,view,01/28/2026 10:13
316,29,view,01/28/2026 13:03
316,32,add_to_cart,01/28/2026 13:29
316,32,purchase,01/28/2026 14:09
316,21,click,01/28/2026 16:37
316,25,view,01/28/2026 17:26
316,25,add_to_cart,01/28/2026 19:28
316,29,view,01/28/2026 22:01
316,35,purchase,01/28/2026 22:06
316,25,update_quantity,01/28/2026 23:24
316,21,add_to_cart,01/29/2026 0:29
316,1,add_to_cart,01/29/2026 0:47
316,29,add_to_cart,01/29/2026 1:56
316,33,view,01/29/2026 3:47
316,1,purchase,01/29/2026 5:06
316,35,rate,01/29/2026 5:49
316,25,click,01/29/2026 7:10
316,42,view,01/29/2026 8:30
316,1,rate,01/29/2026 8:39
316,2,add_to_cart,01/29/2026 10:32
316,10,click,01/29/2026 13:09
316,35,click,01/29/2026 14:19
316,35,view,01/29/2026 16:43
316,35,view,01/29/2026 18:58
316,2,click,01/29/2026 20:59
316,49,search,01/29/2026 22:21
316,10,view,01/29/2026 23:01
316,32,search,01/30/2026 0:04
316,21,update_quantity,01/30/2026 1:22
316,32,view,01/30/2026 2:20
316,2,add_to_cart,01/30/2026 4:16
316,32,rate,01/30/2026 7:02
316,40,search,01/30/2026 9:55
316,33,search,01/30/2026 11:03
316,48,search,01/30/2026 13:41
316,40,view,01/30/2026 14:05
316,40,add_to_cart,01/30/2026 17:00
316,21,update_quantity,01/30/2026 17:11
316,40,view,01/30/2026 17:34
316,48,click,01/30/2026 17:46
316,44,click,01/30/2026 19:49
316,37,click,01/30/2026 20:36
316,17,search,01/30/2026 23:32
316,25,update_quantity,01/31/2026 1:28
316,43,view,01/31/2026 1:56
316,43,view,01/31/2026 4:10
316,48,add_to_cart,01/31/2026 4:44
316,1,view,01/31/2026 6:32
316,30,search,01/31/2026 9:00
317,48,view,11/01/2025 3:12
317,48,add_to_cart,11/01/2025 3:52
317,38,view,11/01/2025 6:17
317,48,view,11/01/2025 7:38
317,48,click,11/01/2025 10:13
317,10,click,11/01/2025 11:24
317,48,purchase,11/01/2025 12:51
317,50,search,11/01/2025 13:14
317,3,click,11/01/2025 14:37
317,48,click,11/01/2025 15:26
317,46,view,11/01/2025 17:14
317,46,view,11/01/2025 18:04
317,46,click,11/01/2025 19:31
317,16,click,11/01/2025 19:57
317,13,add_to_cart,11/01/2025 20:02
317,32,search,11/01/2025 21:21
317,3,view,11/01/2025 23:55
317,46,view,11/02/2025 2:27
317,5,search,11/02/2025 4:42
317,15,search,11/02/2025 6:45
317,3,view,11/02/2025 7:47
317,13,search,11/02/2025 9:12
317,1,search,11/02/2025 10:44
317,13,click,11/02/2025 13:18
317,13,update_quantity,11/02/2025 14:28
317,13,click,11/02/2025 16:57
317,42,add_to_cart,11/02/2025 19:38
317,13,click,11/02/2025 20:08
317,21,search,11/02/2025 23:07
317,9,view,11/03/2025 0:00
317,42,remove_cart,11/03/2025 2:05
317,13,remove_cart,11/03/2025 2:08
317,11,search,11/03/2025 4:31
317,35,click,11/03/2025 5:01
317,24,add_to_cart,11/03/2025 7:07
317,42,click,11/03/2025 9:06
317,24,purchase,11/03/2025 11:33
317,20,click,11/03/2025 14:24
317,24,add_to_cart,11/03/2025 14:42
317,24,purchase,11/03/2025 17:31
317,8,view,11/03/2025 18:01
317,42,search,11/03/2025 20:58
317,24,view,11/03/2025 23:31
317,20,view,11/04/2025 1:57
317,24,click,11/04/2025 4:53
317,8,view,11/04/2025 5:14
317,24,add_to_cart,11/04/2025 7:50
317,8,add_to_cart,11/04/2025 8:41
317,24,update_quantity,11/04/2025 9:15
317,24,click,11/04/2025 12:01
317,20,view,11/04/2025 12:53
317,20,click,11/04/2025 15:17
317,20,view,11/04/2025 16:50
317,24,purchase,11/04/2025 18:32
317,8,purchase,11/04/2025 20:22
317,32,add_to_cart,11/04/2025 22:17
317,11,search,11/04/2025 22:56
317,32,update_quantity,11/05/2025 0:31
317,32,remove_cart,11/05/2025 0:46
317,9,search,11/05/2025 3:33
318,47,search,10/31/2025 17:46
318,47,view,10/31/2025 18:48
318,44,search,10/31/2025 21:15
318,44,view,10/31/2025 22:02
318,44,view,10/31/2025 22:25
318,47,view,11/01/2025 0:00
318,44,view,11/01/2025 0:08
318,4,add_to_cart,11/01/2025 1:23
318,4,click,11/01/2025 2:14
318,21,click,11/01/2025 2:45
318,23,search,11/01/2025 2:56
318,44,add_to_cart,11/01/2025 4:10
318,44,update_quantity,11/01/2025 4:58
318,1,view,11/01/2025 6:29
318,44,click,11/01/2025 7:13
318,44,click,11/01/2025 8:48
318,4,view,11/01/2025 11:30
318,44,add_to_cart,11/01/2025 12:41
318,43,click,11/01/2025 13:30
318,42,search,11/01/2025 14:52
318,4,purchase,11/01/2025 16:16
318,44,add_to_cart,11/01/2025 16:18
318,44,update_quantity,11/01/2025 17:30
318,44,view,11/01/2025 18:33
318,44,add_to_cart,11/01/2025 20:15
318,30,view,11/01/2025 22:45
318,44,click,11/01/2025 23:58
318,44,click,11/02/2025 2:00
318,44,purchase,11/02/2025 2:42
318,13,view,11/02/2025 4:06
318,5,search,11/02/2025 5:27
318,44,view,11/02/2025 6:49
318,32,view,11/02/2025 9:26
318,44,add_to_cart,11/02/2025 9:32
318,21,view,11/02/2025 11:32
318,21,search,11/02/2025 13:26
318,27,search,11/02/2025 14:30
318,6,search,11/02/2025 15:32
318,44,update_quantity,11/02/2025 18:13
318,44,purchase,11/02/2025 19:01
318,21,view,11/02/2025 20:02
318,43,search,11/02/2025 22:45
318,41,search,11/02/2025 23:56
318,4,view,11/03/2025 0:14
318,5,search,11/03/2025 1:12
318,47,view,11/03/2025 1:18
318,44,view,11/03/2025 2:28
318,24,view,11/03/2025 3:39
318,27,click,11/03/2025 3:49
318,43,click,11/03/2025 3:57
318,26,view,11/03/2025 5:42
318,45,search,11/03/2025 8:08
318,12,view,11/03/2025 9:19
318,47,click,11/03/2025 10:09
318,19,add_to_cart,11/03/2025 10:59
318,44,add_to_cart,11/03/2025 13:54
318,44,rate,11/03/2025 14:46
318,47,view,11/03/2025 15:05
318,44,purchase,11/03/2025 16:14
318,6,view,11/03/2025 18:14
318,47,view,11/03/2025 19:18
318,16,view,11/03/2025 22:17
318,35,search,11/03/2025 23:43
318,16,view,11/03/2025 23:57
318,20,view,11/04/2025 2:30
318,41,search,11/04/2025 4:19
318,13,click,11/04/2025 6:26
318,41,click,11/04/2025 6:44
318,20,view,11/04/2025 9:24
318,20,view,11/04/2025 12:06
318,19,purchase,11/04/2025 13:37
319,3,search,10/25/2025 5:21
319,50,click,10/25/2025 7:11
319,42,click,10/25/2025 7:55
319,3,view,10/25/2025 8:20
319,42,add_to_cart,10/25/2025 10:48
319,5,click,10/25/2025 13:13
319,5,click,10/25/2025 15:52
319,13,search,10/25/2025 16:40
319,38,click,10/25/2025 17:02
319,42,purchase,10/25/2025 18:21
319,5,view,10/25/2025 19:20
319,13,view,10/25/2025 19:42
319,42,click,10/25/2025 19:46
319,8,click,10/25/2025 22:45
319,42,click,10/25/2025 22:49
319,46,search,10/26/2025 1:05
319,42,view,10/26/2025 4:01
319,22,click,10/26/2025 4:42
319,42,view,10/26/2025 7:17
319,42,add_to_cart,10/26/2025 8:58
319,42,view,10/26/2025 11:15
319,21,view,10/26/2025 12:50
319,21,click,10/26/2025 15:33
319,5,add_to_cart,10/26/2025 17:15
319,42,add_to_cart,10/26/2025 19:09
319,4,view,10/26/2025 19:16
319,42,view,10/26/2025 21:53
319,5,update_quantity,10/26/2025 22:25
319,42,view,10/26/2025 23:22
319,4,view,10/26/2025 23:41
319,5,purchase,10/26/2025 23:47
319,23,add_to_cart,10/27/2025 0:15
319,23,click,10/27/2025 1:21
319,42,purchase,10/27/2025 1:30
319,23,update_quantity,10/27/2025 2:40
319,16,add_to_cart,10/27/2025 5:22
319,8,click,10/27/2025 7:44
319,16,remove_cart,10/27/2025 9:02
319,23,add_to_cart,10/27/2025 10:02
319,16,click,10/27/2025 11:47
319,25,view,10/27/2025 11:56
319,23,purchase,10/27/2025 13:42
319,17,click,10/27/2025 15:09
319,11,search,10/27/2025 17:57
319,17,view,10/27/2025 19:43
319,38,view,10/27/2025 20:03
320,42,view,02/21/2026 3:55
320,50,view,02/21/2026 6:51
320,13,add_to_cart,02/21/2026 9:19
320,13,update_quantity,02/21/2026 10:33
320,2,click,02/21/2026 13:19
320,42,view,02/21/2026 15:57
320,13,update_quantity,02/21/2026 18:25
320,13,purchase,02/21/2026 20:26
320,7,search,02/21/2026 22:28
320,47,view,02/21/2026 22:35
320,42,view,02/22/2026 1:08
320,42,view,02/22/2026 3:34
320,7,add_to_cart,02/22/2026 4:19
320,42,view,02/22/2026 7:13
320,42,add_to_cart,02/22/2026 8:06
320,13,view,02/22/2026 9:57
320,42,purchase,02/22/2026 10:22
320,47,view,02/22/2026 10:57
320,7,click,02/22/2026 13:42
320,7,update_quantity,02/22/2026 13:45
320,21,view,02/22/2026 14:59
320,19,search,02/22/2026 16:46
320,42,click,02/22/2026 17:09
320,45,search,02/22/2026 19:59
320,47,view,02/22/2026 20:59
320,21,view,02/22/2026 22:04
320,34,view,02/22/2026 23:32
320,19,search,02/22/2026 23:47
320,22,search,02/23/2026 0:30
320,19,add_to_cart,02/23/2026 1:04
320,8,view,02/23/2026 1:07
320,45,click,02/23/2026 3:59
320,19,view,02/23/2026 5:16
320,45,view,02/23/2026 6:50
320,8,view,02/23/2026 9:01
320,8,search,02/23/2026 11:20
320,11,click,02/23/2026 11:33
320,7,update_quantity,02/23/2026 13:50
320,45,view,02/23/2026 16:03
320,11,click,02/23/2026 18:39
320,19,click,02/23/2026 20:32
320,19,remove_cart,02/23/2026 22:11
320,7,purchase,02/24/2026 0:47
320,35,click,02/24/2026 3:43
320,23,click,02/24/2026 4:07
320,35,add_to_cart,02/24/2026 4:29
320,35,purchase,02/24/2026 6:41
320,33,search,02/24/2026 6:46
320,22,click,02/24/2026 9:31
320,30,search,02/24/2026 10:19
320,35,add_to_cart,02/24/2026 11:56
320,35,update_quantity,02/24/2026 13:40
320,22,click,02/24/2026 16:28
320,35,view,02/24/2026 16:58
320,30,view,02/24/2026 17:33
320,30,click,02/24/2026 18:23
320,30,click,02/24/2026 20:49
320,35,remove_cart,02/24/2026 22:58
320,44,search,02/25/2026 1:58
320,35,click,02/25/2026 4:49
320,30,click,02/25/2026 5:53
320,30,add_to_cart,02/25/2026 7:12
320,8,view,02/25/2026 8:48
320,46,click,02/25/2026 9:08
320,7,rate,02/25/2026 9:51
320,10,search,02/25/2026 11:05
320,7,view,02/25/2026 13:30
320,30,view,02/25/2026 15:24
320,7,view,02/25/2026 17:38
320,3,add_to_cart,02/25/2026 20:35
320,3,click,02/25/2026 22:11
320,46,click,02/25/2026 23:43
320,3,update_quantity,02/26/2026 0:15
320,10,view,02/26/2026 1:30
320,46,view,02/26/2026 3:20
320,43,search,02/26/2026 3:57
321,23,add_to_cart,01/11/2026 18:16
321,23,add_to_cart,01/11/2026 19:59
321,9,view,01/11/2026 21:52
321,9,click,01/11/2026 22:44
321,9,view,01/11/2026 22:57
321,23,click,01/12/2026 0:39
321,9,add_to_cart,01/12/2026 2:42
321,10,search,01/12/2026 5:24
321,23,click,01/12/2026 7:57
321,23,click,01/12/2026 8:55
321,23,update_quantity,01/12/2026 10:09
321,22,view,01/12/2026 10:51
321,9,click,01/12/2026 11:18
321,9,click,01/12/2026 13:42
321,19,search,01/12/2026 15:06
321,47,add_to_cart,01/12/2026 15:49
321,15,view,01/12/2026 16:02
321,23,add_to_cart,01/12/2026 17:14
321,22,add_to_cart,01/12/2026 20:11
321,47,update_quantity,01/12/2026 21:08
321,13,search,01/12/2026 23:12
321,19,add_to_cart,01/13/2026 0:03
321,15,add_to_cart,01/13/2026 1:49
321,23,remove_cart,01/13/2026 3:13
321,36,search,01/13/2026 4:05
321,36,click,01/13/2026 6:52
321,17,search,01/13/2026 8:29
321,36,view,01/13/2026 10:22
321,22,remove_cart,01/13/2026 10:33
321,19,remove_cart,01/13/2026 11:16
321,15,update_quantity,01/13/2026 11:29
321,17,view,01/13/2026 12:50
321,17,view,01/13/2026 14:41
321,19,click,01/13/2026 17:29
321,17,add_to_cart,01/13/2026 18:37
321,47,remove_cart,01/13/2026 20:54
321,18,search,01/13/2026 22:58
321,17,add_to_cart,01/14/2026 0:56
321,17,click,01/14/2026 2:48
321,49,view,01/14/2026 3:16
321,49,click,01/14/2026 4:09
321,17,click,01/14/2026 6:06
321,17,view,01/14/2026 8:08
321,18,view,01/14/2026 9:07
321,18,view,01/14/2026 10:07
322,15,search,12/10/2025 17:17
322,15,view,12/10/2025 18:19
322,15,view,12/10/2025 19:54
322,15,view,12/10/2025 20:03
322,15,add_to_cart,12/10/2025 20:41
322,15,view,12/10/2025 22:41
322,12,view,12/10/2025 22:51
322,15,click,12/11/2025 0:56
322,15,view,12/11/2025 2:19
322,12,add_to_cart,12/11/2025 4:13
322,15,click,12/11/2025 5:04
322,43,view,12/11/2025 8:04
322,49,add_to_cart,12/11/2025 9:07
322,15,click,12/11/2025 9:12
322,12,view,12/11/2025 11:21
322,12,update_quantity,12/11/2025 12:57
322,15,purchase,12/11/2025 14:11
322,43,add_to_cart,12/11/2025 15:57
322,13,add_to_cart,12/11/2025 18:05
322,31,search,12/11/2025 18:12
322,35,view,12/11/2025 18:44
322,43,add_to_cart,12/11/2025 19:24
322,27,search,12/11/2025 22:19
322,14,click,12/11/2025 22:31
322,13,view,12/12/2025 0:46
322,49,click,12/12/2025 3:30
322,27,click,12/12/2025 5:16
322,42,search,12/12/2025 8:03
322,42,view,12/12/2025 9:58
322,43,search,12/12/2025 10:57
322,34,view,12/12/2025 12:44
322,49,add_to_cart,12/12/2025 13:15
322,2,view,12/12/2025 13:40
322,13,remove_cart,12/12/2025 14:57
322,12,update_quantity,12/12/2025 15:36
323,29,view,12/06/2025 21:51
323,29,view,12/06/2025 22:04
323,7,search,12/07/2025 0:19
323,7,view,12/07/2025 2:29
323,35,search,12/07/2025 2:58
323,35,add_to_cart,12/07/2025 3:20
323,8,search,12/07/2025 6:00
323,35,click,12/07/2025 8:14
323,38,add_to_cart,12/07/2025 10:36
323,38,add_to_cart,12/07/2025 12:31
323,46,click,12/07/2025 15:19
323,42,search,12/07/2025 17:26
323,14,view,12/07/2025 18:48
323,35,add_to_cart,12/07/2025 20:30
323,8,click,12/07/2025 21:49
323,10,view,12/08/2025 0:12
323,38,click,12/08/2025 1:07
323,38,add_to_cart,12/08/2025 2:26
323,10,view,12/08/2025 3:44
323,25,click,12/08/2025 5:45
323,8,click,12/08/2025 6:33
323,43,search,12/08/2025 7:24
323,24,search,12/08/2025 8:35
323,39,click,12/08/2025 8:52
323,39,view,12/08/2025 9:06
323,5,view,12/08/2025 11:13
323,31,click,12/08/2025 13:15
323,35,purchase,12/08/2025 15:02
323,40,view,12/08/2025 16:59
323,10,add_to_cart,12/08/2025 17:47
323,10,purchase,12/08/2025 18:30
323,34,view,12/08/2025 19:11
323,34,add_to_cart,12/08/2025 21:39
323,3,search,12/08/2025 22:37
323,34,update_quantity,12/09/2025 1:38
323,11,click,12/09/2025 3:25
323,34,view,12/09/2025 6:11
323,34,remove_cart,12/09/2025 7:18
323,38,update_quantity,12/09/2025 9:46
323,14,add_to_cart,12/09/2025 9:58
323,14,click,12/09/2025 10:35
323,4,click,12/09/2025 12:02
323,23,search,12/09/2025 14:14
323,4,view,12/09/2025 16:02
323,34,view,12/09/2025 17:18
323,23,view,12/09/2025 19:04
323,34,add_to_cart,12/09/2025 19:48
324,47,click,02/26/2026 22:24
324,25,click,02/26/2026 23:21
324,25,click,02/27/2026 0:05
324,47,view,02/27/2026 2:04
324,4,add_to_cart,02/27/2026 5:05
324,10,search,02/27/2026 6:41
324,47,add_to_cart,02/27/2026 7:05
324,34,view,02/27/2026 7:25
324,45,search,02/27/2026 8:10
324,4,purchase,02/27/2026 8:26
324,4,rate,02/27/2026 10:18
324,19,add_to_cart,02/27/2026 12:52
324,7,click,02/27/2026 15:17
324,10,view,02/27/2026 17:55
324,1,search,02/27/2026 20:08
324,2,search,02/27/2026 21:04
324,19,add_to_cart,02/27/2026 22:45
324,4,add_to_cart,02/28/2026 0:59
324,47,purchase,02/28/2026 1:38
324,4,update_quantity,02/28/2026 3:32
324,15,search,02/28/2026 5:20
324,10,view,02/28/2026 8:06
324,10,click,02/28/2026 8:59
324,10,view,02/28/2026 11:27
324,4,click,02/28/2026 14:06
324,1,view,02/28/2026 15:36
324,4,search,02/28/2026 16:11
324,19,remove_cart,02/28/2026 19:04
324,4,update_quantity,02/28/2026 21:13
324,1,view,02/28/2026 23:24
324,4,view,03/01/2026 1:13
324,33,click,03/01/2026 3:35
324,19,view,03/01/2026 5:14
324,20,view,03/01/2026 7:14
324,31,view,03/01/2026 9:15
324,49,view,03/01/2026 10:02
324,4,add_to_cart,03/01/2026 11:26
324,4,purchase,03/01/2026 11:57
324,33,add_to_cart,03/01/2026 13:54
324,33,purchase,03/01/2026 15:25
324,33,search,03/01/2026 16:40
324,49,click,03/01/2026 18:23
324,33,view,03/01/2026 18:25
324,33,add_to_cart,03/01/2026 19:46
324,32,add_to_cart,03/01/2026 22:07
324,33,update_quantity,03/01/2026 23:10
324,33,view,03/02/2026 0:07
324,32,purchase,03/02/2026 2:52
324,33,view,03/02/2026 4:26
324,32,click,03/02/2026 7:17
325,29,search,02/23/2026 14:58
325,29,add_to_cart,02/23/2026 17:15
325,27,search,02/23/2026 18:37
325,29,remove_cart,02/23/2026 20:43
325,29,click,02/23/2026 21:46
325,4,search,02/23/2026 22:52
325,3,view,02/24/2026 0:19
325,39,view,02/24/2026 1:17
325,44,search,02/24/2026 3:53
325,29,view,02/24/2026 6:12
325,40,search,02/24/2026 7:47
325,10,search,02/24/2026 10:21
325,44,view,02/24/2026 12:43
325,44,view,02/24/2026 13:22
325,39,click,02/24/2026 15:52
325,29,view,02/24/2026 17:17
325,16,view,02/24/2026 19:08
325,44,view,02/24/2026 20:21
325,26,search,02/24/2026 20:27
325,18,search,02/24/2026 22:39
325,19,search,02/25/2026 0:56
325,21,view,02/25/2026 2:38
325,49,search,02/25/2026 3:12
325,49,click,02/25/2026 5:51
325,40,search,02/25/2026 6:10
325,9,view,02/25/2026 8:42
325,19,click,02/25/2026 9:17
325,39,view,02/25/2026 10:00
325,48,click,02/25/2026 12:12
325,48,search,02/25/2026 13:40
325,49,view,02/25/2026 14:44
325,40,click,02/25/2026 17:06
325,40,view,02/25/2026 19:58
325,42,click,02/25/2026 21:36
325,19,view,02/25/2026 23:06
325,18,view,02/26/2026 1:09
325,50,search,02/26/2026 1:33
325,50,view,02/26/2026 3:12
325,24,search,02/26/2026 5:24
325,42,click,02/26/2026 7:04
325,24,add_to_cart,02/26/2026 7:09
325,21,search,02/26/2026 8:18
325,24,remove_cart,02/26/2026 10:59
325,22,search,02/26/2026 12:41
325,5,add_to_cart,02/26/2026 14:30
325,5,update_quantity,02/26/2026 14:42
325,24,view,02/26/2026 17:18
325,5,add_to_cart,02/26/2026 18:06
325,43,search,02/26/2026 20:56
325,24,view,02/26/2026 22:32
325,14,search,02/27/2026 0:44
325,43,view,02/27/2026 1:08
325,44,click,02/27/2026 3:27
325,13,search,02/27/2026 5:21
325,5,purchase,02/27/2026 5:40
325,29,view,02/27/2026 7:10
325,5,rate,02/27/2026 8:30
325,24,search,02/27/2026 10:38
325,43,view,02/27/2026 12:24
325,49,search,02/27/2026 13:32
325,26,search,02/27/2026 14:44
326,29,click,01/17/2026 20:33
326,29,view,01/17/2026 23:26
326,29,add_to_cart,01/18/2026 0:06
326,29,update_quantity,01/18/2026 2:22
326,37,view,01/18/2026 4:26
326,29,remove_cart,01/18/2026 5:34
326,45,click,01/18/2026 8:04
326,43,search,01/18/2026 10:43
326,30,view,01/18/2026 11:27
326,29,view,01/18/2026 13:13
326,33,search,01/18/2026 13:22
326,29,add_to_cart,01/18/2026 16:14
326,16,search,01/18/2026 18:26
326,33,search,01/18/2026 19:27
326,28,add_to_cart,01/18/2026 20:36
326,15,add_to_cart,01/18/2026 21:52
326,22,view,01/19/2026 0:31
326,29,update_quantity,01/19/2026 1:46
326,22,click,01/19/2026 4:40
326,22,click,01/19/2026 7:04
326,29,purchase,01/19/2026 8:35
326,15,purchase,01/19/2026 10:21
326,22,add_to_cart,01/19/2026 10:50
326,22,update_quantity,01/19/2026 10:58
326,14,click,01/19/2026 11:35
326,31,search,01/19/2026 12:51
326,2,search,01/19/2026 15:15
326,28,update_quantity,01/19/2026 15:27
326,28,click,01/19/2026 18:15
326,7,search,01/19/2026 19:40
326,28,update_quantity,01/19/2026 20:48
326,44,search,01/19/2026 22:30
326,44,view,01/20/2026 0:27
326,29,rate,01/20/2026 0:59
326,28,click,01/20/2026 3:22
326,28,search,01/20/2026 5:02
326,23,search,01/20/2026 5:07
326,7,view,01/20/2026 6:01
326,49,search,01/20/2026 8:02
326,7,add_to_cart,01/20/2026 10:19
326,29,search,01/20/2026 12:18
326,29,click,01/20/2026 13:56
326,28,purchase,01/20/2026 15:54
326,7,update_quantity,01/20/2026 18:47
326,7,view,01/20/2026 19:01
326,40,add_to_cart,01/20/2026 21:15
326,7,view,01/21/2026 0:02
326,7,view,01/21/2026 0:05
326,24,view,01/21/2026 0:43
326,1,click,01/21/2026 1:41
326,40,view,01/21/2026 4:14
326,41,view,01/21/2026 4:18
327,34,click,02/21/2026 13:27
327,48,search,02/21/2026 14:17
327,33,search,02/21/2026 15:52
327,33,add_to_cart,02/21/2026 16:42
327,48,view,02/21/2026 18:39
327,33,update_quantity,02/21/2026 18:43
327,32,add_to_cart,02/21/2026 20:44
327,33,click,02/21/2026 23:12
327,32,purchase,02/22/2026 1:09
327,48,view,02/22/2026 1:49
327,13,add_to_cart,02/22/2026 2:58
327,32,add_to_cart,02/22/2026 5:34
327,7,search,02/22/2026 7:15
327,32,purchase,02/22/2026 9:49
327,13,add_to_cart,02/22/2026 12:34
327,8,view,02/22/2026 12:53
327,7,view,02/22/2026 14:44
327,32,view,02/22/2026 16:07
327,28,search,02/22/2026 18:22
327,32,view,02/22/2026 18:33
327,1,search,02/22/2026 18:47
327,8,view,02/22/2026 21:28
327,5,add_to_cart,02/22/2026 23:50
327,32,view,02/23/2026 0:49
327,32,add_to_cart,02/23/2026 1:12
327,41,search,02/23/2026 1:34
327,47,search,02/23/2026 2:51
327,32,view,02/23/2026 4:10
327,17,search,02/23/2026 5:18
327,32,click,02/23/2026 6:01
327,47,view,02/23/2026 6:40
327,32,rate,02/23/2026 7:52
327,17,view,02/23/2026 9:45
327,17,add_to_cart,02/23/2026 10:10
327,32,add_to_cart,02/23/2026 11:13
327,47,view,02/23/2026 13:26
327,45,search,02/23/2026 13:47
327,5,update_quantity,02/23/2026 14:31
327,27,click,02/23/2026 15:16
327,17,search,02/23/2026 17:46
327,33,remove_cart,02/23/2026 19:59
327,47,view,02/23/2026 21:55
327,27,view,02/23/2026 22:31
327,13,remove_cart,02/23/2026 23:11
327,5,click,02/23/2026 23:35
327,17,remove_cart,02/24/2026 0:00
327,6,click,02/24/2026 1:57
327,27,view,02/24/2026 3:25
327,1,click,02/24/2026 6:07
327,40,view,02/24/2026 8:58
327,40,click,02/24/2026 9:26
327,38,view,02/24/2026 10:07
327,33,search,02/24/2026 10:40
327,1,view,02/24/2026 12:27
328,29,view,02/05/2026 14:56
328,29,view,02/05/2026 15:20
328,29,click,02/05/2026 16:05
328,29,view,02/05/2026 18:41
328,29,view,02/05/2026 18:55
328,9,add_to_cart,02/05/2026 21:12
328,29,add_to_cart,02/05/2026 23:22
328,9,add_to_cart,02/06/2026 1:12
328,9,remove_cart,02/06/2026 4:06
328,29,remove_cart,02/06/2026 7:04
328,29,add_to_cart,02/06/2026 8:28
328,44,search,02/06/2026 9:39
328,29,purchase,02/06/2026 11:13
328,29,rate,02/06/2026 13:58
328,9,view,02/06/2026 15:26
328,14,add_to_cart,02/06/2026 16:17
328,9,click,02/06/2026 16:36
328,31,view,02/06/2026 17:44
328,31,click,02/06/2026 18:48
328,31,view,02/06/2026 19:51
328,14,purchase,02/06/2026 22:43
328,29,view,02/06/2026 23:19
328,11,view,02/07/2026 1:06
328,38,view,02/07/2026 3:30
328,31,view,02/07/2026 6:21
328,24,search,02/07/2026 7:47
328,38,view,02/07/2026 10:08
328,14,rate,02/07/2026 12:28
328,38,add_to_cart,02/07/2026 14:36
328,38,remove_cart,02/07/2026 15:01
328,5,search,02/07/2026 15:39
328,31,add_to_cart,02/07/2026 16:37
328,38,click,02/07/2026 17:42
328,31,remove_cart,02/07/2026 18:54
328,50,search,02/07/2026 19:13
328,31,view,02/07/2026 20:49
328,15,search,02/07/2026 23:13
328,27,click,02/08/2026 2:06
328,15,click,02/08/2026 3:04
328,27,view,02/08/2026 4:41
328,31,click,02/08/2026 7:11
328,19,view,02/08/2026 9:35
328,41,click,02/08/2026 10:48
328,44,search,02/08/2026 10:56
328,10,click,02/08/2026 11:32
328,27,view,02/08/2026 12:31
328,27,view,02/08/2026 14:37
328,33,add_to_cart,02/08/2026 14:57
328,31,view,02/08/2026 17:04
328,10,click,02/08/2026 19:01
328,35,click,02/08/2026 20:15
328,10,view,02/08/2026 22:42
328,25,add_to_cart,02/08/2026 23:42
328,27,add_to_cart,02/09/2026 1:58
328,28,search,02/09/2026 2:36
328,46,view,02/09/2026 4:57
328,25,remove_cart,02/09/2026 6:52
328,28,add_to_cart,02/09/2026 9:00
328,7,click,02/09/2026 10:35
328,14,view,02/09/2026 13:19
328,43,add_to_cart,02/09/2026 14:48
328,3,search,02/09/2026 15:12
328,36,view,02/09/2026 18:08
328,21,view,02/09/2026 18:58
328,46,add_to_cart,02/09/2026 20:23
328,13,view,02/09/2026 22:13
328,6,view,02/10/2026 0:42
328,43,purchase,02/10/2026 2:35
328,13,view,02/10/2026 3:24
328,2,view,02/10/2026 4:10
328,43,view,02/10/2026 6:42
328,43,click,02/10/2026 7:09
328,27,update_quantity,02/10/2026 8:29
328,28,remove_cart,02/10/2026 8:47
328,23,search,02/10/2026 10:50
328,43,view,02/10/2026 13:31
328,43,view,02/10/2026 15:32
328,43,add_to_cart,02/10/2026 15:58
328,49,search,02/10/2026 18:25
329,16,add_to_cart,01/21/2026 16:32
329,16,purchase,01/21/2026 17:35
329,16,rate,01/21/2026 18:17
329,16,click,01/21/2026 18:57
329,16,view,01/21/2026 19:34
329,16,click,01/21/2026 21:05
329,16,view,01/21/2026 22:00
329,25,click,01/21/2026 22:40
329,18,view,01/22/2026 0:20
329,17,view,01/22/2026 1:00
329,16,click,01/22/2026 1:32
329,17,click,01/22/2026 1:42
329,42,add_to_cart,01/22/2026 2:26
329,29,search,01/22/2026 3:56
329,15,add_to_cart,01/22/2026 5:41
329,35,view,01/22/2026 6:28
329,35,add_to_cart,01/22/2026 6:46
329,7,search,01/22/2026 7:19
329,21,search,01/22/2026 9:55
329,35,view,01/22/2026 11:00
329,7,view,01/22/2026 11:46
329,35,view,01/22/2026 11:52
329,31,search,01/22/2026 12:06
329,35,update_quantity,01/22/2026 12:15
329,7,view,01/22/2026 12:49
329,7,view,01/22/2026 15:27
329,37,search,01/22/2026 15:35
329,35,purchase,01/22/2026 17:30
329,26,view,01/22/2026 19:30
329,15,update_quantity,01/22/2026 21:14
329,42,purchase,01/22/2026 22:48
329,15,add_to_cart,01/22/2026 23:57
329,37,click,01/23/2026 2:07
329,24,add_to_cart,01/23/2026 3:29
329,39,add_to_cart,01/23/2026 5:57
329,17,search,01/23/2026 8:00
329,43,search,01/23/2026 9:46
329,18,search,01/23/2026 10:24
329,16,click,01/23/2026 11:00
329,5,view,01/23/2026 13:31
329,27,search,01/23/2026 13:48
330,31,search,10/25/2025 4:33
330,31,view,10/25/2025 6:11
330,15,view,10/25/2025 7:51
330,31,view,10/25/2025 10:07
330,31,click,10/25/2025 11:32
330,4,add_to_cart,10/25/2025 13:28
330,4,purchase,10/25/2025 14:53
330,4,click,10/25/2025 15:53
330,31,add_to_cart,10/25/2025 18:38
330,31,update_quantity,10/25/2025 20:04
330,18,view,10/25/2025 21:19
330,31,view,10/25/2025 22:50
330,28,add_to_cart,10/25/2025 23:29
330,28,purchase,10/26/2025 0:18
330,7,view,10/26/2025 2:17
330,18,view,10/26/2025 2:35
330,31,purchase,10/26/2025 5:02
330,6,search,10/26/2025 5:59
330,18,click,10/26/2025 8:15
330,42,search,10/26/2025 9:55
330,41,view,10/26/2025 10:48
330,7,view,10/26/2025 11:59
330,18,view,10/26/2025 12:20
330,18,add_to_cart,10/26/2025 12:53
330,18,click,10/26/2025 14:51
330,6,view,10/26/2025 16:02
330,32,search,10/26/2025 17:49
330,6,view,10/26/2025 20:17
330,6,click,10/26/2025 22:34
330,35,search,10/27/2025 0:58
330,11,search,10/27/2025 3:17
330,29,add_to_cart,10/27/2025 3:24
330,29,click,10/27/2025 3:39
330,6,view,10/27/2025 6:13
330,18,update_quantity,10/27/2025 7:01
330,12,click,10/27/2025 7:39
330,25,view,10/27/2025 9:45
330,29,view,10/27/2025 11:21
330,46,click,10/27/2025 13:06
330,15,click,10/27/2025 14:00
330,18,purchase,10/27/2025 14:07
330,31,rate,10/27/2025 14:23
330,10,view,10/27/2025 15:55
330,9,view,10/27/2025 18:16
330,29,purchase,10/27/2025 18:25
330,18,add_to_cart,10/27/2025 20:14
330,12,view,10/27/2025 22:22
330,4,view,10/28/2025 0:31
330,18,purchase,10/28/2025 3:09
330,28,rate,10/28/2025 4:32
330,42,search,10/28/2025 5:58
330,17,search,10/28/2025 6:45
330,18,view,10/28/2025 7:02
330,34,view,10/28/2025 9:26
330,18,view,10/28/2025 12:24
330,37,search,10/28/2025 15:21
330,17,view,10/28/2025 15:27
330,17,view,10/28/2025 15:57
330,11,search,10/28/2025 16:40
330,49,click,10/28/2025 17:29
330,10,search,10/28/2025 18:05
330,34,view,10/28/2025 19:52
330,11,add_to_cart,10/28/2025 21:55
330,11,purchase,10/28/2025 23:56
330,18,rate,10/29/2025 1:49
330,22,search,10/29/2025 2:44
330,11,view,10/29/2025 5:29
330,30,search,10/29/2025 7:17
330,30,view,10/29/2025 10:09
330,6,search,10/29/2025 11:03
330,30,add_to_cart,10/29/2025 12:22
330,11,add_to_cart,10/29/2025 12:45
330,11,update_quantity,10/29/2025 13:10
330,22,view,10/29/2025 13:15
330,11,purchase,10/29/2025 14:38
330,11,click,10/29/2025 15:52
330,28,add_to_cart,10/29/2025 16:37
330,1,view,10/29/2025 19:33
331,15,view,12/12/2025 21:56
331,48,add_to_cart,12/12/2025 22:59
331,48,update_quantity,12/13/2025 0:19
331,35,search,12/13/2025 0:23
331,15,search,12/13/2025 2:20
331,35,view,12/13/2025 3:35
331,14,view,12/13/2025 3:58
331,23,click,12/13/2025 4:28
331,45,search,12/13/2025 4:37
331,15,view,12/13/2025 5:57
331,15,click,12/13/2025 8:50
331,35,click,12/13/2025 11:13
331,41,click,12/13/2025 13:20
331,13,search,12/13/2025 14:56
331,15,click,12/13/2025 17:39
331,23,click,12/13/2025 19:05
331,15,view,12/13/2025 20:18
331,49,add_to_cart,12/13/2025 22:05
331,35,add_to_cart,12/14/2025 0:40
331,25,search,12/14/2025 2:39
331,38,search,12/14/2025 5:32
331,3,click,12/14/2025 8:19
331,48,purchase,12/14/2025 9:53
331,27,add_to_cart,12/14/2025 11:22
331,49,remove_cart,12/14/2025 13:40
331,17,search,12/14/2025 15:50
331,35,update_quantity,12/14/2025 18:47
331,3,view,12/14/2025 20:27
331,44,view,12/14/2025 21:02
331,10,view,12/14/2025 22:07
331,35,remove_cart,12/14/2025 22:53
331,27,update_quantity,12/15/2025 0:07
331,35,click,12/15/2025 2:36
331,25,view,12/15/2025 3:33
331,45,view,12/15/2025 5:11
331,22,click,12/15/2025 8:05
331,33,add_to_cart,12/15/2025 8:31
331,27,purchase,12/15/2025 9:42
331,45,add_to_cart,12/15/2025 10:51
331,27,click,12/15/2025 13:24
331,9,add_to_cart,12/15/2025 15:28
331,47,search,12/15/2025 15:38
331,47,view,12/15/2025 16:52
331,47,view,12/15/2025 18:22
331,45,purchase,12/15/2025 18:31
332,31,click,12/29/2025 5:09
332,31,click,12/29/2025 5:34
332,32,search,12/29/2025 7:54
332,17,view,12/29/2025 8:18
332,31,click,12/29/2025 9:26
332,17,view,12/29/2025 11:56
332,32,add_to_cart,12/29/2025 14:29
332,33,search,12/29/2025 15:54
332,47,view,12/29/2025 16:26
332,32,add_to_cart,12/29/2025 19:01
332,32,remove_cart,12/29/2025 21:59
332,42,search,12/30/2025 0:35
332,17,click,12/30/2025 1:47
332,32,click,12/30/2025 3:16
332,34,view,12/30/2025 5:57
332,17,click,12/30/2025 8:40
332,14,add_to_cart,12/30/2025 9:27
332,14,update_quantity,12/30/2025 12:20
332,32,view,12/30/2025 14:10
332,22,search,12/30/2025 15:12
332,22,add_to_cart,12/30/2025 15:39
332,32,view,12/30/2025 15:51
332,36,add_to_cart,12/30/2025 16:49
332,14,purchase,12/30/2025 18:16
332,11,view,12/30/2025 21:02
332,36,purchase,12/30/2025 23:27
332,22,remove_cart,12/31/2025 0:08
332,37,view,12/31/2025 0:29
332,8,add_to_cart,12/31/2025 2:49
332,22,click,12/31/2025 4:18
332,43,click,12/31/2025 6:36
332,8,purchase,12/31/2025 9:02
332,23,view,12/31/2025 10:19
332,36,search,12/31/2025 11:38
332,22,view,12/31/2025 14:32
332,11,view,12/31/2025 16:14
332,22,click,12/31/2025 18:03
332,22,add_to_cart,12/31/2025 20:53
332,36,view,12/31/2025 21:49
332,40,search,01/01/2026 0:15
332,22,view,01/01/2026 1:21
332,9,search,01/01/2026 4:18
332,22,update_quantity,01/01/2026 6:41
332,14,click,01/01/2026 7:19
332,19,search,01/01/2026 9:48
332,19,view,01/01/2026 12:49
332,36,add_to_cart,01/01/2026 14:26
332,22,purchase,01/01/2026 15:50
332,6,click,01/01/2026 18:45
332,48,click,01/01/2026 20:18
332,36,add_to_cart,01/01/2026 21:01
332,36,view,01/01/2026 22:11
332,19,view,01/01/2026 22:41
332,36,click,01/01/2026 23:36
332,10,search,01/02/2026 1:28
332,48,add_to_cart,01/02/2026 1:30
332,36,click,01/02/2026 4:01
332,36,view,01/02/2026 5:10
332,33,view,01/02/2026 6:26
332,36,update_quantity,01/02/2026 8:34
332,34,search,01/02/2026 10:35
332,48,click,01/02/2026 12:31
332,36,add_to_cart,01/02/2026 14:40
332,36,add_to_cart,01/02/2026 17:13
332,48,purchase,01/02/2026 17:55
332,36,add_to_cart,01/02/2026 19:29
332,49,search,01/02/2026 21:38
332,42,view,01/02/2026 21:51
332,36,update_quantity,01/03/2026 0:21
332,36,update_quantity,01/03/2026 2:24
332,36,update_quantity,01/03/2026 4:21
333,19,search,02/12/2026 7:03
333,12,view,02/12/2026 8:05
333,46,search,02/12/2026 10:57
333,23,add_to_cart,02/12/2026 12:45
333,23,purchase,02/12/2026 14:24
333,45,search,02/12/2026 17:03
333,20,search,02/12/2026 17:32
333,20,view,02/12/2026 20:30
333,45,view,02/12/2026 20:35
333,15,search,02/12/2026 21:17
333,42,search,02/12/2026 23:30
333,42,search,02/13/2026 1:08
333,6,search,02/13/2026 1:41
333,20,view,02/13/2026 4:03
333,27,add_to_cart,02/13/2026 4:58
333,27,update_quantity,02/13/2026 5:46
333,1,search,02/13/2026 6:08
333,39,view,02/13/2026 7:42
333,24,add_to_cart,02/13/2026 8:07
333,24,purchase,02/13/2026 8:18
333,24,rate,02/13/2026 10:20
333,27,update_quantity,02/13/2026 10:27
333,27,add_to_cart,02/13/2026 12:09
333,27,update_quantity,02/13/2026 13:59
333,23,rate,02/13/2026 14:33
333,25,click,02/13/2026 14:49
333,27,remove_cart,02/13/2026 16:02
333,24,click,02/13/2026 18:59
333,49,add_to_cart,02/13/2026 21:14
333,8,view,02/14/2026 0:05
333,43,view,02/14/2026 3:03
333,27,view,02/14/2026 3:26
333,49,purchase,02/14/2026 5:38
333,41,click,02/14/2026 6:54
333,35,click,02/14/2026 8:31
333,41,click,02/14/2026 9:06
333,49,add_to_cart,02/14/2026 9:57
333,49,purchase,02/14/2026 10:31
333,49,rate,02/14/2026 12:58
333,41,view,02/14/2026 13:53
333,12,view,02/14/2026 14:53
333,42,search,02/14/2026 15:26
333,49,view,02/14/2026 17:25
333,11,click,02/14/2026 18:06
333,25,view,02/14/2026 20:41
333,15,search,02/14/2026 22:40
333,4,view,02/15/2026 0:37
333,17,search,02/15/2026 1:13
333,24,view,02/15/2026 4:06
333,4,view,02/15/2026 5:55
333,47,search,02/15/2026 7:57
333,42,search,02/15/2026 10:57
333,24,view,02/15/2026 13:48
333,47,click,02/15/2026 15:29
333,2,click,02/15/2026 18:01
333,4,click,02/15/2026 18:12
333,14,view,02/15/2026 18:58
333,19,add_to_cart,02/15/2026 19:44
333,49,view,02/15/2026 22:45
333,42,click,02/15/2026 23:56
333,2,view,02/16/2026 0:32
333,4,view,02/16/2026 2:47
333,19,update_quantity,02/16/2026 4:34
333,44,search,02/16/2026 7:17
333,19,view,02/16/2026 7:36
333,2,view,02/16/2026 10:19
333,19,click,02/16/2026 13:05
333,19,view,02/16/2026 13:35
333,2,view,02/16/2026 15:38
333,19,view,02/16/2026 18:29
333,19,purchase,02/16/2026 21:28
333,12,view,02/16/2026 22:28
333,2,view,02/17/2026 0:59
333,39,search,02/17/2026 3:31
333,19,rate,02/17/2026 6:17
333,12,click,02/17/2026 8:27
334,2,add_to_cart,02/24/2026 18:54
334,2,click,02/24/2026 21:14
334,2,add_to_cart,02/24/2026 23:39
334,2,click,02/25/2026 1:51
334,47,add_to_cart,02/25/2026 2:03
334,46,search,02/25/2026 3:10
334,8,search,02/25/2026 5:11
334,46,search,02/25/2026 5:51
334,2,purchase,02/25/2026 7:55
334,46,add_to_cart,02/25/2026 9:23
334,20,search,02/25/2026 11:13
334,2,rate,02/25/2026 12:18
334,46,add_to_cart,02/25/2026 12:51
334,46,update_quantity,02/25/2026 14:42
334,6,view,02/25/2026 17:32
334,6,view,02/25/2026 18:34
334,2,view,02/25/2026 21:20
334,46,view,02/25/2026 22:20
334,6,click,02/26/2026 0:11
334,47,update_quantity,02/26/2026 2:39
334,47,remove_cart,02/26/2026 5:17
334,6,view,02/26/2026 5:21
334,33,search,02/26/2026 6:48
334,46,remove_cart,02/26/2026 9:24
334,36,search,02/26/2026 10:15
334,15,add_to_cart,02/26/2026 13:06
334,47,view,02/26/2026 14:25
334,2,search,02/26/2026 15:39
334,28,view,02/26/2026 16:23
334,15,update_quantity,02/26/2026 16:58
334,9,view,02/26/2026 17:34
334,2,click,02/26/2026 17:56
334,36,add_to_cart,02/26/2026 20:17
334,6,view,02/26/2026 21:59
334,41,search,02/26/2026 23:52
334,36,update_quantity,02/27/2026 1:19
334,50,view,02/27/2026 3:33
334,41,add_to_cart,02/27/2026 3:58
334,24,add_to_cart,02/27/2026 4:44
334,2,view,02/27/2026 7:08
334,36,view,02/27/2026 7:55
334,41,add_to_cart,02/27/2026 9:58
334,41,add_to_cart,02/27/2026 10:22
334,26,view,02/27/2026 12:43
334,13,search,02/27/2026 14:51
334,32,search,02/27/2026 17:02
334,13,view,02/27/2026 18:55
334,13,click,02/27/2026 19:59
334,3,view,02/27/2026 21:01
334,3,view,02/27/2026 21:30
334,3,click,02/27/2026 22:06
334,3,click,02/27/2026 22:11
334,13,click,02/27/2026 22:23
334,3,view,02/27/2026 22:25
335,20,search,10/31/2025 10:15
335,13,search,10/31/2025 10:51
335,36,search,10/31/2025 13:35
335,2,search,10/31/2025 15:33
335,36,add_to_cart,10/31/2025 18:14
335,13,click,10/31/2025 20:01
335,36,search,10/31/2025 22:25
335,36,purchase,10/31/2025 23:45
335,36,view,11/01/2025 1:08
335,13,click,11/01/2025 1:16
335,21,add_to_cart,11/01/2025 2:55
335,21,update_quantity,11/01/2025 4:44
335,21,view,11/01/2025 5:58
335,32,search,11/01/2025 7:32
335,21,add_to_cart,11/01/2025 8:31
335,21,view,11/01/2025 11:28
335,8,view,11/01/2025 11:59
335,21,click,11/01/2025 13:29
335,37,click,11/01/2025 13:39
335,37,click,11/01/2025 14:57
335,21,update_quantity,11/01/2025 16:55
335,41,search,11/01/2025 17:16
335,10,search,11/01/2025 19:42
335,10,search,11/01/2025 20:26
335,8,click,11/01/2025 22:56
335,21,remove_cart,11/02/2025 1:45
335,37,add_to_cart,11/02/2025 4:30
335,8,search,11/02/2025 7:11
335,37,click,11/02/2025 8:57
335,21,view,11/02/2025 11:17
335,37,purchase,11/02/2025 13:29
335,37,click,11/02/2025 15:47
335,37,view,11/02/2025 16:43
335,18,search,11/02/2025 17:09
335,37,click,11/02/2025 18:20
335,18,click,11/02/2025 19:16
335,9,search,11/02/2025 19:19
335,41,search,11/02/2025 22:08
335,41,click,11/03/2025 0:17
335,12,view,11/03/2025 0:49
335,20,search,11/03/2025 3:08
335,41,view,11/03/2025 5:02
335,9,view,11/03/2025 6:22
335,41,view,11/03/2025 8:25
335,41,add_to_cart,11/03/2025 8:43
335,41,purchase,11/03/2025 9:59
335,37,rate,11/03/2025 11:08
335,47,search,11/03/2025 11:39
335,17,click,11/03/2025 13:49
335,41,view,11/03/2025 15:36
335,23,search,11/03/2025 16:44
335,41,click,11/03/2025 17:36
335,41,add_to_cart,11/03/2025 19:38
335,24,click,11/03/2025 21:34
335,23,click,11/03/2025 22:02
335,15,add_to_cart,11/03/2025 22:22
335,41,click,11/03/2025 23:15
335,15,add_to_cart,11/04/2025 0:11
335,24,view,11/04/2025 1:21
336,14,add_to_cart,11/30/2025 4:23
336,11,add_to_cart,11/30/2025 5:32
336,24,search,11/30/2025 7:40
336,16,click,11/30/2025 8:35
336,39,click,11/30/2025 10:26
336,14,click,11/30/2025 10:35
336,14,add_to_cart,11/30/2025 11:47
336,41,search,11/30/2025 14:31
336,30,search,11/30/2025 16:05
336,14,purchase,11/30/2025 16:24
336,14,click,11/30/2025 19:12
336,29,view,11/30/2025 22:03
336,28,add_to_cart,12/01/2025 0:15
336,28,update_quantity,12/01/2025 1:30
336,4,click,12/01/2025 2:52
336,29,view,12/01/2025 5:27
336,11,update_quantity,12/01/2025 6:37
336,16,click,12/01/2025 8:37
336,12,view,12/01/2025 9:25
336,29,view,12/01/2025 9:56
336,11,purchase,12/01/2025 11:46
336,29,add_to_cart,12/01/2025 13:24
336,35,add_to_cart,12/01/2025 15:18
336,35,purchase,12/01/2025 17:50
336,28,purchase,12/01/2025 18:35
336,17,add_to_cart,12/01/2025 21:28
336,17,update_quantity,12/01/2025 21:57
336,7,search,12/01/2025 23:24
336,39,view,12/02/2025 1:35
336,35,view,12/02/2025 3:51
336,17,remove_cart,12/02/2025 5:46
336,19,search,12/02/2025 7:05
336,17,view,12/02/2025 9:27
336,25,view,12/02/2025 9:31
336,35,add_to_cart,12/02/2025 11:35
336,17,add_to_cart,12/02/2025 12:14
336,14,view,12/02/2025 14:50
336,2,click,12/02/2025 15:06
336,29,update_quantity,12/02/2025 15:12
336,7,search,12/02/2025 18:07
336,4,search,12/02/2025 20:15
336,35,update_quantity,12/02/2025 22:37
336,28,click,12/03/2025 0:34
336,6,search,12/03/2025 1:01
336,4,view,12/03/2025 2:10
336,25,view,12/03/2025 2:51
336,6,add_to_cart,12/03/2025 4:06
336,28,add_to_cart,12/03/2025 5:10
336,28,purchase,12/03/2025 7:42
336,24,view,12/03/2025 8:51
336,28,click,12/03/2025 10:29
336,28,add_to_cart,12/03/2025 11:17
336,28,purchase,12/03/2025 13:53
336,10,search,12/03/2025 15:13
336,28,view,12/03/2025 15:51
336,28,view,12/03/2025 17:31
336,28,add_to_cart,12/03/2025 18:28
336,10,search,12/03/2025 18:50
336,28,click,12/03/2025 21:05
336,5,search,12/03/2025 21:13
336,10,view,12/03/2025 23:07
337,39,click,01/20/2026 22:42
337,25,view,01/21/2026 0:23
337,39,click,01/21/2026 1:22
337,26,view,01/21/2026 3:32
337,5,click,01/21/2026 3:50
337,6,view,01/21/2026 4:12
337,22,search,01/21/2026 5:48
337,6,add_to_cart,01/21/2026 5:53
337,22,view,01/21/2026 8:48
337,6,remove_cart,01/21/2026 10:32
337,12,view,01/21/2026 13:10
337,43,add_to_cart,01/21/2026 13:32
337,43,purchase,01/21/2026 15:57
337,6,add_to_cart,01/21/2026 17:58
337,43,rate,01/21/2026 18:53
337,10,click,01/21/2026 19:17
337,43,view,01/21/2026 21:10
337,43,click,01/21/2026 22:19
337,43,view,01/21/2026 22:52
337,44,add_to_cart,01/22/2026 1:44
337,20,search,01/22/2026 4:32
337,44,purchase,01/22/2026 7:21
337,44,view,01/22/2026 9:25
337,43,add_to_cart,01/22/2026 11:26
337,12,search,01/22/2026 13:13
337,38,click,01/22/2026 16:08
337,34,view,01/22/2026 16:21
337,37,click,01/22/2026 18:54
337,14,search,01/22/2026 19:52
337,38,view,01/22/2026 20:46
337,44,click,01/22/2026 21:04
337,17,view,01/22/2026 23:14
337,33,click,01/23/2026 0:12
337,43,update_quantity,01/23/2026 2:17
337,43,update_quantity,01/23/2026 2:52
337,6,remove_cart,01/23/2026 5:30
337,43,click,01/23/2026 7:48
337,44,add_to_cart,01/23/2026 8:27
338,34,click,12/02/2025 2:54
338,27,search,12/02/2025 4:05
338,34,add_to_cart,12/02/2025 5:09
338,34,update_quantity,12/02/2025 7:29
338,12,add_to_cart,12/02/2025 9:27
338,12,update_quantity,12/02/2025 11:47
338,34,view,12/02/2025 12:16
338,30,add_to_cart,12/02/2025 12:22
338,34,remove_cart,12/02/2025 14:34
338,12,click,12/02/2025 17:21
338,18,search,12/02/2025 17:34
338,30,remove_cart,12/02/2025 20:25
338,26,view,12/02/2025 22:44
338,16,add_to_cart,12/03/2025 1:19
338,26,click,12/03/2025 4:04
338,16,purchase,12/03/2025 5:52
338,18,view,12/03/2025 6:33
338,18,click,12/03/2025 8:41
338,5,add_to_cart,12/03/2025 10:31
338,18,add_to_cart,12/03/2025 12:29
338,16,rate,12/03/2025 14:30
338,18,update_quantity,12/03/2025 17:21
338,16,view,12/03/2025 17:41
338,18,view,12/03/2025 20:22
338,46,view,12/03/2025 23:12
338,3,search,12/04/2025 1:39
338,18,add_to_cart,12/04/2025 2:47
338,18,add_to_cart,12/04/2025 5:12
338,15,search,12/04/2025 6:49
338,22,view,12/04/2025 7:02
338,47,view,12/04/2025 8:49
338,15,add_to_cart,12/04/2025 9:00
338,43,search,12/04/2025 9:02
338,15,view,12/04/2025 10:50
338,20,click,12/04/2025 11:45
338,12,purchase,12/04/2025 12:26
338,36,search,12/04/2025 13:31
338,11,search,12/04/2025 15:11
338,15,view,12/04/2025 16:49
338,11,add_to_cart,12/04/2025 19:42
338,15,purchase,12/04/2025 22:23
338,15,add_to_cart,12/04/2025 23:54
338,12,rate,12/05/2025 0:18
338,21,search,12/05/2025 3:18
338,5,purchase,12/05/2025 4:15
338,15,purchase,12/05/2025 4:42
338,5,rate,12/05/2025 6:48
338,5,view,12/05/2025 6:55
338,15,view,12/05/2025 9:23
338,38,view,12/05/2025 9:29
338,32,view,12/05/2025 10:44
338,24,search,12/05/2025 12:43
338,39,search,12/05/2025 13:15
338,37,add_to_cart,12/05/2025 15:35
338,38,click,12/05/2025 16:10
338,5,view,12/05/2025 17:09
338,37,update_quantity,12/05/2025 18:56
338,14,search,12/05/2025 21:15
338,37,update_quantity,12/05/2025 22:44
338,37,click,12/05/2025 23:43
338,38,add_to_cart,12/06/2025 1:47
338,38,purchase,12/06/2025 1:58
338,20,view,12/06/2025 3:03
338,37,add_to_cart,12/06/2025 5:55
338,20,click,12/06/2025 7:50
338,37,view,12/06/2025 10:21
339,15,view,01/08/2026 16:17
339,15,add_to_cart,01/08/2026 17:56
339,41,search,01/08/2026 20:30
339,7,add_to_cart,01/08/2026 21:10
339,15,update_quantity,01/09/2026 0:11
339,7,update_quantity,01/09/2026 0:18
339,15,remove_cart,01/09/2026 2:10
339,41,add_to_cart,01/09/2026 4:14
339,41,click,01/09/2026 7:13
339,4,view,01/09/2026 7:35
339,41,click,01/09/2026 9:19
339,44,view,01/09/2026 11:27
339,15,add_to_cart,01/09/2026 11:41
339,15,purchase,01/09/2026 13:44
339,41,remove_cart,01/09/2026 15:45
339,41,click,01/09/2026 16:42
339,27,search,01/09/2026 17:28
339,44,click,01/09/2026 18:59
339,7,remove_cart,01/09/2026 21:06
339,15,view,01/09/2026 21:58
339,49,click,01/09/2026 22:41
339,43,search,01/09/2026 22:57
339,49,add_to_cart,01/10/2026 1:43
339,31,add_to_cart,01/10/2026 2:00
339,49,purchase,01/10/2026 3:30
339,31,purchase,01/10/2026 4:16
339,7,click,01/10/2026 5:58
339,10,search,01/10/2026 8:26
339,49,add_to_cart,01/10/2026 8:53
339,50,add_to_cart,01/10/2026 10:19
339,49,view,01/10/2026 11:36
339,7,view,01/10/2026 12:32
339,50,purchase,01/10/2026 14:28
339,49,add_to_cart,01/10/2026 16:20
339,49,purchase,01/10/2026 18:07
339,44,click,01/10/2026 20:38
339,31,rate,01/10/2026 22:36
339,50,view,01/11/2026 1:20
339,11,search,01/11/2026 1:44
339,11,view,01/11/2026 3:52
339,50,add_to_cart,01/11/2026 6:05
339,50,purchase,01/11/2026 7:58
339,15,rate,01/11/2026 8:27
339,49,rate,01/11/2026 9:17
339,18,search,01/11/2026 9:59
339,34,add_to_cart,01/11/2026 12:21
339,20,view,01/11/2026 14:36
339,18,add_to_cart,01/11/2026 17:12
339,16,view,01/11/2026 17:34
339,34,view,01/11/2026 19:58
339,34,view,01/11/2026 22:14
339,5,view,01/11/2026 23:12
339,25,search,01/12/2026 1:15
339,16,view,01/12/2026 3:29
339,21,search,01/12/2026 5:13
339,24,view,01/12/2026 7:26
339,9,click,01/12/2026 8:10
339,25,click,01/12/2026 9:46
339,34,update_quantity,01/12/2026 12:27
339,18,purchase,01/12/2026 15:10
339,15,search,01/12/2026 17:56
339,18,add_to_cart,01/12/2026 19:12
339,19,add_to_cart,01/12/2026 19:53
339,14,view,01/12/2026 21:10
339,10,click,01/12/2026 21:54
339,18,add_to_cart,01/13/2026 0:04
339,14,view,01/13/2026 1:01
340,5,add_to_cart,11/06/2025 7:40
340,24,add_to_cart,11/06/2025 9:27
340,32,search,11/06/2025 10:36
340,24,purchase,11/06/2025 12:58
340,5,purchase,11/06/2025 13:18
340,5,rate,11/06/2025 13:46
340,23,click,11/06/2025 14:01
340,5,view,11/06/2025 14:08
340,41,view,11/06/2025 15:56
340,23,view,11/06/2025 17:54
340,7,search,11/06/2025 18:12
340,24,rate,11/06/2025 19:49
340,41,view,11/06/2025 22:46
340,24,view,11/07/2025 1:03
340,48,add_to_cart,11/07/2025 2:56
340,48,update_quantity,11/07/2025 4:00
340,8,add_to_cart,11/07/2025 4:48
340,45,view,11/07/2025 7:33
340,8,add_to_cart,11/07/2025 10:05
340,24,view,11/07/2025 10:08
340,8,view,11/07/2025 10:52
340,12,search,11/07/2025 13:38
340,8,view,11/07/2025 13:49
340,48,remove_cart,11/07/2025 15:26
340,8,view,11/07/2025 17:55
340,48,view,11/07/2025 18:09
340,48,add_to_cart,11/07/2025 18:21
340,29,add_to_cart,11/07/2025 21:01
340,48,view,11/07/2025 22:36
340,8,click,11/08/2025 1:20
340,48,click,11/08/2025 3:57
340,48,view,11/08/2025 4:05
340,29,update_quantity,11/08/2025 7:01
340,29,view,11/08/2025 7:27
340,29,purchase,11/08/2025 7:59
340,26,click,11/08/2025 8:12
340,3,search,11/08/2025 10:11
340,16,view,11/08/2025 10:36
340,8,update_quantity,11/08/2025 11:58
340,8,view,11/08/2025 14:32
340,29,add_to_cart,11/08/2025 17:22
340,8,view,11/08/2025 17:40
340,8,view,11/08/2025 19:47
340,29,view,11/08/2025 20:00
340,8,add_to_cart,11/08/2025 20:57
340,8,view,11/08/2025 21:13
340,1,click,11/08/2025 22:10
340,5,view,11/08/2025 22:17
340,18,click,11/09/2025 0:36
340,1,search,11/09/2025 3:19
340,29,rate,11/09/2025 5:20
340,2,search,11/09/2025 7:13
340,8,view,11/09/2025 8:13
341,24,search,11/12/2025 2:54
341,24,view,11/12/2025 3:53
341,37,view,11/12/2025 4:55
341,24,click,11/12/2025 5:07
341,26,add_to_cart,11/12/2025 8:03
341,26,purchase,11/12/2025 10:49
341,24,add_to_cart,11/12/2025 13:43
341,28,search,11/12/2025 13:57
341,3,search,11/12/2025 14:06
341,3,add_to_cart,11/12/2025 14:42
341,30,add_to_cart,11/12/2025 16:34
341,26,add_to_cart,11/12/2025 17:13
341,24,update_quantity,11/12/2025 19:25
341,32,click,11/12/2025 19:57
341,43,search,11/12/2025 21:58
341,26,update_quantity,11/13/2025 0:07
341,26,add_to_cart,11/13/2025 0:32
341,38,view,11/13/2025 2:41
341,27,click,11/13/2025 4:41
341,3,purchase,11/13/2025 6:45
341,17,add_to_cart,11/13/2025 8:03
341,39,search,11/13/2025 9:44
341,38,view,11/13/2025 10:14
341,38,add_to_cart,11/13/2025 11:55
341,6,view,11/13/2025 14:47
341,17,remove_cart,11/13/2025 16:30
341,24,update_quantity,11/13/2025 19:11
341,47,view,11/13/2025 20:32
341,38,click,11/13/2025 22:33
341,41,click,11/14/2025 0:53
341,26,purchase,11/14/2025 3:34
341,17,add_to_cart,11/14/2025 5:50
341,41,click,11/14/2025 5:58
341,47,click,11/14/2025 6:57
341,17,purchase,11/14/2025 9:33
341,46,click,11/14/2025 11:38
341,46,add_to_cart,11/14/2025 14:16
341,41,click,11/14/2025 16:46
341,17,add_to_cart,11/14/2025 16:54
341,46,add_to_cart,11/14/2025 16:58
341,23,add_to_cart,11/14/2025 17:10
341,30,update_quantity,11/14/2025 18:17
341,3,rate,11/14/2025 20:56
341,46,click,11/14/2025 21:41
341,46,click,11/14/2025 23:40
341,46,search,11/15/2025 0:27
341,30,click,11/15/2025 3:22
341,24,add_to_cart,11/15/2025 6:04
341,39,view,11/15/2025 8:51
341,16,search,11/15/2025 8:54
341,17,purchase,11/15/2025 10:58
341,18,search,11/15/2025 13:00
341,8,search,11/15/2025 15:28
341,39,view,11/15/2025 17:19
341,18,add_to_cart,11/15/2025 18:36
341,39,click,11/15/2025 20:56
341,32,search,11/15/2025 21:26
341,23,purchase,11/15/2025 21:58
341,18,click,11/15/2025 22:49
342,36,search,12/20/2025 7:47
342,36,click,12/20/2025 10:21
342,42,search,12/20/2025 12:10
342,42,click,12/20/2025 14:31
342,36,view,12/20/2025 16:32
342,42,click,12/20/2025 17:03
342,42,view,12/20/2025 19:31
342,36,add_to_cart,12/20/2025 21:56
342,36,update_quantity,12/20/2025 22:45
342,49,click,12/20/2025 23:41
342,42,add_to_cart,12/21/2025 2:31
342,36,view,12/21/2025 2:47
342,42,add_to_cart,12/21/2025 4:57
342,36,update_quantity,12/21/2025 6:13
342,18,search,12/21/2025 6:53
342,42,click,12/21/2025 7:01
342,36,purchase,12/21/2025 7:45
342,42,click,12/21/2025 8:43
342,8,click,12/21/2025 9:56
342,42,view,12/21/2025 9:58
342,42,add_to_cart,12/21/2025 12:14
342,42,click,12/21/2025 12:40
342,41,search,12/21/2025 13:24
342,42,view,12/21/2025 15:48
342,31,search,12/21/2025 18:24
342,8,view,12/21/2025 21:04
342,42,view,12/22/2025 0:01
342,24,view,12/22/2025 1:28
342,26,search,12/22/2025 1:53
342,42,add_to_cart,12/22/2025 2:24
342,40,search,12/22/2025 5:16
342,47,search,12/22/2025 7:14
342,1,view,12/22/2025 8:32
342,42,remove_cart,12/22/2025 8:39
342,20,click,12/22/2025 11:23
342,24,view,12/22/2025 11:59
342,42,click,12/22/2025 13:10
342,40,view,12/22/2025 15:59
342,40,add_to_cart,12/22/2025 16:14
342,10,add_to_cart,12/22/2025 18:19
342,37,view,12/22/2025 19:24
342,10,click,12/22/2025 21:51
342,15,click,12/23/2025 0:42
342,4,view,12/23/2025 3:10
342,37,search,12/23/2025 6:05
342,39,view,12/23/2025 8:18
342,40,remove_cart,12/23/2025 10:03
342,3,view,12/23/2025 12:44
342,37,click,12/23/2025 14:04
342,39,add_to_cart,12/23/2025 15:19
342,47,click,12/23/2025 16:16
342,35,search,12/23/2025 19:16
342,38,view,12/23/2025 20:30
342,8,view,12/23/2025 22:18
342,39,update_quantity,12/24/2025 1:13
342,35,add_to_cart,12/24/2025 1:58
342,35,purchase,12/24/2025 3:15
342,10,purchase,12/24/2025 4:16
342,2,search,12/24/2025 4:48
342,4,view,12/24/2025 6:41
342,4,click,12/24/2025 8:47
342,47,search,12/24/2025 11:35
342,39,remove_cart,12/24/2025 14:10
342,35,click,12/24/2025 14:20
342,4,add_to_cart,12/24/2025 14:27
342,2,view,12/24/2025 16:29
342,4,purchase,12/24/2025 17:10
342,47,view,12/24/2025 19:22
342,19,click,12/24/2025 20:36
343,45,search,11/29/2025 3:57
343,31,search,11/29/2025 5:08
343,44,search,11/29/2025 5:43
343,31,click,11/29/2025 6:43
343,44,view,11/29/2025 7:58
343,31,click,11/29/2025 9:46
343,31,click,11/29/2025 10:26
343,18,search,11/29/2025 11:49
343,18,view,11/29/2025 12:07
343,44,click,11/29/2025 13:50
343,18,view,11/29/2025 13:54
343,24,click,11/29/2025 14:44
343,43,search,11/29/2025 16:02
343,44,click,11/29/2025 17:44
343,29,view,11/29/2025 20:22
343,44,add_to_cart,11/29/2025 21:37
343,29,view,11/29/2025 23:08
343,46,search,11/30/2025 2:06
343,24,click,11/30/2025 3:04
343,1,click,11/30/2025 4:43
343,29,view,11/30/2025 6:49
343,29,click,11/30/2025 7:45
343,29,view,11/30/2025 8:59
343,26,view,11/30/2025 11:16
343,44,update_quantity,11/30/2025 12:23
343,41,view,11/30/2025 14:09
343,9,click,11/30/2025 16:28
343,24,add_to_cart,11/30/2025 16:47
343,44,update_quantity,11/30/2025 17:10
343,26,view,11/30/2025 19:03
343,26,add_to_cart,11/30/2025 21:11
343,38,search,11/30/2025 23:57
343,44,add_to_cart,12/01/2025 1:42
343,15,view,12/01/2025 2:07
343,22,search,12/01/2025 3:06
343,26,search,12/01/2025 4:04
343,26,view,12/01/2025 5:51
343,29,view,12/01/2025 6:57
343,19,view,12/01/2025 7:43
343,44,purchase,12/01/2025 8:35
343,44,click,12/01/2025 11:18
343,15,view,12/01/2025 11:32
343,26,update_quantity,12/01/2025 14:01
343,49,search,12/01/2025 16:50
343,46,search,12/01/2025 19:17
343,10,add_to_cart,12/01/2025 20:53
343,44,view,12/01/2025 20:58
343,1,click,12/01/2025 21:50
343,44,click,12/01/2025 23:04
343,15,add_to_cart,12/01/2025 23:15
343,20,view,12/01/2025 23:46
343,1,click,12/02/2025 0:37
343,46,add_to_cart,12/02/2025 3:06
343,42,view,12/02/2025 5:42
343,46,view,12/02/2025 6:41
343,32,view,12/02/2025 7:57
343,8,search,12/02/2025 8:05
343,1,click,12/02/2025 11:00
343,5,view,12/02/2025 12:49
343,24,add_to_cart,12/02/2025 15:43
343,26,update_quantity,12/02/2025 17:12
343,26,add_to_cart,12/02/2025 17:29
343,1,add_to_cart,12/02/2025 19:13
343,16,search,12/02/2025 21:59
343,15,view,12/02/2025 23:23
343,44,rate,12/02/2025 23:52
343,4,search,12/03/2025 2:38
343,24,remove_cart,12/03/2025 4:26
343,24,view,12/03/2025 4:42
343,9,view,12/03/2025 7:37
343,24,view,12/03/2025 9:48
343,4,click,12/03/2025 12:46
343,15,click,12/03/2025 13:42
343,30,search,12/03/2025 16:08
343,13,click,12/03/2025 16:45
343,17,add_to_cart,12/03/2025 17:31
343,15,search,12/03/2025 18:55
343,32,view,12/03/2025 20:11
343,11,click,12/03/2025 22:54
344,20,add_to_cart,01/12/2026 10:49
344,50,search,01/12/2026 11:57
344,20,purchase,01/12/2026 14:06
344,20,rate,01/12/2026 14:09
344,20,add_to_cart,01/12/2026 15:43
344,1,view,01/12/2026 15:46
344,20,click,01/12/2026 16:29
344,20,view,01/12/2026 18:15
344,39,search,01/12/2026 18:32
344,13,search,01/12/2026 20:24
344,20,view,01/12/2026 22:03
344,20,update_quantity,01/12/2026 22:21
344,1,view,01/12/2026 22:50
344,20,update_quantity,01/13/2026 1:40
344,20,add_to_cart,01/13/2026 2:05
344,35,click,01/13/2026 5:03
344,13,add_to_cart,01/13/2026 6:32
344,20,purchase,01/13/2026 9:27
344,26,search,01/13/2026 10:51
344,20,view,01/13/2026 13:02
344,13,remove_cart,01/13/2026 15:15
344,47,add_to_cart,01/13/2026 18:01
344,38,search,01/13/2026 18:36
344,26,view,01/13/2026 20:25
344,14,click,01/13/2026 23:26
344,47,update_quantity,01/13/2026 23:40
344,47,add_to_cart,01/14/2026 2:04
344,6,search,01/14/2026 2:25
344,14,view,01/14/2026 3:43
344,47,remove_cart,01/14/2026 5:08
344,47,add_to_cart,01/14/2026 7:29
344,47,click,01/14/2026 8:22
344,14,add_to_cart,01/14/2026 9:56
344,46,add_to_cart,01/14/2026 10:39
344,13,view,01/14/2026 13:31
344,6,add_to_cart,01/14/2026 14:21
344,47,add_to_cart,01/14/2026 14:35
344,47,purchase,01/14/2026 15:35
344,47,view,01/14/2026 16:09
344,46,view,01/14/2026 17:57
344,24,search,01/14/2026 20:24
344,20,view,01/14/2026 21:19
344,36,view,01/15/2026 0:08
344,48,click,01/15/2026 0:44
344,36,add_to_cart,01/15/2026 2:15
344,24,click,01/15/2026 2:48
344,24,click,01/15/2026 3:32
344,24,view,01/15/2026 4:14
344,36,click,01/15/2026 4:44
344,47,rate,01/15/2026 6:59
344,45,search,01/15/2026 7:33
344,40,search,01/15/2026 10:20
344,46,remove_cart,01/15/2026 12:44
344,9,search,01/15/2026 14:46
344,14,update_quantity,01/15/2026 17:24
344,39,view,01/15/2026 19:22
344,46,view,01/15/2026 20:48
344,5,search,01/15/2026 23:14
344,41,search,01/16/2026 0:03
344,42,search,01/16/2026 0:58
344,6,update_quantity,01/16/2026 2:35
344,19,search,01/16/2026 4:23
345,45,click,01/23/2026 10:27
345,38,search,01/23/2026 12:13
345,4,click,01/23/2026 14:59
345,38,view,01/23/2026 15:27
345,27,click,01/23/2026 16:52
345,43,search,01/23/2026 17:51
345,38,view,01/23/2026 18:42
345,13,search,01/23/2026 21:23
345,13,search,01/23/2026 22:28
345,31,search,01/23/2026 22:34
345,4,add_to_cart,01/24/2026 1:29
345,46,search,01/24/2026 2:02
345,27,click,01/24/2026 2:26
345,31,add_to_cart,01/24/2026 3:36
345,4,view,01/24/2026 6:31
345,7,view,01/24/2026 6:45
345,5,add_to_cart,01/24/2026 8:54
345,4,add_to_cart,01/24/2026 9:00
345,31,purchase,01/24/2026 10:45
345,4,purchase,01/24/2026 12:39
345,45,view,01/24/2026 14:36
345,7,view,01/24/2026 16:57
345,7,view,01/24/2026 19:52
345,4,click,01/24/2026 22:39
345,5,update_quantity,01/24/2026 23:32
345,26,search,01/25/2026 1:37
345,30,click,01/25/2026 3:06
345,4,click,01/25/2026 4:44
345,26,search,01/25/2026 7:35
345,5,remove_cart,01/25/2026 10:31
345,4,add_to_cart,01/25/2026 13:08
345,28,search,01/25/2026 14:13
345,4,purchase,01/25/2026 14:38
345,26,view,01/25/2026 15:55
345,31,view,01/25/2026 16:14
345,4,click,01/25/2026 16:22
345,46,view,01/25/2026 16:36
345,48,view,01/25/2026 17:51
346,34,search,11/18/2025 0:01
346,34,view,11/18/2025 1:10
346,34,add_to_cart,11/18/2025 1:16
346,25,add_to_cart,11/18/2025 2:20
346,45,search,11/18/2025 4:02
346,34,add_to_cart,11/18/2025 6:35
346,30,view,11/18/2025 6:42
346,27,view,11/18/2025 8:22
346,49,search,11/18/2025 10:09
346,26,add_to_cart,11/18/2025 11:04
346,45,add_to_cart,11/18/2025 13:51
346,27,view,11/18/2025 14:43
346,36,click,11/18/2025 15:56
346,48,click,11/18/2025 18:16
346,45,update_quantity,11/18/2025 19:14
346,49,view,11/18/2025 20:08
346,31,search,11/18/2025 22:42
346,49,click,11/18/2025 22:51
346,34,update_quantity,11/19/2025 1:42
346,49,view,11/19/2025 2:32
346,19,view,11/19/2025 3:41
346,25,remove_cart,11/19/2025 4:15
346,25,click,11/19/2025 6:12
346,49,add_to_cart,11/19/2025 7:16
346,44,search,11/19/2025 8:19
346,9,click,11/19/2025 10:17
346,19,add_to_cart,11/19/2025 11:18
346,25,view,11/19/2025 11:57
346,19,click,11/19/2025 14:12
346,26,view,11/19/2025 14:53
346,45,update_quantity,11/19/2025 17:39
346,34,update_quantity,11/19/2025 17:54
346,45,add_to_cart,11/19/2025 18:14
346,45,add_to_cart,11/19/2025 20:49
346,33,add_to_cart,11/19/2025 20:52
346,4,search,11/19/2025 22:22
346,3,view,11/19/2025 22:37
346,4,view,11/19/2025 23:38
346,48,click,11/20/2025 0:29
346,22,click,11/20/2025 1:35
346,26,purchase,11/20/2025 1:37
346,13,view,11/20/2025 3:25
346,26,search,11/20/2025 6:12
346,45,update_quantity,11/20/2025 7:58
346,13,view,11/20/2025 9:42
346,48,add_to_cart,11/20/2025 11:08
346,33,purchase,11/20/2025 11:10
346,16,search,11/20/2025 13:49
346,48,click,11/20/2025 14:49
346,48,view,11/20/2025 15:01
346,48,view,11/20/2025 15:34
346,40,add_to_cart,11/20/2025 15:50
346,13,add_to_cart,11/20/2025 15:59
346,48,view,11/20/2025 17:23
346,48,click,11/20/2025 17:27
347,14,view,02/25/2026 18:41
347,14,view,02/25/2026 21:26
347,14,click,02/25/2026 21:45
347,10,click,02/25/2026 23:15
347,14,view,02/26/2026 0:07
347,14,view,02/26/2026 1:26
347,14,click,02/26/2026 3:39
347,16,click,02/26/2026 3:56
347,10,view,02/26/2026 5:44
347,14,click,02/26/2026 6:29
347,11,view,02/26/2026 7:07
347,16,click,02/26/2026 9:13
347,7,search,02/26/2026 11:57
347,19,add_to_cart,02/26/2026 12:01
347,26,search,02/26/2026 12:39
347,40,view,02/26/2026 14:25
347,1,click,02/26/2026 15:37
347,8,view,02/26/2026 18:19
347,19,purchase,02/26/2026 19:32
347,30,add_to_cart,02/26/2026 20:31
347,30,remove_cart,02/26/2026 23:13
347,19,view,02/27/2026 0:23
347,19,view,02/27/2026 2:45
347,31,search,02/27/2026 3:01
347,1,view,02/27/2026 5:34
347,43,search,02/27/2026 5:49
347,31,add_to_cart,02/27/2026 7:19
347,40,click,02/27/2026 8:17
347,19,rate,02/27/2026 8:41
347,19,view,02/27/2026 10:28
347,1,add_to_cart,02/27/2026 13:27
347,25,click,02/27/2026 13:45
347,1,update_quantity,02/27/2026 15:28
347,1,click,02/27/2026 18:25
347,9,add_to_cart,02/27/2026 18:32
347,1,view,02/27/2026 19:15
347,11,search,02/27/2026 19:34
347,1,add_to_cart,02/27/2026 20:30
347,31,add_to_cart,02/27/2026 23:16
347,25,view,02/28/2026 1:46
347,45,search,02/28/2026 3:28
347,47,view,02/28/2026 6:12
347,31,add_to_cart,02/28/2026 7:56
347,1,update_quantity,02/28/2026 10:34
347,46,view,02/28/2026 12:57
347,31,view,02/28/2026 13:34
347,22,search,02/28/2026 13:36
347,26,add_to_cart,02/28/2026 13:46
347,26,add_to_cart,02/28/2026 16:42
347,50,view,02/28/2026 17:56
348,14,add_to_cart,12/13/2025 22:48
348,14,view,12/14/2025 1:09
348,13,click,12/14/2025 3:06
348,2,search,12/14/2025 5:25
348,11,view,12/14/2025 6:41
348,11,view,12/14/2025 9:19
348,20,add_to_cart,12/14/2025 12:10
348,13,view,12/14/2025 14:31
348,14,add_to_cart,12/14/2025 14:58
348,46,search,12/14/2025 17:16
348,33,search,12/14/2025 18:08
348,14,remove_cart,12/14/2025 19:21
348,7,click,12/14/2025 19:35
348,43,search,12/14/2025 21:22
348,20,purchase,12/14/2025 23:45
348,46,view,12/15/2025 1:32
348,20,add_to_cart,12/15/2025 2:37
348,26,add_to_cart,12/15/2025 3:29
348,7,click,12/15/2025 5:57
348,20,view,12/15/2025 8:11
348,36,click,12/15/2025 9:01
348,26,remove_cart,12/15/2025 9:40
348,36,click,12/15/2025 12:05
348,22,search,12/15/2025 13:27
348,20,purchase,12/15/2025 14:42
348,22,click,12/15/2025 17:39
348,38,view,12/15/2025 20:24
348,38,view,12/15/2025 21:24
348,7,search,12/15/2025 23:15
348,20,rate,12/16/2025 1:22
348,22,add_to_cart,12/16/2025 3:55
348,20,add_to_cart,12/16/2025 6:36
348,24,view,12/16/2025 7:58
348,24,search,12/16/2025 10:46
348,6,view,12/16/2025 12:28
348,44,view,12/16/2025 13:44
348,29,search,12/16/2025 16:00
348,24,view,12/16/2025 16:14
348,20,remove_cart,12/16/2025 17:30
348,30,view,12/16/2025 19:08
348,20,click,12/16/2025 20:08
348,13,add_to_cart,12/16/2025 22:07
348,13,update_quantity,12/16/2025 23:17
348,22,remove_cart,12/17/2025 0:21
348,13,remove_cart,12/17/2025 3:15
348,24,view,12/17/2025 5:16
348,28,click,12/17/2025 8:11
348,43,search,12/17/2025 9:20
348,16,view,12/17/2025 12:02
348,29,view,12/17/2025 14:54
348,35,search,12/17/2025 16:56
348,23,add_to_cart,12/17/2025 18:01
348,23,view,12/17/2025 18:41
348,23,purchase,12/17/2025 19:21
348,29,add_to_cart,12/17/2025 21:19
348,35,view,12/17/2025 22:30
348,16,add_to_cart,12/17/2025 22:40
348,29,purchase,12/17/2025 23:15
348,23,search,12/18/2025 0:23
348,16,click,12/18/2025 2:44
348,23,add_to_cart,12/18/2025 5:35
348,5,add_to_cart,12/18/2025 6:25
348,29,add_to_cart,12/18/2025 7:40
348,5,purchase,12/18/2025 9:45
348,16,add_to_cart,12/18/2025 11:52
348,16,view,12/18/2025 12:22
348,23,view,12/18/2025 12:38
348,29,view,12/18/2025 12:50
348,16,update_quantity,12/18/2025 15:49
348,16,purchase,12/18/2025 16:05
348,16,view,12/18/2025 18:52
348,16,view,12/18/2025 20:23
348,6,view,12/18/2025 23:02
348,16,click,12/19/2025 1:46
349,8,add_to_cart,11/15/2025 8:36
349,8,view,11/15/2025 9:29
349,35,add_to_cart,11/15/2025 10:06
349,41,view,11/15/2025 11:41
349,31,search,11/15/2025 14:28
349,35,add_to_cart,11/15/2025 16:42
349,36,click,11/15/2025 17:27
349,24,view,11/15/2025 20:09
349,38,search,11/15/2025 22:55
349,14,search,11/15/2025 23:48
349,36,view,11/16/2025 1:06
349,32,search,11/16/2025 2:54
349,36,click,11/16/2025 5:10
349,38,view,11/16/2025 5:30
349,20,add_to_cart,11/16/2025 7:14
349,14,click,11/16/2025 7:36
349,36,add_to_cart,11/16/2025 7:52
349,16,add_to_cart,11/16/2025 10:25
349,36,add_to_cart,11/16/2025 11:42
349,14,click,11/16/2025 13:56
349,36,click,11/16/2025 14:05
349,36,remove_cart,11/16/2025 14:36
349,35,click,11/16/2025 15:22
349,36,click,11/16/2025 15:49
349,35,purchase,11/16/2025 16:02
349,16,update_quantity,11/16/2025 17:28
349,2,search,11/16/2025 19:03
349,16,view,11/16/2025 20:46
349,36,view,11/16/2025 21:39
349,35,click,11/17/2025 0:06
349,8,update_quantity,11/17/2025 2:21
349,36,click,11/17/2025 4:39
349,45,add_to_cart,11/17/2025 6:19
349,2,view,11/17/2025 8:43
349,1,search,11/17/2025 10:45
349,35,view,11/17/2025 11:42
349,1,search,11/17/2025 14:31
349,35,view,11/17/2025 14:52
349,35,view,11/17/2025 17:12
349,27,search,11/17/2025 17:37
349,27,view,11/17/2025 19:05
349,2,click,11/17/2025 21:04
349,35,add_to_cart,11/17/2025 23:32
349,35,add_to_cart,11/18/2025 2:01
349,6,search,11/18/2025 3:39
349,2,click,11/18/2025 3:53
349,11,click,11/18/2025 6:24
349,35,click,11/18/2025 6:35
349,16,purchase,11/18/2025 7:06
349,16,rate,11/18/2025 9:14
349,15,search,11/18/2025 12:09
349,42,search,11/18/2025 13:20
349,50,add_to_cart,11/18/2025 15:15
349,37,click,11/18/2025 15:59
349,27,search,11/18/2025 17:03
349,36,search,11/18/2025 18:47
349,18,search,11/18/2025 20:23
349,20,remove_cart,11/18/2025 23:18
349,22,search,11/19/2025 1:29
349,1,view,11/19/2025 3:40
349,20,search,11/19/2025 4:07
349,37,view,11/19/2025 5:24
349,35,purchase,11/19/2025 6:18
349,13,search,11/19/2025 6:27
350,16,click,12/19/2025 19:53
350,48,click,12/19/2025 20:37
350,49,search,12/19/2025 23:37
350,9,view,12/20/2025 1:31
350,16,view,12/20/2025 1:50
350,17,view,12/20/2025 4:38
350,36,view,12/20/2025 5:12
350,16,add_to_cart,12/20/2025 6:12
350,16,purchase,12/20/2025 7:22
350,31,search,12/20/2025 10:06
350,16,add_to_cart,12/20/2025 12:48
350,16,purchase,12/20/2025 14:52
350,16,view,12/20/2025 17:21
350,10,search,12/20/2025 19:42
350,33,view,12/20/2025 20:47
350,16,click,12/20/2025 22:13
350,33,view,12/20/2025 23:11
350,33,add_to_cart,12/21/2025 1:46
350,33,update_quantity,12/21/2025 1:56
350,33,view,12/21/2025 3:19
350,16,click,12/21/2025 4:11
350,17,search,12/21/2025 5:36
350,48,search,12/21/2025 6:07
350,27,view,12/21/2025 8:27
350,28,view,12/21/2025 9:15
350,33,update_quantity,12/21/2025 10:53
350,33,update_quantity,12/21/2025 13:23
350,31,view,12/21/2025 13:27
350,33,view,12/21/2025 14:17
350,28,add_to_cart,12/21/2025 17:16
350,16,rate,12/21/2025 19:11
350,33,update_quantity,12/21/2025 21:52
350,28,click,12/21/2025 23:49
350,34,click,12/22/2025 2:46
350,33,update_quantity,12/22/2025 4:43
350,28,add_to_cart,12/22/2025 5:38
350,28,view,12/22/2025 8:11
350,3,view,12/22/2025 9:17
350,43,search,12/22/2025 9:50
350,16,view,12/22/2025 10:54
350,16,view,12/22/2025 12:22
350,43,add_to_cart,12/22/2025 15:04
350,16,click,12/22/2025 17:53
350,33,purchase,12/22/2025 18:26
350,39,click,12/22/2025 21:15
350,30,view,12/22/2025 22:17
350,43,view,12/22/2025 22:40
350,43,update_quantity,12/23/2025 1:12
350,33,search,12/23/2025 2:21
350,33,add_to_cart,12/23/2025 3:01
350,33,purchase,12/23/2025 4:56
350,33,view,12/23/2025 7:05
350,33,view,12/23/2025 8:33
350,33,add_to_cart,12/23/2025 9:18
350,33,view,12/23/2025 11:04
350,33,add_to_cart,12/23/2025 12:00
350,33,view,12/23/2025 12:12
350,33,update_quantity,12/23/2025 13:39
350,15,add_to_cart,12/23/2025 14:54
350,24,view,12/23/2025 16:20
350,29,click,12/23/2025 18:36
350,43,update_quantity,12/23/2025 19:30
350,48,view,12/23/2025 20:44
350,33,click,12/23/2025 21:43
350,28,purchase,12/24/2025 0:17
350,43,remove_cart,12/24/2025 0:31
350,29,search,12/24/2025 3:10
350,29,add_to_cart,12/24/2025 4:59
350,33,click,12/24/2025 5:09
350,15,update_quantity,12/24/2025 5:51
350,9,view,12/24/2025 6:49
350,33,view,12/24/2025 9:40
350,35,view,12/24/2025 11:25
350,15,view,12/24/2025 12:01
351,18,click,01/22/2026 21:16
351,46,search,01/22/2026 21:27
351,46,click,01/22/2026 22:41
351,46,view,01/23/2026 1:37
351,34,search,01/23/2026 2:49
351,18,search,01/23/2026 3:01
351,25,view,01/23/2026 3:30
351,34,view,01/23/2026 5:37
351,47,view,01/23/2026 7:38
351,46,click,01/23/2026 10:05
351,6,search,01/23/2026 12:07
351,1,search,01/23/2026 14:22
351,23,view,01/23/2026 14:48
351,47,view,01/23/2026 16:40
351,2,search,01/23/2026 18:29
351,21,view,01/23/2026 20:15
351,31,search,01/23/2026 22:21
351,21,view,01/23/2026 22:34
351,3,view,01/24/2026 0:45
351,19,search,01/24/2026 3:19
351,32,click,01/24/2026 3:43
351,49,search,01/24/2026 6:32
351,3,click,01/24/2026 9:15
351,21,view,01/24/2026 9:35
351,14,click,01/24/2026 12:15
351,22,add_to_cart,01/24/2026 12:26
351,22,update_quantity,01/24/2026 13:07
351,14,click,01/24/2026 14:21
351,44,search,01/24/2026 14:33
351,22,add_to_cart,01/24/2026 15:45
351,14,click,01/24/2026 17:29
351,22,purchase,01/24/2026 17:52
351,37,search,01/24/2026 19:03
351,4,click,01/24/2026 20:31
351,22,view,01/24/2026 23:16
351,22,add_to_cart,01/25/2026 0:41
351,39,search,01/25/2026 2:07
351,14,view,01/25/2026 3:08
351,4,click,01/25/2026 5:15
351,17,click,01/25/2026 6:57
351,34,search,01/25/2026 7:51
351,25,click,01/25/2026 9:39
351,22,update_quantity,01/25/2026 11:16
351,17,add_to_cart,01/25/2026 11:57
351,22,rate,01/25/2026 14:08
351,43,search,01/25/2026 16:43
351,33,add_to_cart,01/25/2026 19:20
351,22,view,01/25/2026 20:44
351,23,search,01/25/2026 22:52
351,23,view,01/26/2026 1:19
351,33,click,01/26/2026 2:17
351,17,purchase,01/26/2026 3:12
351,37,click,01/26/2026 3:24
352,49,search,12/12/2025 23:32
352,49,view,12/13/2025 0:04
352,10,view,12/13/2025 0:55
352,27,click,12/13/2025 1:41
352,16,search,12/13/2025 2:36
352,36,search,12/13/2025 3:33
352,30,add_to_cart,12/13/2025 4:08
352,36,add_to_cart,12/13/2025 5:25
352,10,view,12/13/2025 7:46
352,36,add_to_cart,12/13/2025 7:50
352,10,add_to_cart,12/13/2025 10:00
352,15,add_to_cart,12/13/2025 12:09
352,10,purchase,12/13/2025 13:21
352,10,rate,12/13/2025 14:56
352,15,purchase,12/13/2025 15:28
352,15,add_to_cart,12/13/2025 16:00
352,15,click,12/13/2025 18:36
352,15,add_to_cart,12/13/2025 19:49
352,15,view,12/13/2025 22:08
352,15,purchase,12/13/2025 23:00
352,15,view,12/14/2025 1:56
352,10,view,12/14/2025 3:06
352,44,click,12/14/2025 3:56
352,44,add_to_cart,12/14/2025 5:42
352,28,add_to_cart,12/14/2025 6:45
352,15,view,12/14/2025 8:44
352,30,remove_cart,12/14/2025 9:58
352,44,purchase,12/14/2025 11:16
352,36,remove_cart,12/14/2025 12:25
352,6,search,12/14/2025 12:45
352,15,add_to_cart,12/14/2025 13:02
352,21,search,12/14/2025 14:05
352,46,search,12/14/2025 16:35
352,31,view,12/14/2025 19:26
352,44,add_to_cart,12/14/2025 20:26
352,31,click,12/14/2025 21:00
353,1,click,01/28/2026 6:17
353,1,view,01/28/2026 7:09
353,1,click,01/28/2026 8:33
353,35,search,01/28/2026 8:56
353,19,view,01/28/2026 10:51
353,50,click,01/28/2026 13:30
353,29,click,01/28/2026 14:18
353,1,view,01/28/2026 15:12
353,1,view,01/28/2026 16:07
353,40,add_to_cart,01/28/2026 17:08
353,3,search,01/28/2026 18:33
353,23,view,01/28/2026 19:24
353,1,view,01/28/2026 21:50
353,1,click,01/28/2026 23:15
353,50,search,01/29/2026 1:05
353,1,click,01/29/2026 2:19
353,29,search,01/29/2026 3:29
353,11,search,01/29/2026 4:52
353,1,view,01/29/2026 5:20
353,49,search,01/29/2026 7:03
353,42,click,01/29/2026 9:10
353,49,add_to_cart,01/29/2026 10:13
353,49,update_quantity,01/29/2026 11:08
353,36,view,01/29/2026 11:49
353,49,purchase,01/29/2026 12:04
353,40,remove_cart,01/29/2026 14:22
353,49,rate,01/29/2026 15:37
353,10,search,01/29/2026 16:52
353,49,click,01/29/2026 17:09
353,50,search,01/29/2026 18:53
353,44,view,01/29/2026 20:44
353,30,click,01/29/2026 22:03
353,11,search,01/29/2026 22:38
353,50,view,01/30/2026 0:45
353,49,view,01/30/2026 3:45
353,50,add_to_cart,01/30/2026 6:18
353,50,remove_cart,01/30/2026 8:25
353,11,view,01/30/2026 9:49
353,11,add_to_cart,01/30/2026 10:26
353,11,view,01/30/2026 13:25
353,4,search,01/30/2026 15:58
353,4,view,01/30/2026 18:44
353,26,search,01/30/2026 21:29
353,11,remove_cart,01/30/2026 22:54
353,11,view,01/31/2026 0:42
353,45,search,01/31/2026 1:32
353,26,view,01/31/2026 1:58
353,4,click,01/31/2026 3:19
353,11,view,01/31/2026 3:47
353,33,search,01/31/2026 5:39
353,33,click,01/31/2026 7:29
353,45,search,01/31/2026 7:52
353,36,view,01/31/2026 9:35
353,45,view,01/31/2026 10:41
353,4,click,01/31/2026 13:28
353,26,search,01/31/2026 14:52
353,4,click,01/31/2026 15:32
353,45,add_to_cart,01/31/2026 17:41
353,45,update_quantity,01/31/2026 18:25
353,43,add_to_cart,01/31/2026 18:42
353,5,click,01/31/2026 20:59
353,43,remove_cart,01/31/2026 22:15
353,21,click,01/31/2026 23:40
353,30,add_to_cart,02/01/2026 0:16
353,21,add_to_cart,02/01/2026 1:35
353,2,search,02/01/2026 3:29
353,31,view,02/01/2026 4:09
353,37,click,02/01/2026 4:54
353,43,view,02/01/2026 5:46
353,21,update_quantity,02/01/2026 5:59
353,36,add_to_cart,02/01/2026 8:31
353,45,update_quantity,02/01/2026 10:49
353,21,purchase,02/01/2026 11:41
354,11,view,03/06/2026 5:09
354,11,click,03/06/2026 6:38
354,11,add_to_cart,03/06/2026 6:46
354,11,update_quantity,03/06/2026 9:39
354,11,view,03/06/2026 10:27
354,35,search,03/06/2026 13:19
354,3,view,03/06/2026 14:47
354,11,view,03/06/2026 14:52
354,11,view,03/06/2026 16:14
354,50,view,03/06/2026 17:47
354,35,view,03/06/2026 19:21
354,11,view,03/06/2026 20:48
354,35,click,03/06/2026 21:08
354,35,view,03/06/2026 22:37
354,23,view,03/06/2026 22:50
354,6,click,03/07/2026 1:36
354,17,search,03/07/2026 2:15
354,47,add_to_cart,03/07/2026 3:19
354,20,click,03/07/2026 4:12
354,31,search,03/07/2026 4:16
354,9,view,03/07/2026 4:35
354,47,purchase,03/07/2026 5:17
354,25,view,03/07/2026 6:03
354,11,remove_cart,03/07/2026 6:08
354,9,click,03/07/2026 9:04
354,47,click,03/07/2026 12:01
354,3,search,03/07/2026 12:53
354,28,view,03/07/2026 14:07
354,34,view,03/07/2026 16:34
354,47,add_to_cart,03/07/2026 18:12
354,28,click,03/07/2026 19:51
354,10,search,03/07/2026 21:28
354,47,update_quantity,03/07/2026 23:08
354,44,search,03/08/2026 0:29
354,28,click,03/08/2026 2:01
354,43,search,03/08/2026 4:40
354,17,search,03/08/2026 7:00
354,47,rate,03/08/2026 7:23
354,43,click,03/08/2026 10:19
354,28,add_to_cart,03/08/2026 11:56
354,47,view,03/08/2026 14:24
354,43,view,03/08/2026 17:20
355,29,search,11/08/2025 4:52
355,31,view,11/08/2025 6:57
355,4,add_to_cart,11/08/2025 7:10
355,4,view,11/08/2025 8:44
355,32,click,11/08/2025 11:16
355,4,remove_cart,11/08/2025 11:30
355,49,search,11/08/2025 12:41
355,30,click,11/08/2025 14:22
355,45,view,11/08/2025 16:15
355,49,view,11/08/2025 17:44
355,41,click,11/08/2025 20:23
355,4,click,11/08/2025 21:34
355,17,view,11/08/2025 22:47
355,48,search,11/08/2025 23:47
355,8,view,11/09/2025 1:10
355,7,view,11/09/2025 1:45
355,12,search,11/09/2025 4:34
355,17,view,11/09/2025 6:04
355,48,add_to_cart,11/09/2025 8:37
355,48,purchase,11/09/2025 9:37
355,49,add_to_cart,11/09/2025 9:41
355,17,add_to_cart,11/09/2025 12:05
355,17,view,11/09/2025 14:42
355,48,search,11/09/2025 15:59
355,17,view,11/09/2025 17:16
355,42,view,11/09/2025 18:33
355,34,add_to_cart,11/09/2025 18:59
355,5,search,11/09/2025 19:28
355,49,update_quantity,11/09/2025 21:28
355,34,purchase,11/09/2025 23:09
355,49,update_quantity,11/10/2025 1:48
355,28,search,11/10/2025 3:39
355,19,search,11/10/2025 4:50
355,34,rate,11/10/2025 6:09
355,34,click,11/10/2025 6:43
355,28,click,11/10/2025 8:00
355,28,view,11/10/2025 8:53
355,19,view,11/10/2025 10:30
355,11,click,11/10/2025 13:31
355,34,click,11/10/2025 16:08
355,29,view,11/10/2025 19:09
355,34,view,11/10/2025 21:02
355,17,remove_cart,11/10/2025 23:08
355,48,rate,11/11/2025 0:48
355,50,search,11/11/2025 1:39
355,19,click,11/11/2025 4:24
355,48,add_to_cart,11/11/2025 6:59
355,48,remove_cart,11/11/2025 9:47
355,49,purchase,11/11/2025 10:20
355,34,view,11/11/2025 10:36
355,49,add_to_cart,11/11/2025 11:02
356,8,view,12/03/2025 9:54
356,8,view,12/03/2025 12:00
356,8,view,12/03/2025 12:43
356,49,click,12/03/2025 14:35
356,8,click,12/03/2025 15:38
356,49,view,12/03/2025 17:10
356,22,click,12/03/2025 17:16
356,8,click,12/03/2025 17:21
356,8,view,12/03/2025 20:11
356,45,click,12/03/2025 20:39
356,40,search,12/03/2025 20:45
356,8,add_to_cart,12/03/2025 21:03
356,8,remove_cart,12/03/2025 23:22
356,8,search,12/04/2025 0:09
356,8,view,12/04/2025 1:24
356,7,search,12/04/2025 2:28
356,8,click,12/04/2025 2:39
356,37,view,12/04/2025 3:48
356,7,click,12/04/2025 6:30
356,37,view,12/04/2025 8:03
356,41,view,12/04/2025 9:06
356,37,add_to_cart,12/04/2025 10:34
356,8,click,12/04/2025 12:46
356,45,view,12/04/2025 13:35
356,8,view,12/04/2025 15:52
356,32,view,12/04/2025 16:04
356,41,view,12/04/2025 18:16
356,31,search,12/04/2025 21:09
356,41,view,12/04/2025 22:07
356,37,purchase,12/04/2025 22:15
356,45,search,12/05/2025 0:22
356,41,view,12/05/2025 2:38
356,8,view,12/05/2025 3:59
356,45,view,12/05/2025 6:52
356,8,search,12/05/2025 8:47
356,42,view,12/05/2025 9:21
356,41,view,12/05/2025 10:00
356,8,view,12/05/2025 10:14
356,41,click,12/05/2025 12:52
356,40,click,12/05/2025 14:14
356,45,view,12/05/2025 15:39
356,50,search,12/05/2025 15:46
356,42,click,12/05/2025 18:24
356,38,view,12/05/2025 18:37
356,50,view,12/05/2025 19:23
356,8,add_to_cart,12/05/2025 22:19
357,46,view,01/09/2026 23:27
357,46,view,01/10/2026 1:39
357,11,add_to_cart,01/10/2026 3:55
357,11,update_quantity,01/10/2026 5:43
357,46,view,01/10/2026 6:07
357,16,click,01/10/2026 7:53
357,11,remove_cart,01/10/2026 10:09
357,11,click,01/10/2026 10:53
357,38,view,01/10/2026 12:11
357,36,search,01/10/2026 12:45
357,11,click,01/10/2026 13:52
357,30,search,01/10/2026 16:12
357,9,click,01/10/2026 17:57
357,9,click,01/10/2026 20:07
357,9,click,01/10/2026 21:22
357,11,add_to_cart,01/10/2026 21:45
357,30,search,01/11/2026 0:40
357,9,view,01/11/2026 3:31
357,30,view,01/11/2026 5:17
357,11,purchase,01/11/2026 5:40
357,11,rate,01/11/2026 6:33
357,30,view,01/11/2026 9:18
357,8,search,01/11/2026 9:20
357,11,view,01/11/2026 9:57
357,2,view,01/11/2026 10:51
357,30,view,01/11/2026 11:28
357,30,view,01/11/2026 12:13
357,11,view,01/11/2026 12:46
357,2,add_to_cart,01/11/2026 15:25
357,9,add_to_cart,01/11/2026 16:36
357,11,click,01/11/2026 19:11
357,11,search,01/11/2026 21:44
357,30,add_to_cart,01/12/2026 0:08
357,11,view,01/12/2026 2:49
357,21,search,01/12/2026 4:33
357,24,view,01/12/2026 7:15
357,21,add_to_cart,01/12/2026 10:04
357,47,click,01/12/2026 12:21
357,43,search,01/12/2026 12:35
357,21,view,01/12/2026 13:19
357,21,add_to_cart,01/12/2026 15:56
357,30,click,01/12/2026 18:17
357,21,view,01/12/2026 18:42
357,22,search,01/12/2026 21:09
357,30,purchase,01/12/2026 22:39
357,9,purchase,01/13/2026 1:25
357,2,purchase,01/13/2026 4:09
357,15,add_to_cart,01/13/2026 6:01
357,31,add_to_cart,01/13/2026 8:05
357,9,add_to_cart,01/13/2026 10:48
357,9,add_to_cart,01/13/2026 11:25
357,25,search,01/13/2026 13:01
357,2,rate,01/13/2026 15:53
357,9,rate,01/13/2026 18:35
357,9,view,01/13/2026 19:08
357,25,click,01/13/2026 21:57
357,14,view,01/13/2026 23:49
357,11,click,01/14/2026 2:30
357,1,click,01/14/2026 4:31
357,24,view,01/14/2026 5:11
357,15,remove_cart,01/14/2026 5:56
357,21,update_quantity,01/14/2026 8:23
357,4,click,01/14/2026 10:07
357,1,add_to_cart,01/14/2026 10:36
357,21,purchase,01/14/2026 13:02
357,37,search,01/14/2026 15:14
357,31,purchase,01/14/2026 17:10
357,15,add_to_cart,01/14/2026 18:17
357,15,view,01/14/2026 19:50
357,17,search,01/14/2026 20:53
357,9,update_quantity,01/14/2026 21:03
357,13,view,01/14/2026 23:25
357,41,view,01/15/2026 1:23
357,37,click,01/15/2026 2:22
357,15,remove_cart,01/15/2026 4:06
357,8,click,01/15/2026 6:46
357,30,rate,01/15/2026 9:39
357,41,view,01/15/2026 10:09
357,30,view,01/15/2026 10:42
358,14,view,11/15/2025 16:29
358,14,add_to_cart,11/15/2025 19:13
358,14,update_quantity,11/15/2025 22:05
358,14,add_to_cart,11/15/2025 22:27
358,45,search,11/16/2025 0:59
358,45,add_to_cart,11/16/2025 1:38
358,14,add_to_cart,11/16/2025 3:09
358,21,click,11/16/2025 3:58
358,24,click,11/16/2025 4:47
358,34,click,11/16/2025 6:59
358,34,view,11/16/2025 7:21
358,33,search,11/16/2025 9:43
358,2,view,11/16/2025 10:24
358,11,add_to_cart,11/16/2025 11:07
358,14,purchase,11/16/2025 12:44
358,14,rate,11/16/2025 14:58
358,11,purchase,11/16/2025 15:12
358,11,view,11/16/2025 17:46
358,39,click,11/16/2025 20:38
358,35,search,11/16/2025 21:13
358,3,search,11/16/2025 21:30
358,7,search,11/16/2025 23:19
358,38,search,11/17/2025 0:49
358,45,remove_cart,11/17/2025 2:48
358,38,click,11/17/2025 4:28
358,30,view,11/17/2025 7:22
358,45,click,11/17/2025 10:08
358,35,view,11/17/2025 12:24
358,34,view,11/17/2025 14:05
358,35,click,11/17/2025 16:04
358,11,rate,11/17/2025 18:58
358,8,view,11/17/2025 20:43
358,11,view,11/17/2025 22:01
358,36,click,11/17/2025 22:09
358,36,click,11/18/2025 0:23
358,33,view,11/18/2025 1:09
358,12,add_to_cart,11/18/2025 3:27
358,12,purchase,11/18/2025 5:52
358,36,click,11/18/2025 8:38
358,8,click,11/18/2025 9:47
358,3,search,11/18/2025 10:27
358,9,click,11/18/2025 11:41
358,33,click,11/18/2025 12:59
358,17,search,11/18/2025 15:46
358,1,search,11/18/2025 16:04
359,2,view,01/10/2026 5:10
359,32,search,01/10/2026 7:11
359,31,add_to_cart,01/10/2026 8:29
359,21,search,01/10/2026 10:23
359,2,view,01/10/2026 12:27
359,2,click,01/10/2026 14:09
359,31,purchase,01/10/2026 14:14
359,31,rate,01/10/2026 16:37
359,32,view,01/10/2026 17:42
359,2,view,01/10/2026 18:53
359,42,click,01/10/2026 19:52
359,6,search,01/10/2026 22:04
359,29,view,01/10/2026 22:59
359,19,view,01/10/2026 23:15
359,6,view,01/11/2026 2:06
359,26,view,01/11/2026 2:42
359,2,view,01/11/2026 4:19
359,26,view,01/11/2026 6:58
359,19,add_to_cart,01/11/2026 7:16
359,32,view,01/11/2026 9:48
359,3,search,01/11/2026 11:43
359,15,view,01/11/2026 14:22
359,6,click,01/11/2026 15:08
359,32,add_to_cart,01/11/2026 17:56
359,9,click,01/11/2026 18:15
359,19,view,01/11/2026 19:45
359,19,update_quantity,01/11/2026 20:21
359,9,view,01/11/2026 22:05
359,32,click,01/12/2026 0:32
359,24,search,01/12/2026 3:21
359,9,view,01/12/2026 6:13
359,35,click,01/12/2026 8:59
359,32,add_to_cart,01/12/2026 10:37
359,24,view,01/12/2026 11:06
359,14,search,01/12/2026 12:04
359,19,purchase,01/12/2026 14:19
359,19,rate,01/12/2026 15:50
359,32,purchase,01/12/2026 16:40
359,19,view,01/12/2026 19:13
359,40,click,01/12/2026 19:31
359,35,search,01/12/2026 21:23
359,32,view,01/12/2026 22:43
359,32,view,01/12/2026 23:45
359,42,view,01/12/2026 23:50
359,32,add_to_cart,01/13/2026 1:08
360,45,click,11/30/2025 10:01
360,45,view,11/30/2025 11:14
360,45,view,11/30/2025 12:22
360,45,add_to_cart,11/30/2025 12:31
360,22,view,11/30/2025 14:28
360,45,click,11/30/2025 17:14
360,45,view,11/30/2025 19:20
360,43,search,11/30/2025 21:16
360,21,search,11/30/2025 21:30
360,28,click,11/30/2025 22:23
360,45,remove_cart,12/01/2025 0:10
360,45,add_to_cart,12/01/2025 1:29
360,45,add_to_cart,12/01/2025 2:23
360,45,purchase,12/01/2025 3:46
360,3,search,12/01/2025 3:52
360,45,view,12/01/2025 6:14
360,13,view,12/01/2025 7:45
360,21,search,12/01/2025 9:55
360,21,click,12/01/2025 12:31
360,45,view,12/01/2025 15:22
360,3,view,12/01/2025 16:07
360,34,view,12/01/2025 18:17
360,21,search,12/01/2025 20:08
360,17,search,12/01/2025 21:25
360,21,click,12/01/2025 22:46
360,21,view,12/02/2025 0:38
360,35,search,12/02/2025 1:00
360,35,add_to_cart,12/02/2025 2:42
360,10,view,12/02/2025 5:26
360,21,add_to_cart,12/02/2025 7:54
360,21,purchase,12/02/2025 9:51
360,21,rate,12/02/2025 12:43
360,28,add_to_cart,12/02/2025 15:36
360,35,view,12/02/2025 18:15
360,35,purchase,12/02/2025 19:23
360,35,search,12/02/2025 20:49
360,28,view,12/02/2025 21:05
360,21,view,12/02/2025 22:33
360,28,remove_cart,12/03/2025 0:01
360,28,click,12/03/2025 2:38
360,11,view,12/03/2025 3:45
360,3,add_to_cart,12/03/2025 5:41
360,25,view,12/03/2025 7:57
360,40,search,12/03/2025 9:17
360,23,click,12/03/2025 10:55
360,40,view,12/03/2025 11:18
360,40,view,12/03/2025 11:56
360,13,search,12/03/2025 12:06
360,13,add_to_cart,12/03/2025 12:47
360,6,search,12/03/2025 15:46
360,25,view,12/03/2025 17:38
360,25,view,12/03/2025 19:01
360,23,view,12/03/2025 21:32
360,40,add_to_cart,12/03/2025 23:28
360,40,view,12/04/2025 0:04
361,25,search,10/25/2025 9:11
361,25,view,10/25/2025 12:11
361,25,view,10/25/2025 13:14
361,27,view,10/25/2025 14:34
361,15,search,10/25/2025 17:27
361,28,view,10/25/2025 20:25
361,30,view,10/25/2025 23:13
361,30,click,10/26/2025 2:02
361,25,view,10/26/2025 4:28
361,27,click,10/26/2025 4:47
361,15,view,10/26/2025 5:11
361,30,view,10/26/2025 7:19
361,15,view,10/26/2025 9:39
361,30,click,10/26/2025 11:36
361,1,view,10/26/2025 12:05
361,30,view,10/26/2025 15:01
361,25,search,10/26/2025 16:35
361,43,search,10/26/2025 18:38
361,27,search,10/26/2025 21:24
361,12,add_to_cart,10/27/2025 0:00
361,30,view,10/27/2025 1:51
361,12,remove_cart,10/27/2025 2:31
361,40,search,10/27/2025 5:29
361,4,view,10/27/2025 7:42
361,30,click,10/27/2025 10:37
361,27,view,10/27/2025 12:01
361,18,view,10/27/2025 14:31
361,12,view,10/27/2025 16:51
361,23,view,10/27/2025 17:34
361,4,view,10/27/2025 20:21
361,4,view,10/27/2025 22:25
361,44,search,10/27/2025 23:55
361,26,view,10/28/2025 2:31
361,10,search,10/28/2025 4:16
361,10,view,10/28/2025 4:56
361,4,view,10/28/2025 7:15
361,2,search,10/28/2025 8:58
361,4,add_to_cart,10/28/2025 10:57
361,4,click,10/28/2025 12:39
361,4,remove_cart,10/28/2025 15:00
361,4,search,10/28/2025 17:40
361,2,add_to_cart,10/28/2025 19:52
361,49,search,10/28/2025 19:55
361,2,add_to_cart,10/28/2025 22:02
361,2,update_quantity,10/28/2025 23:55
361,2,purchase,10/29/2025 2:28
361,2,rate,10/29/2025 5:25
361,49,add_to_cart,10/29/2025 7:00
361,32,search,10/29/2025 9:21
361,47,click,10/29/2025 10:52
361,29,search,10/29/2025 11:11
361,49,remove_cart,10/29/2025 12:14
361,2,view,10/29/2025 13:14
361,17,view,10/29/2025 15:42
361,2,view,10/29/2025 17:43
361,32,click,10/29/2025 19:34
361,32,add_to_cart,10/29/2025 20:34
361,49,search,10/29/2025 23:23
361,47,search,10/30/2025 1:52
361,10,search,10/30/2025 2:55
361,32,add_to_cart,10/30/2025 4:42
361,32,purchase,10/30/2025 5:41
361,47,view,10/30/2025 7:58
361,11,add_to_cart,10/30/2025 10:45
361,49,view,10/30/2025 12:13
361,11,purchase,10/30/2025 12:53
361,11,view,10/30/2025 13:50
361,18,view,10/30/2025 16:45
361,49,click,10/30/2025 18:03
361,30,view,10/30/2025 20:31
361,47,search,10/30/2025 23:05
361,30,view,10/31/2025 0:45
361,11,view,10/31/2025 1:28
361,29,view,10/31/2025 4:27
361,1,add_to_cart,10/31/2025 7:18
361,30,view,10/31/2025 7:23
361,22,search,10/31/2025 9:06
361,30,click,10/31/2025 9:22
361,47,view,10/31/2025 11:37
362,37,search,11/21/2025 12:19
362,37,add_to_cart,11/21/2025 12:53
362,26,search,11/21/2025 13:05
362,26,view,11/21/2025 15:03
362,26,view,11/21/2025 15:58
362,4,click,11/21/2025 16:12
362,37,remove_cart,11/21/2025 17:28
362,26,view,11/21/2025 19:11
362,4,add_to_cart,11/21/2025 21:33
362,21,search,11/21/2025 21:44
362,4,purchase,11/21/2025 22:33
362,4,rate,11/22/2025 0:46
362,4,view,11/22/2025 3:44
362,32,search,11/22/2025 4:10
362,4,view,11/22/2025 6:43
362,4,click,11/22/2025 8:43
362,33,search,11/22/2025 8:53
362,1,search,11/22/2025 10:38
362,4,add_to_cart,11/22/2025 11:54
362,40,click,11/22/2025 14:24
362,1,add_to_cart,11/22/2025 17:14
362,21,view,11/22/2025 17:22
362,31,search,11/22/2025 18:14
362,4,view,11/22/2025 19:38
362,18,view,11/22/2025 19:52
362,27,search,11/22/2025 22:38
362,4,view,11/22/2025 23:23
362,4,update_quantity,11/23/2025 0:04
362,50,add_to_cart,11/23/2025 1:20
362,4,purchase,11/23/2025 1:27
362,30,search,11/23/2025 4:25
362,1,remove_cart,11/23/2025 5:40
362,37,add_to_cart,11/23/2025 7:45
362,1,click,11/23/2025 10:01
362,4,view,11/23/2025 12:24
362,50,remove_cart,11/23/2025 13:50
362,32,search,11/23/2025 16:19
362,4,view,11/23/2025 17:13
362,37,purchase,11/23/2025 18:34
362,39,add_to_cart,11/23/2025 20:42
362,37,add_to_cart,11/23/2025 21:06
362,45,view,11/23/2025 23:17
362,40,add_to_cart,11/24/2025 0:28
362,32,add_to_cart,11/24/2025 1:15
362,32,add_to_cart,11/24/2025 4:08
362,22,view,11/24/2025 4:44
362,40,add_to_cart,11/24/2025 6:14
362,2,search,11/24/2025 6:34
362,26,add_to_cart,11/24/2025 8:31
363,50,view,02/21/2026 1:05
363,50,view,02/21/2026 3:28
363,50,add_to_cart,02/21/2026 5:01
363,50,click,02/21/2026 5:23
363,40,search,02/21/2026 6:20
363,50,click,02/21/2026 8:27
363,41,search,02/21/2026 9:12
363,50,view,02/21/2026 12:00
363,10,click,02/21/2026 13:46
363,47,add_to_cart,02/21/2026 15:59
363,50,click,02/21/2026 17:50
363,50,add_to_cart,02/21/2026 20:03
363,49,search,02/21/2026 22:21
363,29,add_to_cart,02/22/2026 0:08
363,29,remove_cart,02/22/2026 2:47
363,10,click,02/22/2026 5:20
363,23,view,02/22/2026 6:44
363,40,search,02/22/2026 8:08
363,29,view,02/22/2026 8:33
363,49,click,02/22/2026 9:58
363,33,add_to_cart,02/22/2026 12:38
363,1,search,02/22/2026 13:16
363,33,click,02/22/2026 13:45
363,1,view,02/22/2026 15:10
363,47,purchase,02/22/2026 16:59
363,29,click,02/22/2026 19:31
363,6,view,02/22/2026 20:22
363,47,view,02/22/2026 21:05
363,1,view,02/22/2026 23:24
363,50,purchase,02/23/2026 0:25
363,9,view,02/23/2026 0:43
363,1,view,02/23/2026 2:22
363,26,click,02/23/2026 2:43
363,49,click,02/23/2026 5:41
363,11,add_to_cart,02/23/2026 6:21
363,33,update_quantity,02/23/2026 6:27
363,2,view,02/23/2026 8:10
363,20,search,02/23/2026 9:58
363,30,click,02/23/2026 11:22
363,26,view,02/23/2026 12:53
363,20,click,02/23/2026 14:41
363,38,search,02/23/2026 15:43
363,33,update_quantity,02/23/2026 16:46
363,6,view,02/23/2026 18:18
363,46,search,02/23/2026 21:03
363,16,view,02/23/2026 23:47
363,6,click,02/24/2026 0:46
363,46,view,02/24/2026 2:03
363,11,remove_cart,02/24/2026 5:02
363,33,remove_cart,02/24/2026 6:43
363,33,search,02/24/2026 8:03
363,6,add_to_cart,02/24/2026 8:43
363,38,click,02/24/2026 11:05
363,15,search,02/24/2026 13:10
363,45,add_to_cart,02/24/2026 13:37
363,15,add_to_cart,02/24/2026 13:40
363,2,add_to_cart,02/24/2026 15:02
363,15,click,02/24/2026 17:10
363,45,add_to_cart,02/24/2026 18:34
363,41,view,02/24/2026 18:54
363,15,add_to_cart,02/24/2026 19:29
363,46,view,02/24/2026 21:33
363,2,update_quantity,02/24/2026 23:10
363,2,view,02/25/2026 0:00
363,8,click,02/25/2026 2:45
363,4,search,02/25/2026 3:52
363,35,search,02/25/2026 5:08
363,8,view,02/25/2026 6:05
363,41,add_to_cart,02/25/2026 7:18
364,34,view,02/16/2026 7:35
364,47,search,02/16/2026 9:15
364,34,view,02/16/2026 11:26
364,34,add_to_cart,02/16/2026 13:20
364,34,purchase,02/16/2026 14:47
364,7,search,02/16/2026 17:38
364,17,search,02/16/2026 19:51
364,34,add_to_cart,02/16/2026 20:07
364,34,view,02/16/2026 22:10
364,34,click,02/16/2026 22:22
364,17,view,02/16/2026 23:28
364,34,view,02/17/2026 1:50
364,34,update_quantity,02/17/2026 3:41
364,37,view,02/17/2026 6:31
364,7,add_to_cart,02/17/2026 6:51
364,6,search,02/17/2026 8:41
364,34,click,02/17/2026 10:58
364,37,view,02/17/2026 13:47
364,18,search,02/17/2026 14:27
364,7,update_quantity,02/17/2026 17:23
364,7,add_to_cart,02/17/2026 19:03
364,37,view,02/17/2026 19:21
364,10,search,02/17/2026 19:33
364,6,view,02/17/2026 21:59
364,7,purchase,02/18/2026 0:05
364,21,search,02/18/2026 0:56
364,10,click,02/18/2026 1:56
364,10,click,02/18/2026 2:49
364,6,add_to_cart,02/18/2026 4:49
364,2,click,02/18/2026 5:41
364,10,view,02/18/2026 6:52
364,21,view,02/18/2026 8:16
364,17,add_to_cart,02/18/2026 9:22
364,7,search,02/18/2026 10:08
364,34,purchase,02/18/2026 11:13
364,34,rate,02/18/2026 12:32
364,15,click,02/18/2026 13:13
364,28,search,02/18/2026 15:50
365,7,click,03/07/2026 2:18
365,7,view,03/07/2026 3:13
365,22,add_to_cart,03/07/2026 5:12
365,7,view,03/07/2026 7:51
365,7,add_to_cart,03/07/2026 8:17
365,7,view,03/07/2026 8:54
365,7,add_to_cart,03/07/2026 10:50
365,37,view,03/07/2026 13:34
365,7,click,03/07/2026 16:03
365,37,view,03/07/2026 18:12
365,7,add_to_cart,03/07/2026 18:45
365,36,view,03/07/2026 19:34
365,7,view,03/07/2026 22:24
365,43,search,03/07/2026 23:54
365,26,click,03/08/2026 1:55
365,15,search,03/08/2026 3:52
365,7,update_quantity,03/08/2026 6:28
365,37,click,03/08/2026 9:22
365,7,remove_cart,03/08/2026 9:55
365,15,view,03/08/2026 12:27
365,13,view,03/08/2026 15:04
365,24,view,03/08/2026 15:32
365,7,view,03/08/2026 16:54
365,7,click,03/08/2026 18:52
365,12,view,03/08/2026 19:46
365,22,remove_cart,03/08/2026 22:10
365,7,click,03/08/2026 23:58
365,13,search,03/09/2026 0:41
365,22,view,03/09/2026 1:20
365,7,add_to_cart,03/09/2026 3:21
365,30,search,03/09/2026 4:33
365,13,click,03/09/2026 6:40
365,6,search,03/09/2026 8:41
365,43,view,03/09/2026 11:10
365,13,add_to_cart,03/09/2026 12:17
365,44,search,03/09/2026 12:52
365,7,add_to_cart,03/09/2026 13:40
365,48,search,03/09/2026 15:46
365,10,search,03/09/2026 15:49
365,40,search,03/09/2026 17:51
365,17,add_to_cart,03/09/2026 19:36
365,7,view,03/09/2026 22:07
365,35,view,03/10/2026 0:14
365,35,view,03/10/2026 2:54
365,7,add_to_cart,03/10/2026 4:44
365,33,search,03/10/2026 6:05
365,8,search,03/10/2026 7:17
365,11,view,03/10/2026 8:07
365,50,click,03/10/2026 8:41
365,8,click,03/10/2026 9:43
365,11,view,03/10/2026 11:24
365,11,search,03/10/2026 12:20
365,13,purchase,03/10/2026 13:50
365,22,click,03/10/2026 16:32
365,50,view,03/10/2026 18:52
365,17,purchase,03/10/2026 19:51
365,13,click,03/10/2026 22:11
365,50,view,03/11/2026 1:06
365,17,rate,03/11/2026 3:50
365,11,click,03/11/2026 5:37
365,13,click,03/11/2026 8:05
365,7,update_quantity,03/11/2026 9:56
365,17,view,03/11/2026 12:01
365,6,add_to_cart,03/11/2026 14:13
365,11,click,03/11/2026 15:40
365,2,search,03/11/2026 15:45
365,11,view,03/11/2026 16:00
365,12,click,03/11/2026 18:43
365,11,click,03/11/2026 21:21
365,12,view,03/11/2026 23:17
365,13,rate,03/12/2026 1:05
365,6,update_quantity,03/12/2026 3:28
365,13,view,03/12/2026 3:32
365,6,purchase,03/12/2026 4:46
365,12,click,03/12/2026 7:07
365,25,search,03/12/2026 9:43
365,13,click,03/12/2026 11:34
366,37,view,11/24/2025 12:13
366,5,view,11/24/2025 12:54
366,37,click,11/24/2025 14:53
366,27,search,11/24/2025 14:56
366,36,search,11/24/2025 15:06
366,5,click,11/24/2025 16:37
366,37,view,11/24/2025 17:43
366,37,add_to_cart,11/24/2025 19:23
366,41,search,11/24/2025 19:48
366,37,update_quantity,11/24/2025 22:39
366,16,search,11/24/2025 22:59
366,37,update_quantity,11/24/2025 23:47
366,24,search,11/24/2025 23:57
366,37,update_quantity,11/25/2025 2:04
366,37,view,11/25/2025 4:14
366,37,add_to_cart,11/25/2025 5:39
366,43,search,11/25/2025 6:53
366,18,search,11/25/2025 9:39
366,8,view,11/25/2025 11:26
366,11,add_to_cart,11/25/2025 13:02
366,30,search,11/25/2025 15:31
366,11,update_quantity,11/25/2025 16:00
366,3,search,11/25/2025 18:47
366,37,search,11/25/2025 21:46
366,11,view,11/25/2025 22:48
366,13,add_to_cart,11/25/2025 23:47
366,11,update_quantity,11/26/2025 0:26
366,37,update_quantity,11/26/2025 2:22
366,11,view,11/26/2025 3:27
366,11,click,11/26/2025 4:26
366,27,search,11/26/2025 4:51
366,11,view,11/26/2025 5:38
366,30,click,11/26/2025 7:23
366,11,add_to_cart,11/26/2025 10:23
366,11,view,11/26/2025 13:22
366,37,update_quantity,11/26/2025 14:39
367,35,view,12/14/2025 17:53
367,37,click,12/14/2025 17:58
367,37,add_to_cart,12/14/2025 19:58
367,35,click,12/14/2025 21:53
367,22,add_to_cart,12/14/2025 22:05
367,43,view,12/14/2025 22:23
367,35,view,12/14/2025 23:54
367,22,update_quantity,12/15/2025 1:18
367,35,view,12/15/2025 2:44
367,35,view,12/15/2025 3:18
367,6,click,12/15/2025 3:29
367,42,search,12/15/2025 5:28
367,22,view,12/15/2025 5:40
367,43,add_to_cart,12/15/2025 6:06
367,22,view,12/15/2025 8:10
367,45,click,12/15/2025 9:28
367,22,view,12/15/2025 11:04
367,22,click,12/15/2025 13:04
367,22,view,12/15/2025 14:13
367,47,search,12/15/2025 15:51
367,47,view,12/15/2025 16:43
367,39,add_to_cart,12/15/2025 19:20
367,43,remove_cart,12/15/2025 20:57
367,22,view,12/15/2025 22:09
367,36,click,12/15/2025 22:43
367,23,view,12/16/2025 0:13
367,11,search,12/16/2025 3:01
367,47,view,12/16/2025 5:25
367,22,purchase,12/16/2025 8:09
367,48,search,12/16/2025 8:44
367,48,view,12/16/2025 11:42
367,47,click,12/16/2025 12:14
367,11,view,12/16/2025 12:17
367,27,view,12/16/2025 13:55
367,48,add_to_cart,12/16/2025 14:11
367,27,view,12/16/2025 17:08
367,26,add_to_cart,12/16/2025 19:47
367,11,view,12/16/2025 20:22
367,26,remove_cart,12/16/2025 22:50
367,42,search,12/17/2025 1:27
367,15,view,12/17/2025 2:18
367,47,click,12/17/2025 4:08
367,14,view,12/17/2025 6:58
367,37,update_quantity,12/17/2025 7:08
367,26,add_to_cart,12/17/2025 7:56
367,39,purchase,12/17/2025 9:26
367,39,rate,12/17/2025 12:05
367,1,view,12/17/2025 12:31
367,7,add_to_cart,12/17/2025 14:33
367,48,purchase,12/17/2025 17:06
367,15,view,12/17/2025 19:10
367,48,view,12/17/2025 20:54
367,27,click,12/17/2025 22:31
367,28,search,12/18/2025 0:46
367,41,view,12/18/2025 3:43
367,1,click,12/18/2025 5:58
367,27,add_to_cart,12/18/2025 7:00
367,17,search,12/18/2025 9:08
367,41,search,12/18/2025 10:13
367,48,click,12/18/2025 12:11
367,41,add_to_cart,12/18/2025 12:14
367,12,click,12/18/2025 12:54
367,41,view,12/18/2025 15:54
368,23,search,02/22/2026 10:41
368,12,add_to_cart,02/22/2026 11:03
368,12,update_quantity,02/22/2026 11:38
368,23,add_to_cart,02/22/2026 14:06
368,23,view,02/22/2026 14:14
368,33,click,02/22/2026 14:29
368,23,remove_cart,02/22/2026 16:12
368,33,add_to_cart,02/22/2026 16:25
368,12,view,02/22/2026 18:58
368,33,update_quantity,02/22/2026 19:35
368,31,view,02/22/2026 20:40
368,11,search,02/22/2026 22:43
368,23,click,02/23/2026 0:20
368,33,remove_cart,02/23/2026 2:43
368,12,update_quantity,02/23/2026 4:34
368,33,add_to_cart,02/23/2026 4:46
368,31,add_to_cart,02/23/2026 5:52
368,36,view,02/23/2026 6:56
368,23,view,02/23/2026 9:55
368,8,search,02/23/2026 10:23
368,12,purchase,02/23/2026 12:57
368,23,view,02/23/2026 13:39
368,33,update_quantity,02/23/2026 16:11
368,11,click,02/23/2026 17:58
368,36,view,02/23/2026 20:54
368,23,click,02/23/2026 23:42
368,33,remove_cart,02/24/2026 1:56
368,23,add_to_cart,02/24/2026 4:36
368,31,update_quantity,02/24/2026 6:38
368,30,view,02/24/2026 7:33
368,43,view,02/24/2026 8:50
368,30,view,02/24/2026 11:39
368,37,search,02/24/2026 13:33
368,23,click,02/24/2026 14:52
368,8,click,02/24/2026 17:50
368,30,click,02/24/2026 20:24
368,43,search,02/24/2026 22:15
368,36,add_to_cart,02/25/2026 0:43
368,36,view,02/25/2026 1:05
368,37,add_to_cart,02/25/2026 3:03
368,37,purchase,02/25/2026 5:57
368,36,purchase,02/25/2026 8:57
369,5,add_to_cart,11/27/2025 10:44
369,5,click,11/27/2025 12:01
369,25,search,11/27/2025 13:16
369,25,click,11/27/2025 15:35
369,26,search,11/27/2025 16:37
369,5,update_quantity,11/27/2025 18:18
369,5,purchase,11/27/2025 18:23
369,26,add_to_cart,11/27/2025 19:12
369,26,purchase,11/27/2025 21:50
369,5,add_to_cart,11/27/2025 22:15
369,5,purchase,11/28/2025 0:15
369,5,view,11/28/2025 2:37
369,5,click,11/28/2025 2:44
369,12,click,11/28/2025 3:53
369,4,search,11/28/2025 4:36
369,8,add_to_cart,11/28/2025 6:59
369,8,update_quantity,11/28/2025 7:41
369,1,search,11/28/2025 10:31
369,8,remove_cart,11/28/2025 12:23
369,5,rate,11/28/2025 13:24
369,5,view,11/28/2025 16:14
369,46,click,11/28/2025 17:47
369,5,view,11/28/2025 18:09
369,46,search,11/28/2025 19:20
369,20,view,11/28/2025 20:34
369,24,search,11/28/2025 21:39
369,24,click,11/29/2025 0:39
369,5,add_to_cart,11/29/2025 2:47
369,5,update_quantity,11/29/2025 5:25
369,5,purchase,11/29/2025 5:39
369,5,view,11/29/2025 8:34
369,24,click,11/29/2025 11:09
369,24,add_to_cart,11/29/2025 13:10
369,5,view,11/29/2025 15:08
369,24,purchase,11/29/2025 16:50
369,5,view,11/29/2025 19:20
369,24,view,11/29/2025 19:44
369,24,add_to_cart,11/29/2025 19:48
369,24,purchase,11/29/2025 19:56
369,5,view,11/29/2025 20:08
369,13,click,11/29/2025 20:51
369,38,add_to_cart,11/29/2025 23:48
369,13,click,11/30/2025 0:59
369,38,remove_cart,11/30/2025 2:18
369,13,click,11/30/2025 3:27
369,24,view,11/30/2025 4:18
369,13,click,11/30/2025 4:24
369,27,click,11/30/2025 6:11
369,35,view,11/30/2025 7:13
369,13,add_to_cart,11/30/2025 9:33
369,13,remove_cart,11/30/2025 10:01
369,13,add_to_cart,11/30/2025 11:04
369,43,add_to_cart,11/30/2025 12:55
369,43,click,11/30/2025 14:50
369,16,search,11/30/2025 14:55
369,13,update_quantity,11/30/2025 15:59
369,35,search,11/30/2025 17:50
370,33,search,10/28/2025 10:43
370,35,search,10/28/2025 13:23
370,44,add_to_cart,10/28/2025 14:23
370,7,search,10/28/2025 17:23
370,26,view,10/28/2025 18:00
370,18,search,10/28/2025 18:23
370,17,search,10/28/2025 20:42
370,33,click,10/28/2025 22:02
370,17,view,10/28/2025 23:13
370,18,view,10/28/2025 23:43
370,33,add_to_cart,10/29/2025 1:53
370,8,view,10/29/2025 3:49
370,33,click,10/29/2025 5:17
370,33,remove_cart,10/29/2025 7:52
370,16,view,10/29/2025 9:15
370,8,view,10/29/2025 10:11
370,8,click,10/29/2025 11:34
370,44,purchase,10/29/2025 13:46
370,44,rate,10/29/2025 15:38
370,42,click,10/29/2025 16:40
370,41,add_to_cart,10/29/2025 18:54
370,37,search,10/29/2025 19:05
370,4,search,10/29/2025 21:46
370,48,search,10/29/2025 22:04
370,41,purchase,10/29/2025 22:33
370,44,click,10/30/2025 1:13
370,2,add_to_cart,10/30/2025 3:28
370,2,update_quantity,10/30/2025 5:10
370,2,remove_cart,10/30/2025 5:35
370,44,click,10/30/2025 7:37
370,41,add_to_cart,10/30/2025 8:39
370,44,view,10/30/2025 10:45
370,41,purchase,10/30/2025 12:56
370,18,add_to_cart,10/30/2025 14:36
370,5,click,10/30/2025 15:23
370,46,search,10/30/2025 18:19
370,18,purchase,10/30/2025 18:22
370,41,rate,10/30/2025 20:52
371,48,view,03/03/2026 19:40
371,38,search,03/03/2026 21:58
371,38,click,03/03/2026 23:26
371,48,view,03/04/2026 0:20
371,38,view,03/04/2026 1:37
371,21,view,03/04/2026 2:57
371,2,search,03/04/2026 4:54
371,2,click,03/04/2026 6:12
371,38,click,03/04/2026 7:53
371,38,click,03/04/2026 10:43
371,33,add_to_cart,03/04/2026 13:09
371,2,view,03/04/2026 15:46
371,2,click,03/04/2026 16:35
371,12,click,03/04/2026 19:04
371,33,view,03/04/2026 21:45
371,33,click,03/04/2026 23:32
371,33,purchase,03/05/2026 1:30
371,18,click,03/05/2026 3:49
371,15,view,03/05/2026 3:58
371,21,add_to_cart,03/05/2026 5:35
371,33,add_to_cart,03/05/2026 7:37
371,33,update_quantity,03/05/2026 8:31
371,32,click,03/05/2026 11:26
371,42,search,03/05/2026 12:08
371,3,search,03/05/2026 12:16
371,21,purchase,03/05/2026 14:31
371,21,rate,03/05/2026 16:27
371,33,remove_cart,03/05/2026 17:15
371,47,add_to_cart,03/05/2026 17:43
371,22,add_to_cart,03/05/2026 19:50
371,3,click,03/05/2026 20:18
371,36,view,03/05/2026 20:55
371,47,remove_cart,03/05/2026 21:29
371,22,update_quantity,03/05/2026 23:30
371,21,click,03/06/2026 0:50
371,17,search,03/06/2026 2:03
371,22,add_to_cart,03/06/2026 2:26
371,22,add_to_cart,03/06/2026 4:38
371,47,add_to_cart,03/06/2026 4:51
371,47,view,03/06/2026 5:24
371,18,add_to_cart,03/06/2026 8:06
371,28,click,03/06/2026 10:39
371,9,view,03/06/2026 11:55
371,19,view,03/06/2026 14:44
371,47,update_quantity,03/06/2026 17:09
371,18,add_to_cart,03/06/2026 19:27
371,47,click,03/06/2026 21:04
371,29,search,03/06/2026 21:53
371,9,click,03/06/2026 22:53
371,41,search,03/07/2026 0:39
371,18,add_to_cart,03/07/2026 2:44
371,18,remove_cart,03/07/2026 4:39
371,47,click,03/07/2026 5:55
371,47,add_to_cart,03/07/2026 6:46
372,38,click,01/20/2026 21:32
372,38,click,01/20/2026 22:19
372,5,add_to_cart,01/20/2026 23:14
372,45,view,01/21/2026 1:10
372,5,remove_cart,01/21/2026 1:41
372,19,search,01/21/2026 2:17
372,5,view,01/21/2026 5:09
372,45,add_to_cart,01/21/2026 5:57
372,12,search,01/21/2026 7:40
372,45,purchase,01/21/2026 10:09
372,5,click,01/21/2026 12:04
372,40,search,01/21/2026 14:44
372,45,add_to_cart,01/21/2026 16:48
372,40,search,01/21/2026 18:04
372,22,view,01/21/2026 19:27
372,1,search,01/21/2026 20:12
372,11,view,01/21/2026 20:21
372,40,add_to_cart,01/21/2026 21:50
372,45,purchase,01/21/2026 23:57
372,40,remove_cart,01/22/2026 2:44
372,8,search,01/22/2026 3:36
372,29,search,01/22/2026 5:36
372,13,view,01/22/2026 6:28
372,11,view,01/22/2026 7:44
372,42,search,01/22/2026 8:55
372,8,add_to_cart,01/22/2026 10:15
372,40,click,01/22/2026 13:12
372,29,view,01/22/2026 15:43
372,8,remove_cart,01/22/2026 16:46
372,42,view,01/22/2026 19:11
372,28,search,01/22/2026 22:06
372,1,view,01/22/2026 22:35
372,32,view,01/23/2026 0:52
372,42,view,01/23/2026 3:08
372,41,add_to_cart,01/23/2026 3:29
372,1,click,01/23/2026 5:53
372,41,view,01/23/2026 7:10
372,41,update_quantity,01/23/2026 8:22
372,42,view,01/23/2026 10:26
372,1,click,01/23/2026 11:36
372,1,view,01/23/2026 13:56
372,42,click,01/23/2026 15:25
372,9,click,01/23/2026 17:42
372,13,search,01/23/2026 19:32
372,42,add_to_cart,01/23/2026 22:16
372,1,view,01/23/2026 23:50
372,28,search,01/24/2026 0:15
372,1,view,01/24/2026 3:02
372,46,add_to_cart,01/24/2026 5:30
372,49,search,01/24/2026 8:02
372,27,view,01/24/2026 8:28
372,34,click,01/24/2026 11:12
372,8,view,01/24/2026 13:23
372,1,add_to_cart,01/24/2026 14:52
372,1,add_to_cart,01/24/2026 15:28
372,46,update_quantity,01/24/2026 15:52
372,50,search,01/24/2026 18:13
372,38,search,01/24/2026 19:13
372,11,view,01/24/2026 20:58
373,29,view,02/08/2026 14:09
373,28,search,02/08/2026 14:22
373,29,click,02/08/2026 16:54
373,29,add_to_cart,02/08/2026 18:57
373,29,purchase,02/08/2026 19:33
373,4,click,02/08/2026 22:21
373,28,view,02/09/2026 0:16
373,40,view,02/09/2026 1:42
373,4,add_to_cart,02/09/2026 1:49
373,4,remove_cart,02/09/2026 3:10
373,4,click,02/09/2026 5:04
373,4,add_to_cart,02/09/2026 6:41
373,4,purchase,02/09/2026 8:02
373,33,view,02/09/2026 9:33
373,4,view,02/09/2026 11:08
373,35,view,02/09/2026 12:14
373,32,add_to_cart,02/09/2026 13:18
373,4,add_to_cart,02/09/2026 14:25
373,22,add_to_cart,02/09/2026 14:57
373,4,search,02/09/2026 16:19
373,22,purchase,02/09/2026 17:51
373,35,add_to_cart,02/09/2026 19:12
373,14,search,02/09/2026 22:03
373,35,click,02/09/2026 22:12
373,42,search,02/09/2026 23:15
373,44,search,02/10/2026 0:50
373,44,view,02/10/2026 2:10
373,35,update_quantity,02/10/2026 3:29
373,35,view,02/10/2026 6:01
373,26,click,02/10/2026 7:37
373,43,search,02/10/2026 8:00
373,35,click,02/10/2026 8:48
373,42,click,02/10/2026 11:39
373,4,rate,02/10/2026 12:49
373,35,add_to_cart,02/10/2026 14:54
373,4,update_quantity,02/10/2026 17:03
373,43,view,02/10/2026 18:00
373,27,add_to_cart,02/10/2026 20:31
373,27,click,02/10/2026 22:50
373,35,purchase,02/11/2026 1:06
373,35,add_to_cart,02/11/2026 1:09
373,32,remove_cart,02/11/2026 3:05
373,35,purchase,02/11/2026 5:15
373,24,add_to_cart,02/11/2026 5:40
373,4,update_quantity,02/11/2026 7:15
373,4,view,02/11/2026 9:05
373,48,view,02/11/2026 10:07
373,3,search,02/11/2026 11:06
373,3,click,02/11/2026 12:09
373,4,view,02/11/2026 14:51
373,4,click,02/11/2026 16:33
373,48,view,02/11/2026 17:16
373,30,search,02/11/2026 20:00
373,29,rate,02/11/2026 21:56
373,3,view,02/12/2026 0:48
373,3,add_to_cart,02/12/2026 3:03
373,23,search,02/12/2026 4:19
373,32,click,02/12/2026 5:19
373,30,search,02/12/2026 6:07
373,29,view,02/12/2026 7:41
373,6,search,02/12/2026 10:06
373,3,click,02/12/2026 11:11
373,6,add_to_cart,02/12/2026 13:02
373,29,add_to_cart,02/12/2026 14:54
373,49,search,02/12/2026 17:54
373,46,search,02/12/2026 18:07
373,3,view,02/12/2026 18:39
373,29,update_quantity,02/12/2026 20:38
373,4,purchase,02/12/2026 20:41
374,9,view,11/10/2025 5:05
374,9,add_to_cart,11/10/2025 5:54
374,17,add_to_cart,11/10/2025 7:49
374,12,search,11/10/2025 9:20
374,9,click,11/10/2025 12:16
374,2,view,11/10/2025 14:54
374,17,remove_cart,11/10/2025 16:37
374,37,search,11/10/2025 17:55
374,9,update_quantity,11/10/2025 20:15
374,11,click,11/10/2025 21:42
374,39,add_to_cart,11/10/2025 22:27
374,9,update_quantity,11/11/2025 1:21
374,30,click,11/11/2025 2:55
374,17,click,11/11/2025 4:04
374,9,click,11/11/2025 6:59
374,39,remove_cart,11/11/2025 7:14
374,9,click,11/11/2025 7:44
374,9,view,11/11/2025 10:02
374,9,view,11/11/2025 12:55
374,9,remove_cart,11/11/2025 14:17
374,43,search,11/11/2025 15:02
374,15,view,11/11/2025 16:22
374,4,view,11/11/2025 17:21
374,9,click,11/11/2025 18:06
374,10,add_to_cart,11/11/2025 20:01
374,20,add_to_cart,11/11/2025 20:38
374,20,purchase,11/11/2025 20:41
374,21,click,11/11/2025 21:30
374,10,purchase,11/11/2025 23:58
374,4,click,11/12/2025 2:45
374,4,add_to_cart,11/12/2025 4:18
374,18,view,11/12/2025 7:05
374,30,search,11/12/2025 8:48
374,43,search,11/12/2025 10:39
374,48,add_to_cart,11/12/2025 13:24
374,38,click,11/12/2025 14:33
374,29,view,11/12/2025 15:06
374,48,view,11/12/2025 17:32
374,30,add_to_cart,11/12/2025 19:30
374,48,remove_cart,11/12/2025 22:06
374,4,purchase,11/12/2025 23:06
374,10,rate,11/12/2025 23:50
374,30,remove_cart,11/13/2025 1:41
374,40,view,11/13/2025 2:26
374,29,add_to_cart,11/13/2025 4:28
374,39,add_to_cart,11/13/2025 6:17
374,4,view,11/13/2025 7:21
374,48,search,11/13/2025 7:39
374,15,view,11/13/2025 9:48
374,24,search,11/13/2025 11:59
374,13,search,11/13/2025 14:01
374,47,search,11/13/2025 15:20
374,41,view,11/13/2025 15:26
374,4,view,11/13/2025 16:43
374,29,purchase,11/13/2025 18:24
374,15,click,11/13/2025 20:04
374,15,view,11/13/2025 22:43
374,24,click,11/14/2025 1:00
374,29,click,11/14/2025 1:44
375,9,view,10/24/2025 21:19
375,17,click,10/24/2025 23:11
375,9,click,10/24/2025 23:45
375,7,click,10/25/2025 2:46
375,27,search,10/25/2025 5:18
375,9,view,10/25/2025 5:24
375,9,view,10/25/2025 6:57
375,27,click,10/25/2025 7:13
375,7,view,10/25/2025 9:44
375,9,view,10/25/2025 12:41
375,7,view,10/25/2025 14:17
375,7,view,10/25/2025 17:09
375,9,view,10/25/2025 20:03
375,35,add_to_cart,10/25/2025 22:20
375,48,add_to_cart,10/26/2025 0:46
375,35,remove_cart,10/26/2025 1:30
375,48,update_quantity,10/26/2025 2:16
375,34,add_to_cart,10/26/2025 4:50
375,34,add_to_cart,10/26/2025 5:31
375,30,add_to_cart,10/26/2025 7:14
375,22,search,10/26/2025 9:21
375,45,click,10/26/2025 9:28
375,48,add_to_cart,10/26/2025 11:30
375,21,view,10/26/2025 13:36
375,50,search,10/26/2025 15:09
375,7,search,10/26/2025 15:32
375,34,click,10/26/2025 16:44
375,50,view,10/26/2025 17:13
375,34,update_quantity,10/26/2025 18:24
375,45,click,10/26/2025 18:30
375,34,add_to_cart,10/26/2025 20:38
375,44,search,10/26/2025 22:04
375,8,view,10/27/2025 1:05
375,34,view,10/27/2025 3:05
375,38,search,10/27/2025 3:43
375,30,update_quantity,10/27/2025 4:14
375,6,add_to_cart,10/27/2025 5:34
375,30,click,10/27/2025 5:50
375,23,add_to_cart,10/27/2025 8:05
375,8,add_to_cart,10/27/2025 10:54
375,26,add_to_cart,10/27/2025 12:26
375,8,click,10/27/2025 15:25
375,26,view,10/27/2025 18:01
375,34,update_quantity,10/27/2025 20:41
375,34,view,10/27/2025 22:15
375,5,add_to_cart,10/27/2025 22:32
375,21,view,10/27/2025 23:34
375,19,click,10/27/2025 23:59
375,16,view,10/28/2025 2:41
375,23,purchase,10/28/2025 4:54
375,30,remove_cart,10/28/2025 5:35
375,5,add_to_cart,10/28/2025 7:05
375,5,view,10/28/2025 7:35
375,39,search,10/28/2025 8:22
375,19,click,10/28/2025 9:55
375,11,search,10/28/2025 11:10
375,28,search,10/28/2025 13:16
375,23,view,10/28/2025 15:21
375,40,search,10/28/2025 17:39
375,42,view,10/28/2025 19:48
375,26,remove_cart,10/28/2025 20:49
375,11,click,10/28/2025 22:27
375,32,search,10/29/2025 1:09
375,23,view,10/29/2025 2:32
375,14,search,10/29/2025 4:12
375,23,view,10/29/2025 4:57
376,8,click,02/02/2026 9:02
376,8,view,02/02/2026 11:27
376,8,add_to_cart,02/02/2026 13:12
376,8,remove_cart,02/02/2026 15:21
376,8,view,02/02/2026 15:57
376,10,add_to_cart,02/02/2026 16:41
376,38,view,02/02/2026 17:37
376,8,click,02/02/2026 18:06
376,38,view,02/02/2026 20:58
376,39,search,02/02/2026 22:53
376,38,view,02/03/2026 0:52
376,38,add_to_cart,02/03/2026 2:14
376,21,search,02/03/2026 2:17
376,38,view,02/03/2026 2:45
376,8,click,02/03/2026 4:16
376,10,update_quantity,02/03/2026 5:42
376,38,update_quantity,02/03/2026 7:52
376,8,view,02/03/2026 7:56
376,10,add_to_cart,02/03/2026 9:18
376,46,view,02/03/2026 10:14
376,38,add_to_cart,02/03/2026 10:48
376,10,view,02/03/2026 12:30
376,18,view,02/03/2026 12:40
376,11,add_to_cart,02/03/2026 12:56
376,10,purchase,02/03/2026 13:25
376,11,update_quantity,02/03/2026 16:15
376,5,search,02/03/2026 18:40
376,10,search,02/03/2026 19:54
376,16,view,02/03/2026 22:26
376,7,search,02/04/2026 1:11
376,35,view,02/04/2026 1:29
376,10,add_to_cart,02/04/2026 4:17
376,32,search,02/04/2026 6:39
376,6,search,02/04/2026 8:07
376,11,view,02/04/2026 10:36
376,20,add_to_cart,02/04/2026 12:27
376,11,click,02/04/2026 13:11
376,11,view,02/04/2026 14:56
376,33,click,02/04/2026 14:59
376,37,add_to_cart,02/04/2026 16:41
376,10,rate,02/04/2026 17:38
376,20,view,02/04/2026 19:24
376,13,add_to_cart,02/04/2026 21:45
376,28,view,02/04/2026 22:50
376,8,search,02/05/2026 0:27
376,28,view,02/05/2026 1:28
376,20,purchase,02/05/2026 4:05
376,20,rate,02/05/2026 4:37
376,38,update_quantity,02/05/2026 5:37
376,24,search,02/05/2026 8:23
376,46,search,02/05/2026 10:31
376,38,view,02/05/2026 12:41
376,7,add_to_cart,02/05/2026 12:53
376,24,view,02/05/2026 15:38
376,30,search,02/05/2026 16:55
376,24,click,02/05/2026 18:49
376,7,view,02/05/2026 21:26
376,42,view,02/05/2026 21:49
376,22,search,02/06/2026 0:43
376,16,search,02/06/2026 1:29
376,21,search,02/06/2026 2:22
376,48,search,02/06/2026 4:05
376,24,view,02/06/2026 5:12
376,7,view,02/06/2026 5:44
376,42,click,02/06/2026 5:52
376,13,update_quantity,02/06/2026 8:04
376,21,add_to_cart,02/06/2026 10:41
376,11,update_quantity,02/06/2026 12:21
376,48,view,02/06/2026 14:30
377,49,view,02/18/2026 7:12
377,49,click,02/18/2026 8:22
377,4,search,02/18/2026 8:39
377,49,add_to_cart,02/18/2026 11:33
377,4,view,02/18/2026 14:11
377,49,update_quantity,02/18/2026 16:19
377,29,click,02/18/2026 16:37
377,4,add_to_cart,02/18/2026 18:57
377,34,search,02/18/2026 20:05
377,34,view,02/18/2026 20:58
377,21,search,02/18/2026 22:58
377,37,click,02/18/2026 23:40
377,4,add_to_cart,02/19/2026 1:34
377,26,search,02/19/2026 3:55
377,49,search,02/19/2026 5:19
377,49,update_quantity,02/19/2026 5:34
377,4,add_to_cart,02/19/2026 8:03
377,18,click,02/19/2026 8:22
377,32,search,02/19/2026 9:21
377,48,search,02/19/2026 10:58
377,49,update_quantity,02/19/2026 13:43
377,44,search,02/19/2026 15:47
377,4,update_quantity,02/19/2026 17:41
377,18,click,02/19/2026 18:04
377,44,click,02/19/2026 18:32
377,49,purchase,02/19/2026 18:42
377,46,search,02/19/2026 20:49
377,6,view,02/19/2026 23:36
377,6,view,02/20/2026 0:20
377,4,purchase,02/20/2026 2:25
377,4,view,02/20/2026 2:28
377,31,click,02/20/2026 3:56
377,6,search,02/20/2026 6:48
377,4,search,02/20/2026 8:02
377,29,view,02/20/2026 9:42
377,11,click,02/20/2026 12:28
377,4,add_to_cart,02/20/2026 14:20
377,4,update_quantity,02/20/2026 15:54
377,29,view,02/20/2026 17:09
377,18,add_to_cart,02/20/2026 19:27
377,37,search,02/20/2026 20:45
377,11,view,02/20/2026 22:48
377,23,add_to_cart,02/21/2026 0:33
377,32,view,02/21/2026 3:12
377,11,click,02/21/2026 5:51
377,4,view,02/21/2026 7:20
377,46,view,02/21/2026 8:33
377,38,search,02/21/2026 8:48
377,49,rate,02/21/2026 9:00
377,4,update_quantity,02/21/2026 10:57
378,32,view,03/05/2026 18:18
378,37,search,03/05/2026 20:38
378,37,click,03/05/2026 20:49
378,37,view,03/05/2026 23:39
378,12,search,03/06/2026 0:08
378,37,view,03/06/2026 1:21
378,35,search,03/06/2026 2:59
378,37,click,03/06/2026 4:39
378,37,view,03/06/2026 5:26
378,35,click,03/06/2026 7:03
378,35,view,03/06/2026 7:36
378,37,view,03/06/2026 8:49
378,4,add_to_cart,03/06/2026 10:22
378,4,view,03/06/2026 10:59
378,6,search,03/06/2026 13:54
378,39,view,03/06/2026 14:43
378,41,view,03/06/2026 15:11
378,44,search,03/06/2026 17:20
378,32,view,03/06/2026 18:11
378,36,search,03/06/2026 21:02
378,39,add_to_cart,03/06/2026 23:05
378,36,view,03/07/2026 1:11
378,39,view,03/07/2026 2:49
378,32,click,03/07/2026 4:36
378,32,view,03/07/2026 6:05
378,36,view,03/07/2026 7:06
378,47,search,03/07/2026 9:13
378,24,click,03/07/2026 12:11
378,4,remove_cart,03/07/2026 13:23
378,39,purchase,03/07/2026 15:45
378,49,add_to_cart,03/07/2026 16:46
378,36,search,03/07/2026 18:58
378,16,add_to_cart,03/07/2026 20:27
378,16,purchase,03/07/2026 20:48
378,4,view,03/07/2026 21:02
378,49,update_quantity,03/07/2026 22:59
378,4,view,03/08/2026 0:14
378,8,view,03/08/2026 1:25
379,21,view,12/11/2025 19:40
379,9,add_to_cart,12/11/2025 20:03
379,9,search,12/11/2025 21:00
379,21,click,12/11/2025 23:57
379,49,search,12/12/2025 0:24
379,49,view,12/12/2025 1:48
379,9,update_quantity,12/12/2025 4:07
379,9,remove_cart,12/12/2025 6:26
379,50,search,12/12/2025 9:12
379,6,search,12/12/2025 11:17
379,49,view,12/12/2025 13:17
379,45,view,12/12/2025 15:20
379,50,view,12/12/2025 16:22
379,6,view,12/12/2025 16:32
379,44,view,12/12/2025 17:00
379,50,click,12/12/2025 17:12
379,45,click,12/12/2025 19:57
379,28,search,12/12/2025 22:09
379,28,click,12/13/2025 0:29
379,49,view,12/13/2025 2:06
379,34,search,12/13/2025 3:41
379,28,add_to_cart,12/13/2025 5:45
379,28,update_quantity,12/13/2025 8:01
379,21,search,12/13/2025 9:11
379,28,add_to_cart,12/13/2025 9:44
379,16,click,12/13/2025 10:54
379,29,search,12/13/2025 12:07
379,14,click,12/13/2025 13:20
379,34,view,12/13/2025 13:43
379,8,view,12/13/2025 15:43
379,48,add_to_cart,12/13/2025 15:52
379,3,view,12/13/2025 17:03
379,14,search,12/13/2025 19:29
379,28,update_quantity,12/13/2025 21:53
379,48,purchase,12/13/2025 23:55
379,15,view,12/14/2025 1:44
379,19,search,12/14/2025 3:42
379,15,add_to_cart,12/14/2025 5:46
379,3,view,12/14/2025 6:03
379,15,view,12/14/2025 7:44
379,15,purchase,12/14/2025 10:08
379,28,remove_cart,12/14/2025 12:12
379,49,add_to_cart,12/14/2025 14:37
379,14,search,12/14/2025 16:28
379,3,view,12/14/2025 17:48
379,49,remove_cart,12/14/2025 18:09
379,28,add_to_cart,12/14/2025 20:45
379,28,update_quantity,12/14/2025 20:55
379,28,purchase,12/14/2025 22:21
379,5,add_to_cart,12/15/2025 0:42
379,12,search,12/15/2025 1:13
379,7,search,12/15/2025 3:45
379,5,purchase,12/15/2025 4:32
379,21,view,12/15/2025 5:15
379,38,view,12/15/2025 5:53
379,2,search,12/15/2025 7:09
379,15,view,12/15/2025 8:48
379,12,click,12/15/2025 9:39
379,2,add_to_cart,12/15/2025 12:27
379,2,add_to_cart,12/15/2025 13:25
379,2,remove_cart,12/15/2025 13:50
379,2,add_to_cart,12/15/2025 15:16
379,2,remove_cart,12/15/2025 16:30
379,2,view,12/15/2025 17:10
379,2,click,12/15/2025 19:01
379,43,click,12/15/2025 21:24
379,10,search,12/15/2025 22:44
379,10,view,12/16/2025 1:38
379,19,click,12/16/2025 1:41
379,25,view,12/16/2025 4:16
380,36,add_to_cart,12/09/2025 11:58
380,36,update_quantity,12/09/2025 13:17
380,27,search,12/09/2025 16:10
380,36,view,12/09/2025 18:09
380,42,view,12/09/2025 20:16
380,36,click,12/09/2025 20:49
380,36,purchase,12/09/2025 22:09
380,49,search,12/09/2025 22:53
380,17,search,12/10/2025 0:43
380,12,click,12/10/2025 2:26
380,39,click,12/10/2025 2:40
380,30,add_to_cart,12/10/2025 3:36
380,30,remove_cart,12/10/2025 6:15
380,36,add_to_cart,12/10/2025 6:54
380,39,add_to_cart,12/10/2025 9:16
380,36,update_quantity,12/10/2025 11:21
380,36,purchase,12/10/2025 11:35
380,39,update_quantity,12/10/2025 14:01
380,47,search,12/10/2025 16:04
380,39,purchase,12/10/2025 17:49
380,48,view,12/10/2025 18:05
380,42,click,12/10/2025 20:36
380,50,click,12/10/2025 21:49
380,42,click,12/11/2025 0:43
380,42,view,12/11/2025 1:52
380,42,add_to_cart,12/11/2025 1:54
380,50,add_to_cart,12/11/2025 2:29
380,50,remove_cart,12/11/2025 4:34
380,48,view,12/11/2025 5:48
380,3,view,12/11/2025 6:17
380,3,search,12/11/2025 8:28
380,37,add_to_cart,12/11/2025 10:58
380,37,update_quantity,12/11/2025 13:42
380,3,click,12/11/2025 15:01
380,3,click,12/11/2025 15:51
380,50,view,12/11/2025 18:52
380,39,click,12/11/2025 20:49
380,37,remove_cart,12/11/2025 21:24
380,42,purchase,12/11/2025 22:42
380,36,rate,12/12/2025 1:40
380,42,view,12/12/2025 2:39
380,19,add_to_cart,12/12/2025 3:08
380,24,search,12/12/2025 4:32
380,37,click,12/12/2025 4:56
380,19,search,12/12/2025 5:39
380,2,view,12/12/2025 8:18
380,19,update_quantity,12/12/2025 10:06
380,42,rate,12/12/2025 11:27
380,19,purchase,12/12/2025 13:42
380,39,rate,12/12/2025 15:39
380,16,search,12/12/2025 18:07
380,2,click,12/12/2025 18:39
380,2,click,12/12/2025 19:21
380,19,view,12/12/2025 20:26
380,32,view,12/12/2025 20:59
380,31,view,12/12/2025 23:02
380,10,search,12/13/2025 0:05
380,11,view,12/13/2025 2:02
380,31,click,12/13/2025 4:18
380,8,add_to_cart,12/13/2025 6:21
380,16,add_to_cart,12/13/2025 8:22
380,12,click,12/13/2025 9:39
380,11,view,12/13/2025 11:41
380,16,purchase,12/13/2025 14:38
380,31,click,12/13/2025 17:37
380,45,view,12/13/2025 17:40
380,8,remove_cart,12/13/2025 19:48
380,10,search,12/13/2025 20:28
380,12,view,12/13/2025 20:40
380,16,add_to_cart,12/13/2025 20:52
380,8,view,12/13/2025 21:53
380,12,add_to_cart,12/13/2025 22:28
380,8,add_to_cart,12/14/2025 0:05
380,4,search,12/14/2025 2:17
380,8,add_to_cart,12/14/2025 3:32
380,16,click,12/14/2025 4:45
380,34,search,12/14/2025 4:59
380,37,add_to_cart,12/14/2025 6:18
381,29,click,11/23/2025 16:14
381,29,click,11/23/2025 16:45
381,29,view,11/23/2025 19:42
381,29,click,11/23/2025 19:58
381,29,view,11/23/2025 21:21
381,29,add_to_cart,11/23/2025 21:42
381,29,add_to_cart,11/23/2025 22:34
381,29,purchase,11/23/2025 22:53
381,29,click,11/24/2025 1:07
381,29,add_to_cart,11/24/2025 3:52
381,29,view,11/24/2025 5:58
381,29,click,11/24/2025 7:09
381,29,view,11/24/2025 9:36
381,29,view,11/24/2025 10:20
381,29,update_quantity,11/24/2025 12:21
381,29,view,11/24/2025 13:10
381,23,click,11/24/2025 15:04
381,29,remove_cart,11/24/2025 16:41
381,29,click,11/24/2025 18:26
381,29,view,11/24/2025 21:07
381,32,view,11/24/2025 21:59
381,29,view,11/24/2025 23:03
381,29,click,11/25/2025 0:02
381,29,view,11/25/2025 1:50
381,20,click,11/25/2025 4:39
381,29,view,11/25/2025 7:15
381,1,search,11/25/2025 9:29
381,32,view,11/25/2025 10:44
381,29,add_to_cart,11/25/2025 13:35
381,43,click,11/25/2025 15:08
381,29,view,11/25/2025 15:34
381,50,search,11/25/2025 16:55
381,29,remove_cart,11/25/2025 17:25
381,9,search,11/25/2025 19:58
381,50,view,11/25/2025 21:14
381,30,click,11/25/2025 22:16
382,41,click,01/29/2026 16:02
382,41,add_to_cart,01/29/2026 17:39
382,21,click,01/29/2026 18:38
382,41,view,01/29/2026 18:54
382,21,add_to_cart,01/29/2026 18:59
382,21,view,01/29/2026 20:53
382,21,remove_cart,01/29/2026 20:58
382,40,search,01/29/2026 21:35
382,21,view,01/29/2026 22:03
382,40,click,01/29/2026 23:43
382,21,click,01/30/2026 0:55
382,33,search,01/30/2026 1:45
382,21,view,01/30/2026 3:44
382,21,view,01/30/2026 4:46
382,21,view,01/30/2026 5:19
382,3,add_to_cart,01/30/2026 7:39
382,46,add_to_cart,01/30/2026 8:54
382,21,view,01/30/2026 9:35
382,9,view,01/30/2026 11:07
382,46,view,01/30/2026 11:10
382,21,click,01/30/2026 12:35
382,46,click,01/30/2026 14:44
382,49,search,01/30/2026 15:20
382,3,remove_cart,01/30/2026 17:18
382,21,view,01/30/2026 18:28
382,49,click,01/30/2026 18:52
382,9,view,01/30/2026 19:00
382,50,add_to_cart,01/30/2026 21:22
382,46,remove_cart,01/30/2026 22:19
382,15,add_to_cart,01/31/2026 0:26
382,3,view,01/31/2026 1:11
382,9,view,01/31/2026 3:57
382,39,search,01/31/2026 6:35
382,27,search,01/31/2026 7:31
382,41,update_quantity,01/31/2026 8:19
382,50,remove_cart,01/31/2026 11:16
382,34,add_to_cart,01/31/2026 11:43
382,34,remove_cart,01/31/2026 14:35
382,50,search,01/31/2026 14:44
382,39,view,01/31/2026 16:39
382,37,add_to_cart,01/31/2026 19:29
382,41,click,01/31/2026 20:48
382,44,view,01/31/2026 22:56
382,15,purchase,02/01/2026 0:57
382,37,remove_cart,02/01/2026 1:48
382,3,search,02/01/2026 1:58
382,6,view,02/01/2026 3:22
382,15,add_to_cart,02/01/2026 3:25
382,37,click,02/01/2026 4:39
382,15,add_to_cart,02/01/2026 7:06
382,41,remove_cart,02/01/2026 8:00
382,41,add_to_cart,02/01/2026 8:20
382,31,view,02/01/2026 9:39
383,47,view,12/25/2025 20:44
383,5,search,12/25/2025 20:55
383,5,add_to_cart,12/25/2025 21:41
383,6,view,12/26/2025 0:36
383,6,add_to_cart,12/26/2025 3:16
383,6,click,12/26/2025 5:54
383,5,remove_cart,12/26/2025 8:10
383,6,update_quantity,12/26/2025 10:53
383,5,click,12/26/2025 12:15
383,11,view,12/26/2025 15:12
383,47,search,12/26/2025 18:04
383,6,view,12/26/2025 20:43
383,15,search,12/26/2025 23:28
383,6,purchase,12/27/2025 0:43
383,5,view,12/27/2025 3:01
383,20,view,12/27/2025 4:55
383,8,search,12/27/2025 5:13
383,20,view,12/27/2025 6:46
383,22,click,12/27/2025 8:14
383,5,view,12/27/2025 9:02
383,12,search,12/27/2025 10:02
383,5,click,12/27/2025 13:01
383,10,search,12/27/2025 14:25
383,22,add_to_cart,12/27/2025 17:19
383,22,purchase,12/27/2025 20:08
383,18,add_to_cart,12/27/2025 22:11
383,22,click,12/28/2025 0:11
383,5,click,12/28/2025 0:19
383,18,update_quantity,12/28/2025 2:13
383,1,search,12/28/2025 2:38
383,19,view,12/28/2025 3:32
383,19,view,12/28/2025 4:53
383,19,click,12/28/2025 5:20
383,22,view,12/28/2025 7:59
383,30,search,12/28/2025 8:05
383,7,search,12/28/2025 10:08
383,19,click,12/28/2025 10:53
383,1,click,12/28/2025 11:43
383,31,click,12/28/2025 12:06
383,22,add_to_cart,12/28/2025 13:20
383,19,click,12/28/2025 14:39
383,1,view,12/28/2025 16:07
383,6,search,12/28/2025 17:23
383,18,view,12/28/2025 17:29
383,22,add_to_cart,12/28/2025 19:21
383,6,view,12/28/2025 20:41
383,31,click,12/28/2025 20:44
383,14,view,12/28/2025 21:52
383,22,update_quantity,12/28/2025 23:16
383,26,view,12/29/2025 1:16
383,22,update_quantity,12/29/2025 3:39
383,49,search,12/29/2025 5:34
383,6,view,12/29/2025 8:16
383,22,click,12/29/2025 8:28
383,1,view,12/29/2025 9:24
383,1,click,12/29/2025 9:30
383,44,search,12/29/2025 10:56
383,5,add_to_cart,12/29/2025 13:46
383,5,search,12/29/2025 14:03
383,33,search,12/29/2025 16:00
383,32,search,12/29/2025 18:17
383,5,view,12/29/2025 19:55
383,22,purchase,12/29/2025 21:39
383,5,view,12/29/2025 22:02
383,21,add_to_cart,12/29/2025 22:37
383,33,click,12/29/2025 23:59
384,13,add_to_cart,10/22/2025 7:02
384,27,search,10/22/2025 7:21
384,13,update_quantity,10/22/2025 9:44
384,16,search,10/22/2025 12:43
384,24,click,10/22/2025 12:48
384,18,click,10/22/2025 13:53
384,27,view,10/22/2025 15:52
384,19,view,10/22/2025 16:33
384,13,remove_cart,10/22/2025 18:44
384,41,click,10/22/2025 19:04
384,19,click,10/22/2025 20:52
384,43,search,10/22/2025 23:21
384,43,view,10/23/2025 1:15
384,11,search,10/23/2025 1:43
384,25,add_to_cart,10/23/2025 2:02
384,25,view,10/23/2025 2:50
384,17,add_to_cart,10/23/2025 2:57
384,25,update_quantity,10/23/2025 4:30
384,13,search,10/23/2025 6:55
384,13,add_to_cart,10/23/2025 8:30
384,7,search,10/23/2025 10:33
384,13,click,10/23/2025 11:33
384,17,purchase,10/23/2025 12:15
384,17,rate,10/23/2025 13:50
384,25,remove_cart,10/23/2025 15:50
384,44,search,10/23/2025 15:57
384,25,view,10/23/2025 17:55
384,14,search,10/23/2025 20:20
384,14,click,10/23/2025 21:48
384,34,view,10/24/2025 0:48
384,25,view,10/24/2025 1:08
384,13,remove_cart,10/24/2025 2:59
384,44,view,10/24/2025 3:04
384,27,click,10/24/2025 4:20
384,29,view,10/24/2025 5:28
384,49,search,10/24/2025 6:02
384,25,view,10/24/2025 7:53
384,44,add_to_cart,10/24/2025 9:57
384,12,add_to_cart,10/24/2025 11:51
384,13,view,10/24/2025 12:17
384,42,search,10/24/2025 14:50
384,24,search,10/24/2025 17:41
384,45,view,10/24/2025 19:07
384,12,remove_cart,10/24/2025 21:32
384,44,click,10/24/2025 23:59
384,20,search,10/25/2025 0:14
384,12,add_to_cart,10/25/2025 2:09
384,44,update_quantity,10/25/2025 4:20
384,37,search,10/25/2025 6:12
384,46,view,10/25/2025 8:30
384,49,click,10/25/2025 10:26
384,12,view,10/25/2025 11:16
384,9,view,10/25/2025 14:13
385,20,search,12/01/2025 22:08
385,2,click,12/02/2025 0:56
385,22,view,12/02/2025 2:30
385,37,add_to_cart,12/02/2025 4:16
385,29,view,12/02/2025 5:33
385,41,add_to_cart,12/02/2025 6:05
385,41,update_quantity,12/02/2025 6:42
385,50,search,12/02/2025 7:36
385,22,click,12/02/2025 8:53
385,22,view,12/02/2025 9:04
385,9,search,12/02/2025 9:40
385,37,purchase,12/02/2025 11:41
385,41,update_quantity,12/02/2025 12:43
385,41,remove_cart,12/02/2025 14:09
385,7,view,12/02/2025 15:15
385,50,view,12/02/2025 17:24
385,7,click,12/02/2025 20:18
385,19,view,12/02/2025 20:56
385,24,search,12/02/2025 21:30
385,37,rate,12/02/2025 22:08
385,15,click,12/02/2025 23:21
385,2,click,12/03/2025 0:06
385,28,search,12/03/2025 2:05
385,50,view,12/03/2025 3:34
385,30,search,12/03/2025 4:42
385,32,search,12/03/2025 7:12
385,50,view,12/03/2025 7:19
385,50,view,12/03/2025 8:37
385,28,add_to_cart,12/03/2025 11:29
385,32,view,12/03/2025 12:16
385,9,add_to_cart,12/03/2025 14:13
385,50,view,12/03/2025 15:16
385,49,search,12/03/2025 15:36
385,48,search,12/03/2025 17:29
385,39,search,12/03/2025 19:35
385,9,add_to_cart,12/03/2025 19:59
385,32,search,12/03/2025 21:32
385,49,view,12/03/2025 22:31
385,37,view,12/03/2025 23:34
385,32,search,12/04/2025 1:04
385,49,add_to_cart,12/04/2025 3:47
385,49,click,12/04/2025 6:26
385,40,view,12/04/2025 6:44
385,40,add_to_cart,12/04/2025 8:02
385,4,add_to_cart,12/04/2025 10:40
385,49,update_quantity,12/04/2025 11:31
385,40,click,12/04/2025 14:19
385,46,search,12/04/2025 16:28
385,28,search,12/04/2025 18:59
385,13,view,12/04/2025 20:35
386,42,view,02/04/2026 17:39
386,24,add_to_cart,02/04/2026 19:43
386,24,view,02/04/2026 21:40
386,42,view,02/04/2026 23:09
386,24,purchase,02/04/2026 23:50
386,18,search,02/05/2026 0:21
386,9,search,02/05/2026 1:40
386,24,view,02/05/2026 1:50
386,18,view,02/05/2026 2:00
386,18,add_to_cart,02/05/2026 2:36
386,18,purchase,02/05/2026 5:09
386,42,click,02/05/2026 6:32
386,18,add_to_cart,02/05/2026 6:34
386,41,search,02/05/2026 6:56
386,9,add_to_cart,02/05/2026 8:37
386,41,add_to_cart,02/05/2026 8:54
386,30,search,02/05/2026 10:41
386,9,view,02/05/2026 11:03
386,42,view,02/05/2026 13:29
386,23,view,02/05/2026 14:33
386,41,update_quantity,02/05/2026 16:44
386,18,update_quantity,02/05/2026 19:39
386,43,view,02/05/2026 21:47
386,23,add_to_cart,02/05/2026 22:00
386,42,view,02/05/2026 22:31
386,30,search,02/06/2026 1:00
386,41,click,02/06/2026 2:14
386,41,click,02/06/2026 4:00
386,21,search,02/06/2026 6:33
386,33,click,02/06/2026 8:29
386,30,search,02/06/2026 11:10
386,18,rate,02/06/2026 13:20
386,18,search,02/06/2026 14:27
386,30,click,02/06/2026 17:26
386,21,add_to_cart,02/06/2026 18:25
386,20,search,02/06/2026 20:46
386,32,search,02/06/2026 20:55
386,21,add_to_cart,02/06/2026 22:10
386,1,search,02/07/2026 0:39
386,18,view,02/07/2026 2:06
386,19,search,02/07/2026 3:33
386,19,add_to_cart,02/07/2026 4:44
386,8,click,02/07/2026 7:23
386,21,update_quantity,02/07/2026 8:06
386,19,view,02/07/2026 9:21
386,19,click,02/07/2026 9:36
386,3,search,02/07/2026 11:20
386,43,view,02/07/2026 13:01
386,27,click,02/07/2026 14:53
386,3,view,02/07/2026 15:53
386,27,add_to_cart,02/07/2026 16:55
386,19,purchase,02/07/2026 19:47
386,43,view,02/07/2026 20:05
386,19,view,02/07/2026 22:58
386,21,view,02/07/2026 23:30
386,23,purchase,02/08/2026 2:05
386,26,view,02/08/2026 4:24
386,27,view,02/08/2026 7:20
386,36,view,02/08/2026 7:43
386,37,search,02/08/2026 9:41
386,43,view,02/08/2026 12:39
386,30,search,02/08/2026 14:37
386,14,search,02/08/2026 17:08
386,26,add_to_cart,02/08/2026 17:10
386,36,click,02/08/2026 18:43
386,30,add_to_cart,02/08/2026 21:40
386,6,search,02/08/2026 21:55
386,14,add_to_cart,02/08/2026 23:08
386,26,purchase,02/09/2026 2:06
386,14,click,02/09/2026 4:55
386,14,remove_cart,02/09/2026 7:46
386,9,update_quantity,02/09/2026 8:32
386,36,click,02/09/2026 9:01
386,36,add_to_cart,02/09/2026 10:36
387,8,click,12/15/2025 19:32
387,37,search,12/15/2025 20:02
387,37,view,12/15/2025 21:54
387,12,search,12/15/2025 23:18
387,12,view,12/16/2025 1:07
387,12,add_to_cart,12/16/2025 1:24
387,12,update_quantity,12/16/2025 3:38
387,8,click,12/16/2025 5:00
387,37,view,12/16/2025 6:32
387,12,update_quantity,12/16/2025 6:44
387,32,view,12/16/2025 7:43
387,12,view,12/16/2025 9:17
387,12,add_to_cart,12/16/2025 11:28
387,37,view,12/16/2025 13:31
387,37,click,12/16/2025 16:31
387,20,click,12/16/2025 18:47
387,37,add_to_cart,12/16/2025 19:12
387,28,click,12/16/2025 20:25
387,37,click,12/16/2025 22:32
387,37,update_quantity,12/16/2025 22:44
387,12,purchase,12/17/2025 0:47
387,4,search,12/17/2025 1:37
387,37,add_to_cart,12/17/2025 4:18
387,12,view,12/17/2025 5:26
387,30,search,12/17/2025 7:08
387,33,click,12/17/2025 8:45
387,12,view,12/17/2025 10:55
387,24,search,12/17/2025 12:12
387,47,search,12/17/2025 13:50
387,37,purchase,12/17/2025 15:45
387,12,view,12/17/2025 17:15
387,17,search,12/17/2025 18:38
387,13,add_to_cart,12/17/2025 20:03
387,16,click,12/17/2025 21:06
387,32,add_to_cart,12/17/2025 21:38
387,37,click,12/17/2025 23:09
387,30,search,12/18/2025 0:27
387,18,click,12/18/2025 1:39
387,13,search,12/18/2025 2:39
387,13,add_to_cart,12/18/2025 4:11
387,15,search,12/18/2025 5:44
387,37,click,12/18/2025 7:34
387,29,search,12/18/2025 8:09
387,12,search,12/18/2025 10:17
387,32,update_quantity,12/18/2025 12:12
387,7,search,12/18/2025 14:48
387,31,view,12/18/2025 16:43
387,33,search,12/18/2025 18:27
387,34,view,12/18/2025 20:06
387,11,search,12/18/2025 21:13
387,33,add_to_cart,12/18/2025 23:11
388,4,add_to_cart,02/27/2026 3:34
388,4,view,02/27/2026 4:36
388,4,add_to_cart,02/27/2026 5:48
388,4,update_quantity,02/27/2026 6:16
388,4,update_quantity,02/27/2026 6:50
388,4,update_quantity,02/27/2026 9:08
388,26,add_to_cart,02/27/2026 11:36
388,4,click,02/27/2026 11:58
388,4,purchase,02/27/2026 14:26
388,4,view,02/27/2026 14:41
388,41,add_to_cart,02/27/2026 15:39
388,35,click,02/27/2026 18:34
388,17,click,02/27/2026 20:02
388,41,view,02/27/2026 21:18
388,26,purchase,02/28/2026 0:14
388,4,add_to_cart,02/28/2026 2:35
388,4,click,02/28/2026 2:52
388,41,view,02/28/2026 3:20
388,38,click,02/28/2026 5:55
388,41,click,02/28/2026 6:27
388,50,view,02/28/2026 8:05
388,41,view,02/28/2026 8:37
388,4,remove_cart,02/28/2026 10:23
388,50,view,02/28/2026 12:33
388,14,search,02/28/2026 14:39
388,26,rate,02/28/2026 15:46
388,41,click,02/28/2026 17:28
388,31,view,02/28/2026 19:49
388,26,view,02/28/2026 20:51
388,14,click,02/28/2026 21:31
388,29,add_to_cart,02/28/2026 21:56
388,29,add_to_cart,02/28/2026 22:37
388,11,add_to_cart,02/28/2026 23:29
388,26,view,03/01/2026 2:05
388,3,view,03/01/2026 4:14
388,11,update_quantity,03/01/2026 6:35
388,29,view,03/01/2026 8:40
388,11,update_quantity,03/01/2026 8:51
388,36,view,03/01/2026 10:05
388,41,remove_cart,03/01/2026 10:51
388,44,search,03/01/2026 11:08
388,29,purchase,03/01/2026 13:04
388,11,remove_cart,03/01/2026 14:42
388,11,view,03/01/2026 17:35
388,29,view,03/01/2026 19:13
388,44,click,03/01/2026 20:32
388,44,view,03/01/2026 21:44
388,11,click,03/02/2026 0:05
388,20,search,03/02/2026 1:19
388,48,view,03/02/2026 3:00
388,17,view,03/02/2026 3:49
388,43,search,03/02/2026 5:25
388,20,view,03/02/2026 8:01
388,43,add_to_cart,03/02/2026 8:15
388,43,purchase,03/02/2026 10:53
388,39,add_to_cart,03/02/2026 12:26
388,48,search,03/02/2026 13:44
388,48,view,03/02/2026 13:58
389,47,search,11/12/2025 5:03
389,8,search,11/12/2025 7:26
389,47,view,11/12/2025 9:25
389,8,click,11/12/2025 11:38
389,41,search,11/12/2025 12:01
389,47,view,11/12/2025 13:16
389,5,view,11/12/2025 15:18
389,41,add_to_cart,11/12/2025 17:26
389,28,view,11/12/2025 19:51
389,8,add_to_cart,11/12/2025 22:19
389,41,purchase,11/12/2025 23:19
389,8,click,11/13/2025 1:20
389,41,view,11/13/2025 3:28
389,47,click,11/13/2025 6:24
389,41,add_to_cart,11/13/2025 6:29
389,17,search,11/13/2025 7:36
389,41,update_quantity,11/13/2025 10:20
389,41,click,11/13/2025 11:34
389,17,view,11/13/2025 13:00
389,41,add_to_cart,11/13/2025 15:38
389,41,rate,11/13/2025 17:50
389,8,update_quantity,11/13/2025 18:55
389,14,search,11/13/2025 20:13
389,41,view,11/13/2025 22:39
389,14,add_to_cart,11/14/2025 1:13
389,25,search,11/14/2025 1:56
389,8,update_quantity,11/14/2025 2:27
389,8,click,11/14/2025 4:24
389,46,search,11/14/2025 6:28
389,14,remove_cart,11/14/2025 7:35
389,25,view,11/14/2025 9:31
389,25,add_to_cart,11/14/2025 11:20
389,9,add_to_cart,11/14/2025 13:38
389,46,add_to_cart,11/14/2025 15:22
389,25,view,11/14/2025 15:45
390,9,view,11/22/2025 5:34
390,9,view,11/22/2025 5:50
390,41,view,11/22/2025 6:14
390,9,click,11/22/2025 7:20
390,41,add_to_cart,11/22/2025 7:54
390,33,add_to_cart,11/22/2025 9:51
390,15,search,11/22/2025 12:38
390,9,add_to_cart,11/22/2025 14:38
390,9,purchase,11/22/2025 15:38
390,36,search,11/22/2025 17:10
390,11,view,11/22/2025 19:44
390,11,add_to_cart,11/22/2025 20:52
390,33,update_quantity,11/22/2025 23:09
390,21,click,11/23/2025 2:04
390,9,click,11/23/2025 2:52
390,9,click,11/23/2025 4:47
390,21,click,11/23/2025 5:45
390,33,view,11/23/2025 8:08
390,41,update_quantity,11/23/2025 10:43
390,13,add_to_cart,11/23/2025 13:06
390,45,search,11/23/2025 14:03
390,43,view,11/23/2025 15:51
390,41,click,11/23/2025 17:03
390,41,add_to_cart,11/23/2025 19:55
390,41,remove_cart,11/23/2025 20:41
390,33,view,11/23/2025 22:02
390,41,view,11/23/2025 22:11
390,10,view,11/23/2025 22:28
390,43,click,11/23/2025 23:58
390,13,view,11/24/2025 1:29
390,41,add_to_cart,11/24/2025 1:58
390,20,search,11/24/2025 2:56
390,43,view,11/24/2025 5:00
390,13,view,11/24/2025 7:52
390,20,click,11/24/2025 9:03
390,41,view,11/24/2025 11:05
390,32,view,11/24/2025 13:06
390,43,view,11/24/2025 14:14
390,17,view,11/24/2025 15:33
390,43,view,11/24/2025 17:31
390,41,purchase,11/24/2025 17:54
390,17,add_to_cart,11/24/2025 18:50
390,17,remove_cart,11/24/2025 20:15
390,34,view,11/24/2025 21:14
390,17,view,11/24/2025 22:43
390,1,view,11/24/2025 23:43
390,13,purchase,11/25/2025 2:02
390,48,search,11/25/2025 4:50
390,17,add_to_cart,11/25/2025 7:40
390,11,purchase,11/25/2025 7:58
390,15,search,11/25/2025 8:10
390,40,search,11/25/2025 10:59
390,31,search,11/25/2025 12:58
390,11,rate,11/25/2025 15:49
390,5,click,11/25/2025 16:42
390,33,purchase,11/25/2025 19:24
390,17,remove_cart,11/25/2025 21:33
390,17,view,11/25/2025 23:49
390,48,search,11/26/2025 0:13
390,40,click,11/26/2025 2:17
390,17,view,11/26/2025 2:44
390,5,view,11/26/2025 2:56
390,27,click,11/26/2025 5:28
390,17,view,11/26/2025 7:31
390,17,view,11/26/2025 8:17
390,5,click,11/26/2025 8:22
390,38,add_to_cart,11/26/2025 9:03
390,17,click,11/26/2025 11:16
390,5,view,11/26/2025 11:30
390,5,add_to_cart,11/26/2025 13:56
390,9,rate,11/26/2025 15:26
390,17,view,11/26/2025 17:41
390,17,view,11/26/2025 18:15
391,22,add_to_cart,01/24/2026 0:26
391,22,update_quantity,01/24/2026 1:37
391,8,click,01/24/2026 2:08
391,22,remove_cart,01/24/2026 4:01
391,22,view,01/24/2026 5:57
391,36,search,01/24/2026 8:52
391,48,search,01/24/2026 10:50
391,48,view,01/24/2026 11:03
391,19,view,01/24/2026 11:32
391,43,view,01/24/2026 12:07
391,22,view,01/24/2026 13:57
391,22,add_to_cart,01/24/2026 15:37
391,1,click,01/24/2026 18:09
391,30,add_to_cart,01/24/2026 20:12
391,22,add_to_cart,01/24/2026 20:51
391,37,search,01/24/2026 22:25
391,22,view,01/25/2026 0:00
391,37,click,01/25/2026 1:12
391,37,add_to_cart,01/25/2026 3:45
391,22,view,01/25/2026 5:31
391,30,purchase,01/25/2026 6:25
391,37,search,01/25/2026 8:25
391,22,purchase,01/25/2026 11:16
391,37,add_to_cart,01/25/2026 12:53
391,37,view,01/25/2026 15:39
391,22,view,01/25/2026 16:48
391,37,update_quantity,01/25/2026 17:08
391,5,click,01/25/2026 18:28
391,30,add_to_cart,01/25/2026 19:14
391,21,click,01/25/2026 20:10
391,37,click,01/25/2026 21:57
391,31,search,01/26/2026 0:02
391,28,search,01/26/2026 2:01
391,37,remove_cart,01/26/2026 3:49
391,35,search,01/26/2026 4:57
391,31,view,01/26/2026 6:23
391,50,click,01/26/2026 6:40
391,42,view,01/26/2026 7:56
392,20,search,12/14/2025 6:50
392,36,add_to_cart,12/14/2025 7:06
392,36,update_quantity,12/14/2025 7:40
392,20,click,12/14/2025 9:01
392,36,update_quantity,12/14/2025 11:31
392,36,view,12/14/2025 11:43
392,20,add_to_cart,12/14/2025 11:50
392,36,view,12/14/2025 13:24
392,4,search,12/14/2025 15:49
392,36,click,12/14/2025 16:09
392,36,click,12/14/2025 16:53
392,17,view,12/14/2025 19:29
392,34,search,12/14/2025 20:14
392,49,view,12/14/2025 20:26
392,16,view,12/14/2025 21:11
392,30,click,12/15/2025 0:02
392,47,view,12/15/2025 0:08
392,16,view,12/15/2025 1:09
392,18,search,12/15/2025 2:21
392,47,click,12/15/2025 4:43
392,9,click,12/15/2025 5:05
392,36,update_quantity,12/15/2025 7:22
392,47,add_to_cart,12/15/2025 7:38
392,36,purchase,12/15/2025 7:51
392,3,search,12/15/2025 7:57
392,27,search,12/15/2025 10:45
392,27,view,12/15/2025 13:37
392,47,update_quantity,12/15/2025 14:40
392,47,view,12/15/2025 17:37
392,20,purchase,12/15/2025 20:24
392,3,search,12/15/2025 22:07
392,36,click,12/16/2025 0:03
392,19,add_to_cart,12/16/2025 2:55
392,19,update_quantity,12/16/2025 3:30
392,46,add_to_cart,12/16/2025 5:49
392,19,update_quantity,12/16/2025 7:06
392,46,remove_cart,12/16/2025 9:03
392,35,search,12/16/2025 9:46
392,19,purchase,12/16/2025 12:14
392,46,click,12/16/2025 12:18
392,12,click,12/16/2025 14:06
392,47,remove_cart,12/16/2025 14:32
392,12,add_to_cart,12/16/2025 15:47
392,5,click,12/16/2025 17:08
392,18,search,12/16/2025 18:53
392,18,view,12/16/2025 18:55
392,42,view,12/16/2025 20:33
392,46,view,12/16/2025 23:32
392,12,click,12/17/2025 2:31
392,42,add_to_cart,12/17/2025 4:53
392,12,update_quantity,12/17/2025 5:39
392,42,remove_cart,12/17/2025 5:55
392,42,click,12/17/2025 7:24
392,36,rate,12/17/2025 8:41
392,36,click,12/17/2025 8:59
392,48,search,12/17/2025 10:30
392,12,click,12/17/2025 12:14
392,12,purchase,12/17/2025 13:23
392,22,view,12/17/2025 14:16
392,42,view,12/17/2025 15:45
392,27,search,12/17/2025 17:54
392,12,add_to_cart,12/17/2025 20:08
392,43,search,12/17/2025 20:29
392,12,remove_cart,12/17/2025 23:05
392,12,view,12/18/2025 1:47
392,35,add_to_cart,12/18/2025 3:17
392,33,search,12/18/2025 5:14
392,6,search,12/18/2025 7:27
392,6,click,12/18/2025 9:34
392,19,rate,12/18/2025 11:25
392,35,update_quantity,12/18/2025 14:11
392,35,remove_cart,12/18/2025 14:15
392,6,view,12/18/2025 16:44
392,35,view,12/18/2025 17:21
392,7,search,12/18/2025 18:28
392,35,view,12/18/2025 20:24
392,35,add_to_cart,12/18/2025 22:38
393,39,add_to_cart,03/07/2026 1:08
393,39,click,03/07/2026 1:26
393,26,add_to_cart,03/07/2026 4:03
393,1,view,03/07/2026 6:07
393,39,purchase,03/07/2026 8:48
393,24,view,03/07/2026 10:16
393,39,view,03/07/2026 12:05
393,39,click,03/07/2026 13:30
393,39,view,03/07/2026 16:03
393,48,add_to_cart,03/07/2026 17:32
393,39,click,03/07/2026 20:01
393,11,search,03/07/2026 22:55
393,22,add_to_cart,03/08/2026 1:54
393,8,add_to_cart,03/08/2026 3:14
393,42,search,03/08/2026 5:34
393,39,view,03/08/2026 7:14
393,22,view,03/08/2026 8:53
393,22,update_quantity,03/08/2026 10:23
393,26,remove_cart,03/08/2026 12:54
393,49,view,03/08/2026 14:47
393,19,search,03/08/2026 15:37
393,8,view,03/08/2026 17:49
393,22,view,03/08/2026 19:43
393,22,view,03/08/2026 22:20
393,35,click,03/09/2026 0:48
393,22,view,03/09/2026 2:31
393,35,view,03/09/2026 4:47
393,22,click,03/09/2026 6:15
393,8,update_quantity,03/09/2026 6:22
393,12,search,03/09/2026 6:27
393,23,search,03/09/2026 9:20
393,22,view,03/09/2026 9:25
393,29,click,03/09/2026 10:17
393,22,view,03/09/2026 12:10
393,47,search,03/09/2026 15:06
393,8,update_quantity,03/09/2026 17:32
393,29,add_to_cart,03/09/2026 19:57
393,46,view,03/09/2026 20:45
393,4,view,03/09/2026 23:02
393,44,search,03/10/2026 1:27
393,22,view,03/10/2026 3:25
393,4,view,03/10/2026 4:55
393,18,search,03/10/2026 5:34
393,8,remove_cart,03/10/2026 8:05
393,18,add_to_cart,03/10/2026 9:44
393,39,search,03/10/2026 10:26
393,4,view,03/10/2026 12:07
393,16,search,03/10/2026 14:11
393,21,view,03/10/2026 16:08
393,28,view,03/10/2026 17:51
393,18,view,03/10/2026 19:58
393,4,view,03/10/2026 20:47
393,39,rate,03/10/2026 22:48
393,29,purchase,03/11/2026 1:35
393,48,update_quantity,03/11/2026 4:32
393,29,rate,03/11/2026 4:58
393,3,view,03/11/2026 5:02
393,4,add_to_cart,03/11/2026 5:41
393,45,view,03/11/2026 8:11
393,29,view,03/11/2026 9:31
393,41,search,03/11/2026 11:03
393,22,purchase,03/11/2026 12:10
393,41,add_to_cart,03/11/2026 14:25
393,19,add_to_cart,03/11/2026 14:28
393,48,purchase,03/11/2026 17:24
393,41,click,03/11/2026 17:40
393,19,search,03/11/2026 18:39
394,24,search,01/09/2026 7:28
394,33,click,01/09/2026 7:34
394,41,view,01/09/2026 10:11
394,24,view,01/09/2026 10:39
394,24,add_to_cart,01/09/2026 12:43
394,31,view,01/09/2026 13:39
394,11,search,01/09/2026 15:37
394,24,purchase,01/09/2026 18:00
394,24,rate,01/09/2026 20:43
394,29,view,01/09/2026 21:26
394,1,search,01/09/2026 21:55
394,31,add_to_cart,01/10/2026 0:22
394,31,purchase,01/10/2026 0:46
394,31,view,01/10/2026 0:52
394,1,click,01/10/2026 2:53
394,43,search,01/10/2026 3:18
394,34,view,01/10/2026 4:32
394,14,search,01/10/2026 4:49
394,24,search,01/10/2026 6:24
394,32,view,01/10/2026 6:53
394,31,rate,01/10/2026 7:59
394,24,view,01/10/2026 9:56
394,8,view,01/10/2026 10:19
394,42,add_to_cart,01/10/2026 11:58
394,24,view,01/10/2026 13:20
394,31,view,01/10/2026 16:02
394,49,search,01/10/2026 16:09
394,49,add_to_cart,01/10/2026 16:56
394,31,view,01/10/2026 18:47
394,45,search,01/10/2026 19:56
394,10,search,01/10/2026 22:19
394,45,view,01/11/2026 0:25
394,27,search,01/11/2026 0:44
394,27,view,01/11/2026 2:21
394,27,click,01/11/2026 2:39
394,41,search,01/11/2026 4:12
394,25,search,01/11/2026 5:26
394,27,view,01/11/2026 7:34
394,21,view,01/11/2026 9:46
394,42,purchase,01/11/2026 10:12
394,25,view,01/11/2026 11:01
394,42,rate,01/11/2026 12:49
394,41,click,01/11/2026 14:44
394,41,view,01/11/2026 15:03
394,42,click,01/11/2026 18:02
394,41,click,01/11/2026 18:08
394,49,update_quantity,01/11/2026 18:25
394,4,click,01/11/2026 18:59
394,42,click,01/11/2026 21:58
394,32,search,01/11/2026 23:41
394,49,remove_cart,01/12/2026 1:18
394,17,click,01/12/2026 2:13
394,31,search,01/12/2026 4:11
394,32,click,01/12/2026 6:03
394,16,click,01/12/2026 7:30
394,49,click,01/12/2026 9:49
394,32,view,01/12/2026 10:55
394,21,view,01/12/2026 11:17
394,17,add_to_cart,01/12/2026 13:32
394,32,view,01/12/2026 15:26
394,21,view,01/12/2026 17:51
394,22,add_to_cart,01/12/2026 18:25
394,21,click,01/12/2026 19:29
394,17,remove_cart,01/12/2026 19:52
394,46,add_to_cart,01/12/2026 21:17
394,21,view,01/12/2026 21:21
394,21,click,01/12/2026 23:43
394,22,remove_cart,01/13/2026 0:42
394,22,add_to_cart,01/13/2026 3:25
394,21,add_to_cart,01/13/2026 4:08
394,33,search,01/13/2026 5:15
394,21,view,01/13/2026 7:10
394,22,view,01/13/2026 7:31
394,17,add_to_cart,01/13/2026 8:20
394,12,view,01/13/2026 9:37
394,22,add_to_cart,01/13/2026 12:24
394,22,add_to_cart,01/13/2026 13:09
394,22,add_to_cart,01/13/2026 15:00
394,34,search,01/13/2026 15:15
394,34,click,01/13/2026 15:24
395,9,add_to_cart,01/12/2026 3:18
395,46,search,01/12/2026 4:43
395,17,click,01/12/2026 4:47
395,17,click,01/12/2026 7:10
395,36,search,01/12/2026 8:34
395,47,click,01/12/2026 9:48
395,46,view,01/12/2026 12:44
395,47,search,01/12/2026 13:23
395,38,search,01/12/2026 16:12
395,9,remove_cart,01/12/2026 17:39
395,4,view,01/12/2026 18:57
395,47,view,01/12/2026 21:44
395,14,search,01/12/2026 23:11
395,38,click,01/12/2026 23:36
395,14,add_to_cart,01/13/2026 2:06
395,17,search,01/13/2026 3:55
395,38,add_to_cart,01/13/2026 6:26
395,14,purchase,01/13/2026 6:30
395,20,search,01/13/2026 7:12
395,32,click,01/13/2026 8:16
395,14,rate,01/13/2026 10:55
395,13,view,01/13/2026 13:24
395,32,view,01/13/2026 13:35
395,18,click,01/13/2026 14:20
395,4,click,01/13/2026 16:22
395,43,view,01/13/2026 17:03
395,43,add_to_cart,01/13/2026 19:29
395,43,update_quantity,01/13/2026 20:19
395,38,remove_cart,01/13/2026 22:24
395,43,add_to_cart,01/13/2026 22:30
395,43,view,01/14/2026 1:03
395,43,purchase,01/14/2026 2:26
395,33,add_to_cart,01/14/2026 3:46
395,43,rate,01/14/2026 4:37
395,43,search,01/14/2026 6:34
395,43,click,01/14/2026 7:04
395,43,click,01/14/2026 8:38
395,33,purchase,01/14/2026 9:09
395,49,view,01/14/2026 10:55
395,33,rate,01/14/2026 11:43
395,33,view,01/14/2026 14:33
395,23,view,01/14/2026 15:42
395,36,click,01/14/2026 16:26
395,33,view,01/14/2026 19:10
395,20,view,01/14/2026 20:01
395,49,click,01/14/2026 22:48
395,36,view,01/15/2026 1:01
395,1,add_to_cart,01/15/2026 1:42
396,35,view,01/26/2026 5:46
396,39,add_to_cart,01/26/2026 8:02
396,14,click,01/26/2026 9:16
396,39,purchase,01/26/2026 9:49
396,39,rate,01/26/2026 9:54
396,35,search,01/26/2026 11:25
396,38,click,01/26/2026 14:23
396,13,add_to_cart,01/26/2026 14:28
396,13,update_quantity,01/26/2026 16:05
396,13,click,01/26/2026 18:01
396,13,purchase,01/26/2026 18:41
396,13,view,01/26/2026 19:34
396,31,click,01/26/2026 19:59
396,13,rate,01/26/2026 20:41
396,36,search,01/26/2026 21:41
396,13,view,01/26/2026 22:44
396,9,view,01/27/2026 0:21
396,13,view,01/27/2026 1:10
396,17,search,01/27/2026 3:39
396,38,click,01/27/2026 3:54
396,33,search,01/27/2026 5:07
396,13,view,01/27/2026 7:39
396,37,search,01/27/2026 7:52
396,17,view,01/27/2026 8:03
396,13,add_to_cart,01/27/2026 9:49
396,28,add_to_cart,01/27/2026 10:32
396,37,click,01/27/2026 13:20
396,28,purchase,01/27/2026 13:36
396,37,add_to_cart,01/27/2026 13:49
396,31,click,01/27/2026 15:49
396,45,search,01/27/2026 15:54
396,28,view,01/27/2026 16:08
396,28,click,01/27/2026 17:42
396,37,update_quantity,01/27/2026 18:53
396,45,view,01/27/2026 20:28
396,28,click,01/27/2026 21:23
396,39,search,01/27/2026 23:05
396,28,rate,01/27/2026 23:45
396,28,view,01/27/2026 23:52
396,13,update_quantity,01/28/2026 0:03
396,28,search,01/28/2026 0:42
396,28,view,01/28/2026 2:30
396,26,search,01/28/2026 4:37
396,16,view,01/28/2026 5:25
396,41,add_to_cart,01/28/2026 6:03
396,41,purchase,01/28/2026 8:44
396,28,view,01/28/2026 9:05
396,16,view,01/28/2026 11:19
396,41,rate,01/28/2026 13:43
396,42,search,01/28/2026 15:43
396,13,update_quantity,01/28/2026 17:56
396,28,click,01/28/2026 18:23
396,36,add_to_cart,01/28/2026 19:42
396,21,search,01/28/2026 22:30
396,36,view,01/28/2026 22:36
396,41,click,01/28/2026 23:37
396,29,click,01/29/2026 0:02
396,13,purchase,01/29/2026 0:44
397,3,view,10/27/2025 14:03
397,3,add_to_cart,10/27/2025 16:46
397,3,purchase,10/27/2025 19:40
397,3,view,10/27/2025 19:47
397,3,add_to_cart,10/27/2025 20:19
397,13,click,10/27/2025 22:05
397,3,click,10/27/2025 23:44
397,3,click,10/28/2025 2:01
397,3,view,10/28/2025 4:57
397,3,add_to_cart,10/28/2025 5:09
397,13,view,10/28/2025 8:06
397,21,add_to_cart,10/28/2025 10:46
397,3,update_quantity,10/28/2025 11:30
397,3,purchase,10/28/2025 11:43
397,33,view,10/28/2025 12:41
397,3,add_to_cart,10/28/2025 13:01
397,3,click,10/28/2025 13:42
397,33,view,10/28/2025 16:28
397,29,view,10/28/2025 19:26
397,33,click,10/28/2025 20:31
397,41,click,10/28/2025 21:50
397,30,view,10/28/2025 22:42
397,21,update_quantity,10/28/2025 23:32
397,33,click,10/29/2025 1:14
397,33,click,10/29/2025 3:22
397,33,click,10/29/2025 4:43
397,3,rate,10/29/2025 5:59
397,3,click,10/29/2025 8:22
397,21,purchase,10/29/2025 9:16
397,21,rate,10/29/2025 10:08
397,45,view,10/29/2025 12:45
397,6,click,10/29/2025 13:24
397,40,add_to_cart,10/29/2025 14:17
397,11,add_to_cart,10/29/2025 14:42
397,3,remove_cart,10/29/2025 15:51
397,40,remove_cart,10/29/2025 18:44
397,46,search,10/29/2025 20:45
398,23,search,12/02/2025 8:34
398,23,click,12/02/2025 9:55
398,30,search,12/02/2025 11:20
398,23,view,12/02/2025 13:56
398,23,view,12/02/2025 15:02
398,23,view,12/02/2025 16:30
398,46,search,12/02/2025 17:03
398,23,click,12/02/2025 18:01
398,23,add_to_cart,12/02/2025 18:11
398,50,click,12/02/2025 19:13
398,50,view,12/02/2025 21:37
398,23,click,12/02/2025 22:50
398,46,search,12/03/2025 0:15
398,50,add_to_cart,12/03/2025 2:11
398,50,remove_cart,12/03/2025 4:23
398,50,click,12/03/2025 6:29
398,16,search,12/03/2025 9:23
398,16,add_to_cart,12/03/2025 11:45
398,16,update_quantity,12/03/2025 11:57
398,41,view,12/03/2025 12:33
398,50,add_to_cart,12/03/2025 15:05
398,50,update_quantity,12/03/2025 17:22
398,40,search,12/03/2025 19:28
398,21,search,12/03/2025 22:08
398,2,view,12/03/2025 22:40
398,50,purchase,12/04/2025 0:44
398,18,view,12/04/2025 2:49
398,50,click,12/04/2025 3:14
398,50,view,12/04/2025 5:51
398,16,update_quantity,12/04/2025 5:53
398,16,update_quantity,12/04/2025 8:17
398,46,search,12/04/2025 10:27
398,46,view,12/04/2025 12:40
398,42,click,12/04/2025 14:21
398,26,search,12/04/2025 17:03
398,15,search,12/04/2025 19:45
398,42,view,12/04/2025 21:13
398,43,view,12/04/2025 22:03
398,32,click,12/04/2025 23:55
398,10,click,12/05/2025 2:00
398,16,remove_cart,12/05/2025 4:15
398,42,add_to_cart,12/05/2025 7:12
398,3,view,12/05/2025 7:50
398,4,click,12/05/2025 10:43
398,23,remove_cart,12/05/2025 12:07
398,10,search,12/05/2025 13:22
398,10,click,12/05/2025 14:12
398,10,view,12/05/2025 15:43
398,42,update_quantity,12/05/2025 18:24
398,42,view,12/05/2025 19:11
398,42,click,12/05/2025 21:31
398,9,view,12/05/2025 23:11
398,45,click,12/06/2025 2:05
398,45,click,12/06/2025 2:15
398,42,update_quantity,12/06/2025 3:54
398,42,purchase,12/06/2025 5:26
398,49,view,12/06/2025 6:20
398,50,click,12/06/2025 7:31
398,36,view,12/06/2025 7:49
398,42,view,12/06/2025 10:27
398,49,add_to_cart,12/06/2025 13:08
399,27,view,10/26/2025 20:46
399,27,view,10/26/2025 21:26
399,3,search,10/26/2025 23:19
399,29,view,10/26/2025 23:46
399,27,add_to_cart,10/27/2025 0:39
399,27,remove_cart,10/27/2025 2:04
399,27,view,10/27/2025 2:14
399,48,search,10/27/2025 2:36
399,27,view,10/27/2025 4:01
399,2,search,10/27/2025 5:12
399,2,click,10/27/2025 5:16
399,36,view,10/27/2025 5:44
399,27,view,10/27/2025 8:37
399,11,click,10/27/2025 10:53
399,15,add_to_cart,10/27/2025 11:51
399,15,purchase,10/27/2025 14:43
399,15,view,10/27/2025 15:23
399,15,click,10/27/2025 16:58
399,33,click,10/27/2025 17:50
399,32,view,10/27/2025 18:18
399,12,search,10/27/2025 20:35
399,35,search,10/27/2025 22:05
399,15,view,10/27/2025 22:15
399,15,click,10/27/2025 23:11
399,31,view,10/28/2025 1:15
399,43,search,10/28/2025 1:46
399,43,search,10/28/2025 4:23
399,47,search,10/28/2025 6:54
399,47,add_to_cart,10/28/2025 7:34
399,23,view,10/28/2025 7:57
399,15,add_to_cart,10/28/2025 9:19
399,33,search,10/28/2025 11:03
399,27,search,10/28/2025 13:14
399,49,search,10/28/2025 15:37
399,15,remove_cart,10/28/2025 16:47
399,27,view,10/28/2025 18:11
399,26,add_to_cart,10/28/2025 20:51
399,15,click,10/28/2025 21:04
399,20,search,10/28/2025 23:46
399,14,click,10/29/2025 0:08
399,43,view,10/29/2025 1:13
399,26,update_quantity,10/29/2025 3:23
399,13,search,10/29/2025 5:22
399,43,view,10/29/2025 7:03
399,20,add_to_cart,10/29/2025 8:22
399,23,add_to_cart,10/29/2025 9:01
399,26,view,10/29/2025 10:09
399,21,add_to_cart,10/29/2025 10:59
399,23,update_quantity,10/29/2025 13:11
399,34,search,10/29/2025 14:23
399,43,view,10/29/2025 17:11
399,41,search,10/29/2025 18:18
399,44,search,10/29/2025 19:39
399,17,add_to_cart,10/29/2025 21:31
399,43,click,10/30/2025 0:14
399,21,search,10/30/2025 1:14
399,44,click,10/30/2025 2:42
400,46,search,02/20/2026 1:50
400,8,view,02/20/2026 3:41
400,17,view,02/20/2026 5:41
400,17,view,02/20/2026 5:44
400,19,search,02/20/2026 6:17
400,8,view,02/20/2026 6:35
400,27,search,02/20/2026 6:37
400,10,search,02/20/2026 7:18
400,34,add_to_cart,02/20/2026 9:10
400,19,view,02/20/2026 11:44
400,19,add_to_cart,02/20/2026 12:45
400,34,remove_cart,02/20/2026 13:51
400,37,search,02/20/2026 15:54
400,19,purchase,02/20/2026 17:46
400,10,view,02/20/2026 19:11
400,34,view,02/20/2026 21:00
400,40,search,02/20/2026 22:15
400,40,add_to_cart,02/20/2026 22:24
400,18,click,02/20/2026 23:07
400,40,purchase,02/20/2026 23:25
400,26,search,02/21/2026 1:25
400,8,click,02/21/2026 1:59
400,8,click,02/21/2026 3:05
400,26,search,02/21/2026 3:25
400,25,view,02/21/2026 3:58
400,14,search,02/21/2026 6:30
400,25,click,02/21/2026 8:31
400,42,add_to_cart,02/21/2026 11:29
400,25,view,02/21/2026 11:36
400,42,update_quantity,02/21/2026 12:06
400,44,search,02/21/2026 12:23
400,13,search,02/21/2026 14:19
400,19,search,02/21/2026 15:32
400,40,rate,02/21/2026 17:51
400,49,view,02/21/2026 19:38
400,4,add_to_cart,02/21/2026 21:47
400,45,view,02/22/2026 0:18
400,36,search,02/22/2026 2:25
400,47,view,02/22/2026 4:26
400,27,view,02/22/2026 5:20
400,45,click,02/22/2026 7:26
400,4,purchase,02/22/2026 9:16
400,42,update_quantity,02/22/2026 10:08
400,24,view,02/22/2026 12:50
400,42,update_quantity,02/22/2026 13:59
400,36,search,02/22/2026 16:24
400,50,search,02/22/2026 16:54
400,42,view,02/22/2026 17:06
400,42,add_to_cart,02/22/2026 18:47
400,42,remove_cart,02/22/2026 19:31
400,42,click,02/22/2026 19:39
400,39,search,02/22/2026 22:29
400,42,view,02/23/2026 0:30
400,42,click,02/23/2026 1:06
400,32,view,02/23/2026 2:03
400,6,search,02/23/2026 3:50
400,31,search,02/23/2026 6:33
400,26,view,02/23/2026 8:38
401,30,add_to_cart,11/29/2025 3:11
401,30,purchase,11/29/2025 3:45
401,38,click,11/29/2025 4:42
401,38,search,11/29/2025 7:14
401,34,search,11/29/2025 8:47
401,31,view,11/29/2025 10:29
401,38,view,11/29/2025 11:16
401,47,add_to_cart,11/29/2025 14:14
401,30,view,11/29/2025 17:01
401,28,add_to_cart,11/29/2025 19:45
401,47,remove_cart,11/29/2025 22:07
401,28,view,11/30/2025 0:37
401,31,click,11/30/2025 3:00
401,38,click,11/30/2025 4:35
401,36,view,11/30/2025 7:06
401,28,add_to_cart,11/30/2025 9:36
401,28,update_quantity,11/30/2025 12:34
401,18,view,11/30/2025 12:51
401,36,view,11/30/2025 15:17
401,6,view,11/30/2025 18:07
401,42,search,11/30/2025 19:59
401,25,search,11/30/2025 21:56
401,25,view,11/30/2025 22:29
401,18,search,12/01/2025 1:22
401,42,click,12/01/2025 3:59
401,25,view,12/01/2025 4:10
401,7,view,12/01/2025 7:06
401,25,add_to_cart,12/01/2025 8:01
401,25,update_quantity,12/01/2025 9:30
401,35,search,12/01/2025 10:59
401,28,update_quantity,12/01/2025 13:44
401,28,add_to_cart,12/01/2025 14:15
401,35,view,12/01/2025 14:48
401,15,add_to_cart,12/01/2025 16:31
401,39,view,12/01/2025 17:05
401,30,rate,12/01/2025 19:27
401,35,view,12/01/2025 21:10
401,39,click,12/01/2025 21:14
401,23,click,12/01/2025 21:17
401,28,purchase,12/01/2025 23:40
401,15,click,12/02/2025 0:06
401,35,view,12/02/2025 0:32
401,39,click,12/02/2025 3:19
401,15,add_to_cart,12/02/2025 5:52
401,15,update_quantity,12/02/2025 8:23
401,15,update_quantity,12/02/2025 8:47
401,25,add_to_cart,12/02/2025 9:10
401,3,click,12/02/2025 11:46
401,25,purchase,12/02/2025 12:37
401,25,click,12/02/2025 14:43
401,3,add_to_cart,12/02/2025 17:10
401,15,view,12/02/2025 19:24
401,15,click,12/02/2025 20:16
401,20,view,12/02/2025 20:35
401,3,update_quantity,12/02/2025 22:16
401,15,remove_cart,12/02/2025 23:12
401,1,view,12/02/2025 23:24
401,25,rate,12/03/2025 2:02
401,42,search,12/03/2025 4:21
401,1,click,12/03/2025 7:08
401,20,view,12/03/2025 7:33
401,3,update_quantity,12/03/2025 8:04
401,20,click,12/03/2025 8:50
401,15,add_to_cart,12/03/2025 9:54
401,17,search,12/03/2025 10:03
401,24,add_to_cart,12/03/2025 10:51
401,39,view,12/03/2025 11:04
401,25,click,12/03/2025 11:53
401,24,view,12/03/2025 13:44
401,27,click,12/03/2025 16:17
401,24,add_to_cart,12/03/2025 17:43
401,24,click,12/03/2025 18:40
401,24,click,12/03/2025 21:31
402,32,click,11/06/2025 2:31
402,32,view,11/06/2025 4:30
402,32,add_to_cart,11/06/2025 4:43
402,5,search,11/06/2025 7:23
402,45,search,11/06/2025 7:44
402,32,update_quantity,11/06/2025 8:40
402,32,view,11/06/2025 11:35
402,32,click,11/06/2025 12:08
402,24,view,11/06/2025 13:19
402,13,view,11/06/2025 14:13
402,39,view,11/06/2025 16:25
402,32,add_to_cart,11/06/2025 17:45
402,32,click,11/06/2025 18:47
402,18,search,11/06/2025 21:12
402,18,click,11/06/2025 21:56
402,5,search,11/07/2025 0:25
402,39,view,11/07/2025 1:20
402,25,add_to_cart,11/07/2025 3:29
402,44,view,11/07/2025 5:52
402,32,remove_cart,11/07/2025 6:52
402,25,remove_cart,11/07/2025 8:29
402,44,add_to_cart,11/07/2025 9:32
402,11,click,11/07/2025 11:39
402,44,remove_cart,11/07/2025 12:49
402,25,view,11/07/2025 15:18
402,49,view,11/07/2025 16:04
402,10,click,11/07/2025 18:10
402,49,view,11/07/2025 20:39
402,49,click,11/07/2025 23:06
402,11,view,11/08/2025 1:30
402,45,add_to_cart,11/08/2025 3:51
402,45,purchase,11/08/2025 6:46
402,49,click,11/08/2025 7:21
402,18,click,11/08/2025 8:03
402,1,view,11/08/2025 10:36
402,18,add_to_cart,11/08/2025 10:55
402,45,rate,11/08/2025 12:37
402,45,view,11/08/2025 13:35
402,45,add_to_cart,11/08/2025 15:39
402,49,view,11/08/2025 17:50
402,49,click,11/08/2025 19:32
402,18,add_to_cart,11/08/2025 20:02
402,45,view,11/08/2025 21:16
402,22,view,11/09/2025 0:08
402,45,click,11/09/2025 0:37
402,22,view,11/09/2025 1:58
402,45,remove_cart,11/09/2025 3:23
402,41,search,11/09/2025 3:53
402,45,view,11/09/2025 4:42
402,18,update_quantity,11/09/2025 4:45
402,22,view,11/09/2025 5:37
403,4,view,02/10/2026 15:06
403,46,search,02/10/2026 15:46
403,39,search,02/10/2026 17:10
403,18,search,02/10/2026 17:51
403,39,click,02/10/2026 18:08
403,18,click,02/10/2026 20:53
403,18,add_to_cart,02/10/2026 22:58
403,39,add_to_cart,02/10/2026 23:19
403,39,click,02/10/2026 23:46
403,14,click,02/11/2026 0:32
403,39,update_quantity,02/11/2026 2:48
403,39,click,02/11/2026 3:54
403,18,update_quantity,02/11/2026 6:08
403,10,view,02/11/2026 7:11
403,23,view,02/11/2026 9:55
403,10,click,02/11/2026 10:19
403,18,view,02/11/2026 12:12
403,23,add_to_cart,02/11/2026 14:10
403,18,purchase,02/11/2026 16:52
403,16,view,02/11/2026 17:59
403,23,click,02/11/2026 18:10
403,23,update_quantity,02/11/2026 19:17
403,14,search,02/11/2026 19:53
403,14,view,02/11/2026 20:57
403,23,click,02/11/2026 22:15
403,4,view,02/12/2026 0:33
403,4,view,02/12/2026 3:04
403,21,view,02/12/2026 4:12
403,32,search,02/12/2026 4:15
403,24,search,02/12/2026 5:58
403,23,search,02/12/2026 7:52
403,39,purchase,02/12/2026 9:28
403,23,purchase,02/12/2026 9:39
403,39,rate,02/12/2026 10:52
403,30,search,02/12/2026 12:38
403,23,view,02/12/2026 13:33
403,23,view,02/12/2026 16:08
403,30,click,02/12/2026 17:38
403,13,search,02/12/2026 18:18
403,40,search,02/12/2026 19:15
403,12,view,02/12/2026 19:45
403,8,search,02/12/2026 21:05
403,13,view,02/12/2026 23:18
403,40,click,02/13/2026 1:42
403,13,view,02/13/2026 3:03
403,8,search,02/13/2026 4:05
403,8,view,02/13/2026 6:59
403,40,click,02/13/2026 9:05
404,21,search,12/21/2025 15:20
404,21,view,12/21/2025 16:14
404,21,add_to_cart,12/21/2025 16:43
404,21,purchase,12/21/2025 18:41
404,21,add_to_cart,12/21/2025 20:32
404,21,rate,12/21/2025 20:39
404,21,purchase,12/21/2025 21:31
404,45,add_to_cart,12/21/2025 22:01
404,45,remove_cart,12/22/2025 0:16
404,21,view,12/22/2025 3:08
404,21,view,12/22/2025 3:37
404,21,view,12/22/2025 3:40
404,21,add_to_cart,12/22/2025 4:50
404,46,view,12/22/2025 5:44
404,45,add_to_cart,12/22/2025 8:45
404,45,add_to_cart,12/22/2025 11:22
404,46,click,12/22/2025 12:55
404,21,remove_cart,12/22/2025 13:41
404,9,click,12/22/2025 14:08
404,45,purchase,12/22/2025 16:51
404,45,rate,12/22/2025 19:05
404,7,view,12/22/2025 20:59
404,12,click,12/22/2025 21:15
404,32,search,12/22/2025 23:04
404,2,add_to_cart,12/22/2025 23:57
404,2,purchase,12/23/2025 0:49
404,2,rate,12/23/2025 1:53
404,50,view,12/23/2025 4:08
404,22,view,12/23/2025 5:04
404,28,search,12/23/2025 5:23
404,12,click,12/23/2025 6:23
404,22,click,12/23/2025 8:11
404,22,click,12/23/2025 10:05
404,19,search,12/23/2025 12:03
404,36,view,12/23/2025 14:21
404,24,view,12/23/2025 15:13
404,19,click,12/23/2025 18:06
404,34,add_to_cart,12/23/2025 18:26
404,34,purchase,12/23/2025 20:30
404,34,rate,12/23/2025 21:23
404,24,add_to_cart,12/24/2025 0:07
405,14,add_to_cart,12/24/2025 9:39
405,9,add_to_cart,12/24/2025 11:53
405,14,click,12/24/2025 14:36
405,21,search,12/24/2025 14:41
405,32,search,12/24/2025 16:40
405,9,view,12/24/2025 16:50
405,9,click,12/24/2025 19:22
405,14,view,12/24/2025 19:50
405,38,click,12/24/2025 20:29
405,14,purchase,12/24/2025 23:22
405,9,click,12/25/2025 0:27
405,21,search,12/25/2025 2:04
405,33,add_to_cart,12/25/2025 3:53
405,5,search,12/25/2025 4:48
405,23,view,12/25/2025 5:50
405,9,add_to_cart,12/25/2025 7:38
405,38,view,12/25/2025 9:36
405,15,search,12/25/2025 12:15
405,31,search,12/25/2025 13:56
405,5,click,12/25/2025 14:30
405,33,update_quantity,12/25/2025 15:56
405,33,view,12/25/2025 16:55
405,11,search,12/25/2025 19:04
405,9,purchase,12/25/2025 21:15
405,9,rate,12/25/2025 23:17
405,26,add_to_cart,12/26/2025 1:49
405,14,rate,12/26/2025 3:21
405,11,add_to_cart,12/26/2025 4:15
405,3,search,12/26/2025 6:41
405,32,click,12/26/2025 8:45
405,26,purchase,12/26/2025 11:12
405,11,update_quantity,12/26/2025 13:56
405,32,click,12/26/2025 14:21
405,40,search,12/26/2025 15:14
405,11,purchase,12/26/2025 17:03
405,30,search,12/26/2025 17:55
405,48,click,12/26/2025 18:48
405,24,view,12/26/2025 21:13
405,46,click,12/26/2025 22:07
405,46,click,12/26/2025 23:17
405,39,search,12/27/2025 1:53
405,46,view,12/27/2025 2:35
405,10,click,12/27/2025 4:54
405,2,click,12/27/2025 5:59
405,33,update_quantity,12/27/2025 8:07
405,27,search,12/27/2025 8:11
405,31,click,12/27/2025 8:29
406,23,click,02/02/2026 19:13
406,11,view,02/02/2026 20:32
406,1,click,02/02/2026 21:36
406,23,view,02/02/2026 23:16
406,38,search,02/03/2026 0:48
406,23,view,02/03/2026 1:21
406,24,search,02/03/2026 3:37
406,24,view,02/03/2026 3:57
406,24,view,02/03/2026 6:52
406,8,add_to_cart,02/03/2026 7:28
406,17,search,02/03/2026 8:20
406,23,view,02/03/2026 10:35
406,17,add_to_cart,02/03/2026 12:06
406,23,view,02/03/2026 12:55
406,17,purchase,02/03/2026 14:09
406,17,click,02/03/2026 15:34
406,8,view,02/03/2026 18:12
406,17,view,02/03/2026 19:08
406,35,search,02/03/2026 21:35
406,35,click,02/04/2026 0:05
406,24,view,02/04/2026 1:17
406,17,add_to_cart,02/04/2026 2:29
406,17,add_to_cart,02/04/2026 4:18
406,17,rate,02/04/2026 5:58
406,8,update_quantity,02/04/2026 6:29
406,35,add_to_cart,02/04/2026 8:19
406,24,view,02/04/2026 9:10
406,46,search,02/04/2026 10:41
406,17,view,02/04/2026 10:52
406,22,search,02/04/2026 12:36
406,38,view,02/04/2026 13:12
406,22,click,02/04/2026 14:07
406,10,add_to_cart,02/04/2026 15:21
406,22,click,02/04/2026 18:21
406,41,add_to_cart,02/04/2026 20:59
406,41,remove_cart,02/04/2026 22:00
406,3,search,02/05/2026 0:04
406,47,view,02/05/2026 0:31
406,46,view,02/05/2026 1:58
406,46,click,02/05/2026 3:50
406,41,add_to_cart,02/05/2026 5:19
406,37,click,02/05/2026 5:41
406,19,view,02/05/2026 7:29
406,8,purchase,02/05/2026 8:14
406,17,update_quantity,02/05/2026 9:18
406,47,view,02/05/2026 9:40
406,41,view,02/05/2026 11:21
406,10,purchase,02/05/2026 12:04
406,19,view,02/05/2026 12:23
406,19,view,02/05/2026 14:13
406,41,click,02/05/2026 16:02
406,19,click,02/05/2026 16:47
406,10,rate,02/05/2026 18:25
406,35,update_quantity,02/05/2026 19:14
406,10,view,02/05/2026 21:19
406,44,click,02/05/2026 23:43
406,13,search,02/06/2026 2:01
406,17,update_quantity,02/06/2026 2:10
406,42,view,02/06/2026 5:11
407,29,add_to_cart,01/29/2026 15:29
407,29,view,01/29/2026 18:16
407,29,view,01/29/2026 19:35
407,29,click,01/29/2026 19:50
407,22,view,01/29/2026 20:29
407,35,search,01/29/2026 22:24
407,29,click,01/29/2026 23:20
407,35,click,01/30/2026 1:59
407,4,click,01/30/2026 2:28
407,29,update_quantity,01/30/2026 4:56
407,18,add_to_cart,01/30/2026 6:19
407,29,view,01/30/2026 7:57
407,29,click,01/30/2026 8:42
407,28,add_to_cart,01/30/2026 10:22
407,15,click,01/30/2026 11:49
407,29,click,01/30/2026 14:23
407,28,remove_cart,01/30/2026 17:22
407,19,search,01/30/2026 17:38
407,40,search,01/30/2026 18:36
407,29,view,01/30/2026 20:59
407,29,add_to_cart,01/30/2026 22:12
407,29,update_quantity,01/31/2026 0:29
407,23,view,01/31/2026 3:17
407,29,click,01/31/2026 4:29
407,29,update_quantity,01/31/2026 5:40
407,29,view,01/31/2026 6:50
407,21,click,01/31/2026 9:28
407,29,view,01/31/2026 11:56
407,50,search,01/31/2026 14:06
407,29,remove_cart,01/31/2026 14:31
407,18,remove_cart,01/31/2026 15:08
407,18,add_to_cart,01/31/2026 16:39
407,29,click,01/31/2026 16:53
407,6,click,01/31/2026 18:53
407,21,click,01/31/2026 20:09
407,3,view,01/31/2026 22:53
407,9,click,01/31/2026 23:29
407,27,view,02/01/2026 1:16
407,32,click,02/01/2026 3:40
407,8,search,02/01/2026 6:17
407,18,update_quantity,02/01/2026 8:48
407,39,click,02/01/2026 10:23
407,18,update_quantity,02/01/2026 11:34
407,18,remove_cart,02/01/2026 13:13
407,9,click,02/01/2026 16:04
407,16,view,02/01/2026 18:15
407,18,view,02/01/2026 19:23
407,17,view,02/01/2026 21:18
407,18,view,02/01/2026 21:46
407,18,view,02/01/2026 22:09
407,18,add_to_cart,02/02/2026 0:03
407,18,update_quantity,02/02/2026 2:21
407,15,search,02/02/2026 2:40
407,30,search,02/02/2026 3:01
407,18,view,02/02/2026 4:08
407,11,add_to_cart,02/02/2026 4:15
407,18,update_quantity,02/02/2026 7:16
407,11,update_quantity,02/02/2026 8:17
407,32,search,02/02/2026 10:19
407,11,add_to_cart,02/02/2026 12:54
407,11,remove_cart,02/02/2026 14:00
407,11,view,02/02/2026 16:50
407,18,click,02/02/2026 18:18
407,11,view,02/02/2026 18:47
407,11,click,02/02/2026 19:01
407,33,search,02/02/2026 19:14
407,20,add_to_cart,02/02/2026 20:13
407,18,purchase,02/02/2026 20:26
407,28,search,02/02/2026 20:54
407,18,rate,02/02/2026 23:48
407,21,search,02/03/2026 2:34
407,20,purchase,02/03/2026 3:12
407,12,view,02/03/2026 4:18
407,27,click,02/03/2026 5:37
407,43,add_to_cart,02/03/2026 6:03
407,28,click,02/03/2026 7:10
407,43,update_quantity,02/03/2026 8:57
407,43,remove_cart,02/03/2026 10:23
408,28,view,02/20/2026 12:10
408,32,search,02/20/2026 12:33
408,32,view,02/20/2026 14:05
408,32,add_to_cart,02/20/2026 16:24
408,32,update_quantity,02/20/2026 17:34
408,11,view,02/20/2026 20:19
408,32,click,02/20/2026 22:52
408,45,view,02/20/2026 23:03
408,32,add_to_cart,02/21/2026 1:11
408,32,purchase,02/21/2026 2:40
408,39,click,02/21/2026 2:50
408,47,click,02/21/2026 3:15
408,35,view,02/21/2026 5:01
408,24,click,02/21/2026 5:33
408,32,click,02/21/2026 7:38
408,39,view,02/21/2026 8:14
408,35,search,02/21/2026 10:45
408,35,view,02/21/2026 10:59
408,35,add_to_cart,02/21/2026 11:22
408,39,add_to_cart,02/21/2026 13:54
408,1,search,02/21/2026 16:03
408,47,search,02/21/2026 16:13
408,20,click,02/21/2026 18:32
408,39,search,02/21/2026 20:06
408,47,add_to_cart,02/21/2026 22:39
408,44,search,02/22/2026 0:55
408,35,remove_cart,02/22/2026 3:43
408,1,click,02/22/2026 6:35
408,1,add_to_cart,02/22/2026 9:34
408,47,purchase,02/22/2026 10:04
408,16,search,02/22/2026 12:52
408,32,rate,02/22/2026 14:17
408,35,add_to_cart,02/22/2026 16:57
408,1,remove_cart,02/22/2026 18:51
408,8,view,02/22/2026 21:27
408,8,click,02/22/2026 23:44
408,32,add_to_cart,02/23/2026 1:35
408,21,view,02/23/2026 2:56
408,21,click,02/23/2026 5:01
408,32,add_to_cart,02/23/2026 6:35
408,8,view,02/23/2026 9:25
408,8,click,02/23/2026 9:52
408,44,search,02/23/2026 12:06
408,19,click,02/23/2026 13:58
408,19,add_to_cart,02/23/2026 15:59
408,21,view,02/23/2026 18:38
408,19,click,02/23/2026 21:15
408,15,search,02/23/2026 22:09
408,47,search,02/24/2026 0:29
408,19,view,02/24/2026 3:16
408,19,view,02/24/2026 4:02
408,21,click,02/24/2026 5:03
408,27,add_to_cart,02/24/2026 5:47
408,27,update_quantity,02/24/2026 6:19
408,27,click,02/24/2026 8:04
408,47,rate,02/24/2026 9:37
408,27,click,02/24/2026 10:31
408,19,remove_cart,02/24/2026 10:49
408,38,search,02/24/2026 13:19
408,27,view,02/24/2026 14:29
408,39,search,02/24/2026 15:32
408,39,view,02/24/2026 15:58
408,38,view,02/24/2026 17:51
409,36,view,03/04/2026 12:31
409,19,click,03/04/2026 15:29
409,3,search,03/04/2026 18:05
409,36,add_to_cart,03/04/2026 19:16
409,36,update_quantity,03/04/2026 21:18
409,19,view,03/04/2026 23:43
409,36,click,03/05/2026 0:19
409,12,click,03/05/2026 2:44
409,19,add_to_cart,03/05/2026 5:30
409,2,search,03/05/2026 6:08
409,18,click,03/05/2026 6:49
409,19,add_to_cart,03/05/2026 8:42
409,36,purchase,03/05/2026 9:08
409,48,view,03/05/2026 10:37
409,2,view,03/05/2026 10:51
409,19,purchase,03/05/2026 13:15
409,30,click,03/05/2026 13:23
409,2,click,03/05/2026 15:22
409,19,click,03/05/2026 15:56
409,20,view,03/05/2026 16:16
409,48,view,03/05/2026 17:12
409,30,click,03/05/2026 18:17
409,44,search,03/05/2026 18:36
409,15,add_to_cart,03/05/2026 18:49
409,15,remove_cart,03/05/2026 19:14
409,48,click,03/05/2026 21:57
409,30,view,03/05/2026 23:01
409,20,view,03/06/2026 0:54
409,17,search,03/06/2026 3:31
409,44,view,03/06/2026 6:19
409,30,click,03/06/2026 7:46
409,48,view,03/06/2026 9:52
409,30,view,03/06/2026 12:07
409,30,click,03/06/2026 14:21
409,40,view,03/06/2026 17:03
409,9,view,03/06/2026 17:27
409,30,click,03/06/2026 17:51
409,8,search,03/06/2026 19:46
409,36,search,03/06/2026 20:13
409,8,view,03/06/2026 20:21
409,43,search,03/06/2026 22:59
409,50,search,03/07/2026 0:30
409,36,view,03/07/2026 1:47
409,45,search,03/07/2026 4:38
409,45,click,03/07/2026 5:50
409,45,click,03/07/2026 8:18
409,19,rate,03/07/2026 8:29
409,45,view,03/07/2026 9:47
409,5,add_to_cart,03/07/2026 12:02
409,19,add_to_cart,03/07/2026 12:06
409,19,remove_cart,03/07/2026 15:04
409,45,view,03/07/2026 15:51
409,45,add_to_cart,03/07/2026 17:19
409,5,purchase,03/07/2026 18:42
409,45,remove_cart,03/07/2026 19:33
409,32,add_to_cart,03/07/2026 21:01
409,45,click,03/08/2026 0:02
409,6,search,03/08/2026 1:48
409,14,view,03/08/2026 2:29
409,32,click,03/08/2026 2:55
409,44,search,03/08/2026 3:21
409,32,remove_cart,03/08/2026 5:02
409,8,search,03/08/2026 7:24
409,41,view,03/08/2026 9:21
409,14,view,03/08/2026 9:53
409,4,click,03/08/2026 11:49
409,41,click,03/08/2026 13:54
409,9,view,03/08/2026 14:35
409,19,click,03/08/2026 15:07
409,29,search,03/08/2026 17:13
409,19,click,03/08/2026 17:24
409,9,view,03/08/2026 19:11
409,4,add_to_cart,03/08/2026 22:06
409,3,add_to_cart,03/08/2026 22:33
409,5,rate,03/09/2026 1:24
410,19,add_to_cart,12/09/2025 3:59
410,19,search,12/09/2025 5:37
410,4,search,12/09/2025 5:41
410,20,click,12/09/2025 8:01
410,19,view,12/09/2025 10:27
410,19,purchase,12/09/2025 13:20
410,19,add_to_cart,12/09/2025 15:38
410,19,rate,12/09/2025 17:28
410,43,view,12/09/2025 19:52
410,23,search,12/09/2025 21:53
410,19,click,12/10/2025 0:19
410,19,remove_cart,12/10/2025 3:11
410,43,add_to_cart,12/10/2025 6:10
410,19,view,12/10/2025 6:15
410,43,click,12/10/2025 7:28
410,1,click,12/10/2025 7:39
410,43,remove_cart,12/10/2025 10:07
410,43,view,12/10/2025 10:46
410,19,add_to_cart,12/10/2025 13:24
410,43,view,12/10/2025 14:05
410,19,remove_cart,12/10/2025 15:42
410,45,search,12/10/2025 16:11
410,43,click,12/10/2025 17:12
410,43,view,12/10/2025 17:48
410,26,search,12/10/2025 20:27
410,43,add_to_cart,12/10/2025 23:27
410,39,view,12/11/2025 1:05
410,19,view,12/11/2025 3:33
410,43,view,12/11/2025 5:19
410,43,view,12/11/2025 8:19
410,43,purchase,12/11/2025 9:33
410,43,view,12/11/2025 10:34
410,4,view,12/11/2025 13:23
410,43,add_to_cart,12/11/2025 15:23
410,45,search,12/11/2025 18:24
410,43,view,12/11/2025 18:39
410,14,add_to_cart,12/11/2025 20:12
410,43,remove_cart,12/11/2025 20:53
410,14,remove_cart,12/11/2025 22:17
410,24,search,12/12/2025 0:14
410,42,click,12/12/2025 1:26
410,21,view,12/12/2025 3:14
410,16,search,12/12/2025 5:34
410,14,view,12/12/2025 6:27
410,14,add_to_cart,12/12/2025 7:26
410,24,view,12/12/2025 8:58
410,14,purchase,12/12/2025 10:18
410,14,rate,12/12/2025 10:29
410,42,search,12/12/2025 13:13
410,23,view,12/12/2025 15:12
410,13,search,12/12/2025 15:55
410,7,view,12/12/2025 18:55
410,13,view,12/12/2025 19:57
410,50,search,12/12/2025 20:35
410,32,view,12/12/2025 21:37
410,43,rate,12/13/2025 0:09
410,5,search,12/13/2025 2:06
410,7,view,12/13/2025 3:52
410,5,view,12/13/2025 6:24
410,43,view,12/13/2025 7:23
410,7,search,12/13/2025 7:52
410,7,view,12/13/2025 10:28
411,23,add_to_cart,12/04/2025 19:56
411,23,update_quantity,12/04/2025 20:29
411,22,view,12/04/2025 22:43
411,10,add_to_cart,12/04/2025 23:06
411,49,view,12/04/2025 23:44
411,23,click,12/05/2025 1:42
411,22,view,12/05/2025 3:48
411,23,view,12/05/2025 4:40
411,24,search,12/05/2025 7:40
411,42,view,12/05/2025 9:48
411,23,view,12/05/2025 10:48
411,23,remove_cart,12/05/2025 12:43
411,23,add_to_cart,12/05/2025 14:51
411,11,click,12/05/2025 16:24
411,33,view,12/05/2025 16:33
411,23,view,12/05/2025 16:55
411,27,search,12/05/2025 17:25
411,33,view,12/05/2025 18:31
411,11,view,12/05/2025 21:13
411,6,add_to_cart,12/05/2025 22:45
411,10,update_quantity,12/06/2025 1:42
411,41,search,12/06/2025 4:30
411,35,search,12/06/2025 4:51
411,10,click,12/06/2025 6:35
411,35,click,12/06/2025 8:57
411,23,update_quantity,12/06/2025 10:57
411,6,add_to_cart,12/06/2025 11:33
411,6,search,12/06/2025 12:12
411,30,click,12/06/2025 12:40
411,21,view,12/06/2025 14:30
411,42,view,12/06/2025 15:31
411,35,click,12/06/2025 16:48
411,23,click,12/06/2025 18:04
411,35,view,12/06/2025 20:48
411,30,view,12/06/2025 22:44
411,6,click,12/06/2025 23:43
411,6,purchase,12/07/2025 2:36
411,10,purchase,12/07/2025 4:19
411,23,remove_cart,12/07/2025 5:09
411,37,search,12/07/2025 7:22
411,20,view,12/07/2025 9:05
411,30,add_to_cart,12/07/2025 11:26
411,30,purchase,12/07/2025 14:13
411,6,view,12/07/2025 15:55
411,10,click,12/07/2025 16:43
411,23,click,12/07/2025 19:41
411,20,click,12/07/2025 20:27
411,29,view,12/07/2025 23:26
411,49,click,12/08/2025 0:46
411,18,search,12/08/2025 1:53
411,20,search,12/08/2025 2:28
411,49,view,12/08/2025 5:23
411,45,click,12/08/2025 7:58
411,29,click,12/08/2025 9:15
411,14,view,12/08/2025 12:02
411,29,view,12/08/2025 14:12
411,49,click,12/08/2025 14:33
411,41,view,12/08/2025 15:53
411,43,search,12/08/2025 18:49
411,49,view,12/08/2025 18:59
411,39,view,12/08/2025 21:12
411,29,click,12/08/2025 22:45
411,49,search,12/09/2025 1:38
411,49,view,12/09/2025 4:10
411,39,click,12/09/2025 4:14
411,46,click,12/09/2025 6:25
411,46,add_to_cart,12/09/2025 7:00
411,46,update_quantity,12/09/2025 8:18
411,46,view,12/09/2025 10:49
411,29,click,12/09/2025 10:54
411,49,view,12/09/2025 12:17
411,39,click,12/09/2025 14:28
411,39,view,12/09/2025 17:19
412,8,view,12/03/2025 22:47
412,32,search,12/03/2025 23:48
412,32,add_to_cart,12/04/2025 0:44
412,32,add_to_cart,12/04/2025 1:39
412,32,click,12/04/2025 2:11
412,32,update_quantity,12/04/2025 2:22
412,50,view,12/04/2025 4:04
412,42,add_to_cart,12/04/2025 6:41
412,32,remove_cart,12/04/2025 8:44
412,50,add_to_cart,12/04/2025 8:51
412,35,search,12/04/2025 9:35
412,34,search,12/04/2025 10:25
412,20,view,12/04/2025 10:59
412,50,remove_cart,12/04/2025 11:35
412,31,click,12/04/2025 12:34
412,18,view,12/04/2025 13:17
412,20,view,12/04/2025 15:07
412,46,search,12/04/2025 16:46
412,46,view,12/04/2025 18:25
412,20,add_to_cart,12/04/2025 21:22
412,42,search,12/04/2025 22:56
412,28,view,12/05/2025 1:36
412,50,click,12/05/2025 4:05
412,20,click,12/05/2025 6:45
412,42,view,12/05/2025 8:07
412,28,click,12/05/2025 10:20
412,24,search,12/05/2025 10:42
412,20,add_to_cart,12/05/2025 11:02
412,28,view,12/05/2025 11:15
412,42,click,12/05/2025 13:36
412,29,add_to_cart,12/05/2025 16:06
412,27,search,12/05/2025 17:31
412,27,view,12/05/2025 20:09
412,47,view,12/05/2025 21:29
412,45,view,12/05/2025 21:47
412,11,view,12/06/2025 0:26
412,20,remove_cart,12/06/2025 0:42
412,19,add_to_cart,12/06/2025 1:12
412,50,view,12/06/2025 2:14
412,27,view,12/06/2025 4:57
412,47,add_to_cart,12/06/2025 5:56
412,42,update_quantity,12/06/2025 6:37
412,3,view,12/06/2025 7:50
412,28,search,12/06/2025 10:04
412,50,click,12/06/2025 10:21
412,18,add_to_cart,12/06/2025 12:50
412,50,view,12/06/2025 13:36
412,28,click,12/06/2025 13:44
412,19,remove_cart,12/06/2025 16:00
412,22,add_to_cart,12/06/2025 19:00
412,29,update_quantity,12/06/2025 21:29
412,28,add_to_cart,12/07/2025 0:13
412,29,view,12/07/2025 0:49
412,15,search,12/07/2025 1:04
412,7,search,12/07/2025 2:34
412,15,click,12/07/2025 2:52
412,28,click,12/07/2025 4:12
412,7,search,12/07/2025 6:19
413,36,click,01/22/2026 16:58
413,21,add_to_cart,01/22/2026 18:26
413,15,search,01/22/2026 20:25
413,45,click,01/22/2026 22:03
413,22,click,01/22/2026 23:18
413,13,view,01/22/2026 23:43
413,21,view,01/23/2026 2:36
413,28,search,01/23/2026 4:42
413,21,view,01/23/2026 5:42
413,15,view,01/23/2026 8:21
413,21,remove_cart,01/23/2026 9:05
413,37,search,01/23/2026 10:26
413,37,click,01/23/2026 13:18
413,37,click,01/23/2026 16:06
413,38,search,01/23/2026 16:45
413,20,view,01/23/2026 18:39
413,48,add_to_cart,01/23/2026 18:49
413,1,search,01/23/2026 21:00
413,21,click,01/23/2026 23:48
413,27,view,01/24/2026 1:43
413,38,view,01/24/2026 4:41
413,22,view,01/24/2026 6:36
413,10,add_to_cart,01/24/2026 7:15
413,20,search,01/24/2026 7:48
413,22,click,01/24/2026 9:50
413,10,purchase,01/24/2026 12:12
413,48,update_quantity,01/24/2026 13:37
413,18,view,01/24/2026 14:06
413,18,view,01/24/2026 16:40
413,7,search,01/24/2026 17:21
413,7,click,01/24/2026 18:15
413,18,click,01/24/2026 19:47
413,17,search,01/24/2026 21:47
413,36,view,01/24/2026 23:13
413,30,search,01/24/2026 23:40
413,5,view,01/25/2026 1:45
414,21,click,12/17/2025 6:16
414,7,view,12/17/2025 7:55
414,40,view,12/17/2025 10:45
414,7,view,12/17/2025 12:23
414,46,view,12/17/2025 12:54
414,7,click,12/17/2025 15:54
414,29,add_to_cart,12/17/2025 17:42
414,17,search,12/17/2025 19:29
414,34,click,12/17/2025 21:57
414,29,click,12/18/2025 0:22
414,29,add_to_cart,12/18/2025 0:37
414,29,update_quantity,12/18/2025 1:52
414,34,search,12/18/2025 2:07
414,44,search,12/18/2025 4:18
414,34,add_to_cart,12/18/2025 4:29
414,29,view,12/18/2025 6:38
414,24,view,12/18/2025 6:48
414,34,add_to_cart,12/18/2025 9:48
414,44,add_to_cart,12/18/2025 11:09
414,34,remove_cart,12/18/2025 12:45
414,44,view,12/18/2025 14:16
414,14,view,12/18/2025 14:57
414,14,view,12/18/2025 15:56
414,44,purchase,12/18/2025 16:08
414,20,search,12/18/2025 18:21
414,44,view,12/18/2025 19:36
414,10,click,12/18/2025 20:14
414,29,remove_cart,12/18/2025 22:34
414,44,view,12/19/2025 0:34
414,44,rate,12/19/2025 1:50
414,44,view,12/19/2025 4:09
414,44,view,12/19/2025 6:34
414,47,click,12/19/2025 8:37
414,29,add_to_cart,12/19/2025 10:08
414,29,remove_cart,12/19/2025 10:22
414,10,search,12/19/2025 12:37
414,47,view,12/19/2025 14:23
415,6,add_to_cart,02/18/2026 23:16
415,34,search,02/19/2026 1:30
415,31,view,02/19/2026 3:29
415,34,view,02/19/2026 5:16
415,31,view,02/19/2026 7:23
415,31,view,02/19/2026 7:29
415,6,purchase,02/19/2026 10:21
415,38,search,02/19/2026 12:55
415,16,search,02/19/2026 13:03
415,42,view,02/19/2026 15:41
415,42,click,02/19/2026 16:08
415,37,add_to_cart,02/19/2026 18:23
415,8,search,02/19/2026 18:38
415,31,view,02/19/2026 20:37
415,37,search,02/19/2026 22:25
415,44,click,02/20/2026 1:23
415,42,click,02/20/2026 3:00
415,31,view,02/20/2026 3:49
415,37,update_quantity,02/20/2026 5:12
415,37,view,02/20/2026 5:57
415,44,view,02/20/2026 6:19
415,46,search,02/20/2026 8:06
415,28,search,02/20/2026 9:32
415,16,click,02/20/2026 10:19
415,28,click,02/20/2026 12:02
415,28,add_to_cart,02/20/2026 14:29
415,28,remove_cart,02/20/2026 16:09
415,6,rate,02/20/2026 17:56
415,37,remove_cart,02/20/2026 19:44
415,28,view,02/20/2026 19:54
415,6,click,02/20/2026 21:00
415,36,click,02/20/2026 21:39
415,28,view,02/20/2026 22:40
415,26,search,02/20/2026 23:23
415,17,click,02/21/2026 0:44
415,32,add_to_cart,02/21/2026 2:16
415,32,purchase,02/21/2026 5:11
415,32,rate,02/21/2026 5:37
415,38,search,02/21/2026 6:32
415,28,view,02/21/2026 7:05
415,38,click,02/21/2026 7:43
415,10,search,02/21/2026 9:01
416,42,add_to_cart,12/28/2025 0:34
416,42,purchase,12/28/2025 2:31
416,42,view,12/28/2025 2:56
416,49,add_to_cart,12/28/2025 5:31
416,49,view,12/28/2025 7:37
416,49,view,12/28/2025 10:06
416,49,view,12/28/2025 11:26
416,49,remove_cart,12/28/2025 12:11
416,42,click,12/28/2025 13:33
416,2,view,12/28/2025 15:58
416,1,view,12/28/2025 18:54
416,42,rate,12/28/2025 20:03
416,14,click,12/28/2025 20:47
416,41,add_to_cart,12/28/2025 22:11
416,46,search,12/28/2025 23:13
416,1,view,12/29/2025 0:28
416,42,view,12/29/2025 2:08
416,8,click,12/29/2025 2:12
416,41,add_to_cart,12/29/2025 2:52
416,8,view,12/29/2025 5:36
416,41,add_to_cart,12/29/2025 8:22
416,9,view,12/29/2025 9:22
416,35,view,12/29/2025 11:06
416,42,add_to_cart,12/29/2025 13:51
416,42,update_quantity,12/29/2025 15:35
416,41,add_to_cart,12/29/2025 16:11
416,37,click,12/29/2025 16:33
416,37,click,12/29/2025 19:17
416,11,search,12/29/2025 19:23
416,11,view,12/29/2025 19:36
416,41,purchase,12/29/2025 20:18
416,14,view,12/29/2025 22:14
416,14,add_to_cart,12/30/2025 1:00
416,37,add_to_cart,12/30/2025 1:09
416,14,view,12/30/2025 3:12
416,14,view,12/30/2025 5:47
416,37,remove_cart,12/30/2025 7:19
416,13,add_to_cart,12/30/2025 9:50
416,13,update_quantity,12/30/2025 10:48
416,13,update_quantity,12/30/2025 11:26
416,38,search,12/30/2025 12:04
416,7,add_to_cart,12/30/2025 13:33
416,34,click,12/30/2025 14:57
416,13,click,12/30/2025 16:34
416,3,click,12/30/2025 18:26
416,36,view,12/30/2025 19:42
416,10,add_to_cart,12/30/2025 22:34
416,43,add_to_cart,12/31/2025 0:38
416,34,view,12/31/2025 1:06
416,34,add_to_cart,12/31/2025 1:25
416,30,view,12/31/2025 3:31
416,10,add_to_cart,12/31/2025 4:32
416,17,search,12/31/2025 5:01
416,10,search,12/31/2025 6:44
416,34,purchase,12/31/2025 9:29
416,34,rate,12/31/2025 10:24
416,34,view,12/31/2025 11:26
416,34,click,12/31/2025 11:51
416,28,search,12/31/2025 14:15
416,34,click,12/31/2025 14:24
416,3,search,12/31/2025 16:53
416,26,search,12/31/2025 18:15
416,40,click,12/31/2025 18:23
416,7,update_quantity,12/31/2025 20:54
416,7,update_quantity,12/31/2025 21:51
416,34,view,12/31/2025 22:19
416,30,click,12/31/2025 23:34
416,34,view,01/01/2026 0:37
416,10,purchase,01/01/2026 3:20
416,13,remove_cart,01/01/2026 5:47
416,7,add_to_cart,01/01/2026 6:05
416,33,click,01/01/2026 7:43
416,27,view,01/01/2026 8:56
416,27,view,01/01/2026 9:57
416,13,click,01/01/2026 10:24
416,13,view,01/01/2026 12:29
417,5,click,11/10/2025 9:05
417,15,search,11/10/2025 11:42
417,5,view,11/10/2025 12:27
417,21,add_to_cart,11/10/2025 12:53
417,21,update_quantity,11/10/2025 12:56
417,24,click,11/10/2025 14:14
417,21,remove_cart,11/10/2025 16:28
417,21,view,11/10/2025 18:40
417,5,view,11/10/2025 19:14
417,24,view,11/10/2025 21:35
417,21,view,11/11/2025 0:30
417,34,view,11/11/2025 1:54
417,24,view,11/11/2025 2:06
417,24,view,11/11/2025 4:29
417,21,view,11/11/2025 5:56
417,39,search,11/11/2025 6:27
417,21,add_to_cart,11/11/2025 8:13
417,41,search,11/11/2025 10:46
417,41,view,11/11/2025 11:20
417,14,click,11/11/2025 11:49
417,20,click,11/11/2025 13:19
417,21,purchase,11/11/2025 14:11
417,14,view,11/11/2025 15:45
417,38,add_to_cart,11/11/2025 17:09
417,38,click,11/11/2025 19:27
417,41,view,11/11/2025 20:58
417,28,search,11/11/2025 21:09
417,44,view,11/11/2025 22:25
417,25,search,11/11/2025 23:55
417,41,view,11/12/2025 2:54
417,9,add_to_cart,11/12/2025 4:29
417,38,click,11/12/2025 5:32
417,9,purchase,11/12/2025 7:49
417,38,view,11/12/2025 7:51
417,21,search,11/12/2025 9:28
417,36,add_to_cart,11/12/2025 11:20
417,36,purchase,11/12/2025 13:56
417,21,view,11/12/2025 14:14
417,9,rate,11/12/2025 16:19
417,21,add_to_cart,11/12/2025 18:53
417,30,view,11/12/2025 19:26
417,38,purchase,11/12/2025 20:35
417,30,click,11/12/2025 22:41
417,7,search,11/13/2025 1:36
417,9,view,11/13/2025 2:06
417,9,add_to_cart,11/13/2025 5:04
417,9,update_quantity,11/13/2025 6:17
417,21,update_quantity,11/13/2025 6:28
417,44,click,11/13/2025 7:08
417,30,view,11/13/2025 7:36
417,9,view,11/13/2025 10:35
417,9,click,11/13/2025 13:28
417,40,search,11/13/2025 16:26
417,9,add_to_cart,11/13/2025 18:42
417,23,search,11/13/2025 19:00
417,30,view,11/13/2025 20:09
417,9,remove_cart,11/13/2025 20:31
417,9,view,11/13/2025 20:46
417,23,view,11/13/2025 20:56
417,23,view,11/13/2025 22:28
417,34,add_to_cart,11/13/2025 23:11
417,21,update_quantity,11/14/2025 1:27
417,27,click,11/14/2025 4:07
417,35,click,11/14/2025 6:12
417,9,view,11/14/2025 8:32
417,23,add_to_cart,11/14/2025 10:53
417,35,view,11/14/2025 12:04
418,6,add_to_cart,02/01/2026 2:27
418,6,purchase,02/01/2026 4:03
418,6,rate,02/01/2026 5:09
418,26,search,02/01/2026 7:52
418,36,search,02/01/2026 9:46
418,6,view,02/01/2026 11:42
418,22,view,02/01/2026 12:46
418,11,click,02/01/2026 13:51
418,17,search,02/01/2026 15:32
418,1,search,02/01/2026 17:59
418,6,view,02/01/2026 19:49
418,29,search,02/01/2026 21:23
418,47,view,02/02/2026 0:07
418,22,click,02/02/2026 2:45
418,7,add_to_cart,02/02/2026 5:43
418,6,view,02/02/2026 7:52
418,6,add_to_cart,02/02/2026 9:10
418,6,add_to_cart,02/02/2026 11:16
418,7,click,02/02/2026 13:21
418,7,purchase,02/02/2026 16:05
418,7,rate,02/02/2026 16:24
418,7,add_to_cart,02/02/2026 18:55
418,13,view,02/02/2026 21:04
418,17,click,02/02/2026 23:11
418,23,view,02/03/2026 1:14
418,7,update_quantity,02/03/2026 1:54
418,7,click,02/03/2026 3:20
418,6,remove_cart,02/03/2026 5:58
418,7,view,02/03/2026 7:13
418,22,search,02/03/2026 10:04
418,22,add_to_cart,02/03/2026 12:48
418,11,search,02/03/2026 14:14
418,37,search,02/03/2026 15:57
418,7,add_to_cart,02/03/2026 18:17
418,7,view,02/03/2026 19:21
418,3,view,02/03/2026 20:33
418,31,view,02/03/2026 21:26
418,22,view,02/03/2026 23:27
418,14,search,02/04/2026 1:27
418,24,click,02/04/2026 4:08
418,3,view,02/04/2026 4:18
418,1,search,02/04/2026 6:35
418,46,search,02/04/2026 9:14
418,3,click,02/04/2026 9:26
418,25,search,02/04/2026 10:05
418,31,search,02/04/2026 12:17
418,46,click,02/04/2026 12:31
418,3,view,02/04/2026 12:43
418,15,search,02/04/2026 13:02
418,3,search,02/04/2026 13:35
418,46,view,02/04/2026 15:58
418,3,view,02/04/2026 17:13
418,22,update_quantity,02/04/2026 19:11
418,45,add_to_cart,02/04/2026 21:21
418,7,search,02/04/2026 23:48
418,40,search,02/05/2026 1:38
419,37,search,01/20/2026 18:39
419,37,view,01/20/2026 20:41
419,37,view,01/20/2026 21:26
419,37,click,01/20/2026 22:59
419,37,view,01/20/2026 23:22
419,37,view,01/21/2026 0:49
419,48,view,01/21/2026 3:34
419,11,click,01/21/2026 6:18
419,37,view,01/21/2026 7:09
419,37,click,01/21/2026 8:34
419,37,view,01/21/2026 8:41
419,17,click,01/21/2026 8:54
419,48,click,01/21/2026 11:39
419,30,search,01/21/2026 11:46
419,3,search,01/21/2026 14:22
419,27,search,01/21/2026 15:48
419,23,view,01/21/2026 16:20
419,8,click,01/21/2026 18:54
419,47,click,01/21/2026 20:17
419,23,click,01/21/2026 22:26
419,27,view,01/22/2026 1:09
419,36,add_to_cart,01/22/2026 3:00
419,27,search,01/22/2026 5:34
419,8,search,01/22/2026 6:54
419,23,view,01/22/2026 7:59
419,23,search,01/22/2026 9:25
419,23,view,01/22/2026 9:28
419,36,remove_cart,01/22/2026 12:24
419,27,click,01/22/2026 14:00
419,23,add_to_cart,01/22/2026 16:14
419,23,update_quantity,01/22/2026 17:06
419,23,purchase,01/22/2026 18:47
419,24,search,01/22/2026 20:05
419,23,rate,01/22/2026 22:45
419,23,click,01/23/2026 0:43
419,27,click,01/23/2026 3:28
419,23,view,01/23/2026 3:56
419,44,search,01/23/2026 4:15
419,23,view,01/23/2026 5:17
419,23,click,01/23/2026 5:21
419,6,click,01/23/2026 8:01
419,23,click,01/23/2026 10:11
419,3,view,01/23/2026 12:12
419,23,add_to_cart,01/23/2026 15:11
419,13,search,01/23/2026 16:25
419,13,search,01/23/2026 18:25
419,40,view,01/23/2026 19:49
419,33,click,01/23/2026 20:31
419,38,click,01/23/2026 21:28
419,23,add_to_cart,01/23/2026 22:27
419,10,search,01/24/2026 0:06
419,1,search,01/24/2026 1:49
420,35,view,11/22/2025 22:49
420,20,search,11/23/2025 0:37
420,20,click,11/23/2025 1:02
420,35,add_to_cart,11/23/2025 1:33
420,35,update_quantity,11/23/2025 2:12
420,31,click,11/23/2025 4:33
420,35,view,11/23/2025 6:19
420,35,search,11/23/2025 9:07
420,35,click,11/23/2025 9:47
420,39,search,11/23/2025 10:11
420,2,search,11/23/2025 11:20
420,35,purchase,11/23/2025 11:55
420,2,add_to_cart,11/23/2025 12:16
420,31,add_to_cart,11/23/2025 14:55
420,2,view,11/23/2025 16:53
420,35,view,11/23/2025 18:46
420,28,search,11/23/2025 21:36
420,15,search,11/23/2025 23:43
420,28,click,11/24/2025 0:28
420,35,rate,11/24/2025 3:11
420,35,view,11/24/2025 5:04
420,10,view,11/24/2025 6:15
420,45,view,11/24/2025 8:00
420,2,update_quantity,11/24/2025 8:36
420,28,add_to_cart,11/24/2025 11:01
420,31,update_quantity,11/24/2025 12:38
420,46,add_to_cart,11/24/2025 13:13
420,2,click,11/24/2025 15:16
420,10,add_to_cart,11/24/2025 15:57
420,31,purchase,11/24/2025 16:51
420,10,view,11/24/2025 17:33
420,29,view,11/24/2025 18:07
420,28,remove_cart,11/24/2025 21:06
420,28,search,11/24/2025 21:37
420,10,click,11/24/2025 23:22
420,2,update_quantity,11/25/2025 0:41
420,11,search,11/25/2025 3:03
420,21,view,11/25/2025 4:22
420,2,add_to_cart,11/25/2025 5:40
420,37,search,11/25/2025 8:37
420,11,add_to_cart,11/25/2025 9:26
420,49,view,11/25/2025 10:23
420,47,add_to_cart,11/25/2025 12:35
420,37,click,11/25/2025 15:14
421,41,click,02/20/2026 1:20
421,5,add_to_cart,02/20/2026 2:08
421,5,click,02/20/2026 3:16
421,5,view,02/20/2026 4:19
421,5,click,02/20/2026 4:28
421,41,add_to_cart,02/20/2026 7:06
421,41,click,02/20/2026 8:25
421,21,search,02/20/2026 9:22
421,31,click,02/20/2026 10:46
421,41,add_to_cart,02/20/2026 11:40
421,31,add_to_cart,02/20/2026 12:18
421,41,add_to_cart,02/20/2026 13:28
421,31,view,02/20/2026 16:07
421,31,purchase,02/20/2026 19:01
421,41,update_quantity,02/20/2026 19:19
421,41,purchase,02/20/2026 20:22
421,5,update_quantity,02/20/2026 21:03
421,5,remove_cart,02/20/2026 21:16
421,35,add_to_cart,02/20/2026 23:58
421,41,view,02/21/2026 1:16
421,26,search,02/21/2026 1:41
421,41,view,02/21/2026 3:22
421,35,click,02/21/2026 3:26
421,35,purchase,02/21/2026 4:39
421,35,rate,02/21/2026 4:59
421,35,view,02/21/2026 5:43
421,4,search,02/21/2026 7:13
421,43,add_to_cart,02/21/2026 7:29
421,41,view,02/21/2026 8:15
421,43,update_quantity,02/21/2026 8:48
421,43,purchase,02/21/2026 9:52
421,11,view,02/21/2026 11:24
421,39,add_to_cart,02/21/2026 12:30
421,41,rate,02/21/2026 13:12
421,39,update_quantity,02/21/2026 13:25
421,9,click,02/21/2026 15:58
421,39,remove_cart,02/21/2026 16:55
421,29,click,02/21/2026 18:31
421,41,search,02/21/2026 19:55
421,44,click,02/21/2026 20:16
421,29,view,02/21/2026 20:22
421,44,click,02/21/2026 21:35
421,41,view,02/21/2026 22:54
421,41,view,02/22/2026 1:32
421,49,search,02/22/2026 1:41
421,21,click,02/22/2026 2:00
421,45,view,02/22/2026 3:25
421,21,view,02/22/2026 5:26
421,18,search,02/22/2026 7:23
421,49,view,02/22/2026 9:41
421,45,view,02/22/2026 10:44
421,45,click,02/22/2026 12:05
421,19,view,02/22/2026 14:02
421,47,add_to_cart,02/22/2026 15:26
421,47,remove_cart,02/22/2026 18:27
421,4,search,02/22/2026 20:45
421,31,rate,02/22/2026 21:43
421,37,add_to_cart,02/23/2026 0:22
421,43,click,02/23/2026 0:54
421,38,view,02/23/2026 2:06
421,43,rate,02/23/2026 4:10
421,47,click,02/23/2026 6:44
421,31,search,02/23/2026 8:51
421,37,update_quantity,02/23/2026 8:58
421,47,click,02/23/2026 11:27
421,38,view,02/23/2026 13:59
421,37,purchase,02/23/2026 16:48
421,37,click,02/23/2026 17:35
421,43,view,02/23/2026 18:38
421,29,add_to_cart,02/23/2026 20:11
421,29,click,02/23/2026 20:26
421,50,add_to_cart,02/23/2026 21:09
422,11,search,12/06/2025 21:41
422,38,add_to_cart,12/06/2025 23:18
422,13,search,12/07/2025 1:59
422,13,add_to_cart,12/07/2025 3:08
422,38,add_to_cart,12/07/2025 5:40
422,1,click,12/07/2025 8:31
422,41,search,12/07/2025 10:53
422,1,click,12/07/2025 11:53
422,20,view,12/07/2025 12:05
422,33,search,12/07/2025 13:45
422,46,view,12/07/2025 15:07
422,13,view,12/07/2025 16:50
422,38,update_quantity,12/07/2025 18:09
422,33,view,12/07/2025 18:34
422,13,view,12/07/2025 20:39
422,33,add_to_cart,12/07/2025 20:41
422,13,add_to_cart,12/07/2025 21:01
422,30,add_to_cart,12/07/2025 23:51
422,33,click,12/08/2025 0:58
422,30,add_to_cart,12/08/2025 1:17
422,38,click,12/08/2025 3:47
422,33,click,12/08/2025 4:19
422,33,update_quantity,12/08/2025 5:06
422,30,update_quantity,12/08/2025 7:37
422,33,view,12/08/2025 10:06
422,30,click,12/08/2025 10:10
422,38,view,12/08/2025 12:47
422,33,view,12/08/2025 13:43
422,28,search,12/08/2025 14:36
422,13,update_quantity,12/08/2025 15:36
422,28,view,12/08/2025 16:00
422,33,view,12/08/2025 17:04
422,34,view,12/08/2025 18:46
422,31,add_to_cart,12/08/2025 20:51
422,28,view,12/08/2025 22:35
422,28,click,12/08/2025 22:50
422,20,search,12/09/2025 1:45
422,18,view,12/09/2025 4:14
422,28,click,12/09/2025 4:31
422,18,add_to_cart,12/09/2025 6:08
422,13,update_quantity,12/09/2025 7:19
422,4,add_to_cart,12/09/2025 10:12
422,17,view,12/09/2025 11:05
422,29,click,12/09/2025 13:22
422,16,search,12/09/2025 13:57
422,10,search,12/09/2025 14:44
422,10,view,12/09/2025 17:09
422,3,view,12/09/2025 17:42
422,43,click,12/09/2025 19:09
422,30,update_quantity,12/09/2025 20:24
422,10,add_to_cart,12/09/2025 20:53
422,18,purchase,12/09/2025 22:21
422,37,search,12/09/2025 22:39
422,14,search,12/10/2025 1:21
422,14,view,12/10/2025 3:01
423,43,search,11/16/2025 22:03
423,6,click,11/17/2025 0:50
423,29,view,11/17/2025 2:09
423,45,view,11/17/2025 3:39
423,22,view,11/17/2025 4:35
423,6,view,11/17/2025 7:04
423,26,view,11/17/2025 8:32
423,6,view,11/17/2025 10:26
423,6,add_to_cart,11/17/2025 11:31
423,6,search,11/17/2025 13:52
423,6,view,11/17/2025 14:15
423,37,search,11/17/2025 16:30
423,6,purchase,11/17/2025 17:26
423,6,rate,11/17/2025 19:44
423,35,view,11/17/2025 20:22
423,22,view,11/17/2025 23:22
423,35,add_to_cart,11/18/2025 0:13
423,6,click,11/18/2025 1:05
423,37,view,11/18/2025 3:43
423,35,update_quantity,11/18/2025 6:40
423,20,search,11/18/2025 8:56
423,35,remove_cart,11/18/2025 10:22
423,42,search,11/18/2025 11:54
423,34,search,11/18/2025 12:32
423,34,view,11/18/2025 13:55
423,42,add_to_cart,11/18/2025 16:46
423,24,view,11/18/2025 18:47
423,35,click,11/18/2025 21:12
423,26,view,11/18/2025 23:57
423,34,click,11/19/2025 1:08
423,43,search,11/19/2025 2:45
423,42,update_quantity,11/19/2025 3:51
423,34,view,11/19/2025 4:25
423,34,add_to_cart,11/19/2025 7:21
423,38,view,11/19/2025 9:16
423,37,search,11/19/2025 10:16
423,26,view,11/19/2025 11:25
423,30,search,11/19/2025 12:43
423,24,search,11/19/2025 14:34
424,37,click,01/16/2026 11:55
424,37,add_to_cart,01/16/2026 12:22
424,37,purchase,01/16/2026 14:23
424,37,rate,01/16/2026 17:17
424,19,search,01/16/2026 19:21
424,37,view,01/16/2026 22:05
424,37,click,01/17/2026 1:03
424,12,click,01/17/2026 2:53
424,37,add_to_cart,01/17/2026 3:26
424,31,view,01/17/2026 6:04
424,11,search,01/17/2026 8:35
424,50,click,01/17/2026 10:52
424,30,search,01/17/2026 13:07
424,11,add_to_cart,01/17/2026 13:45
424,20,add_to_cart,01/17/2026 15:01
424,50,view,01/17/2026 17:33
424,33,search,01/17/2026 20:03
424,17,search,01/17/2026 20:12
424,50,view,01/17/2026 22:23
424,45,search,01/18/2026 0:39
424,27,view,01/18/2026 0:53
424,27,add_to_cart,01/18/2026 1:55
424,27,click,01/18/2026 3:10
424,47,search,01/18/2026 3:54
424,27,view,01/18/2026 5:09
424,27,view,01/18/2026 5:47
424,27,click,01/18/2026 8:12
424,13,search,01/18/2026 10:33
424,27,purchase,01/18/2026 11:57
424,27,rate,01/18/2026 13:28
424,37,update_quantity,01/18/2026 15:43
424,47,view,01/18/2026 16:15
424,22,search,01/18/2026 16:30
424,17,view,01/18/2026 19:13
424,27,click,01/18/2026 21:09
424,35,click,01/18/2026 23:01
424,37,remove_cart,01/19/2026 1:56
424,22,click,01/19/2026 2:26
424,17,view,01/19/2026 3:21
424,33,click,01/19/2026 5:52
424,21,view,01/19/2026 7:45
424,16,click,01/19/2026 9:42
424,9,view,01/19/2026 12:13
424,20,update_quantity,01/19/2026 13:43
424,11,purchase,01/19/2026 15:23
424,33,click,01/19/2026 17:44
424,34,search,01/19/2026 20:19
424,11,add_to_cart,01/19/2026 22:22
424,4,search,01/19/2026 23:35
424,24,click,01/20/2026 0:08
424,4,view,01/20/2026 1:34
424,43,click,01/20/2026 2:14
424,47,click,01/20/2026 3:42
424,4,click,01/20/2026 3:58
424,11,update_quantity,01/20/2026 5:54
424,32,view,01/20/2026 6:32
424,20,update_quantity,01/20/2026 6:47
424,11,remove_cart,01/20/2026 9:45
424,20,click,01/20/2026 12:20
424,11,view,01/20/2026 13:58
424,20,update_quantity,01/20/2026 16:42
424,11,click,01/20/2026 17:45
424,20,remove_cart,01/20/2026 19:40
424,11,click,01/20/2026 22:33
424,17,click,01/21/2026 0:23
425,38,add_to_cart,11/15/2025 11:34
425,12,add_to_cart,11/15/2025 13:51
425,6,search,11/15/2025 13:55
425,12,view,11/15/2025 16:45
425,12,view,11/15/2025 18:38
425,1,view,11/15/2025 20:31
425,38,click,11/15/2025 21:29
425,12,update_quantity,11/15/2025 22:47
425,33,view,11/15/2025 23:06
425,6,view,11/16/2025 0:20
425,24,view,11/16/2025 2:48
425,33,view,11/16/2025 4:10
425,24,click,11/16/2025 6:23
425,12,purchase,11/16/2025 7:06
425,12,rate,11/16/2025 9:58
425,42,view,11/16/2025 12:19
425,8,view,11/16/2025 13:31
425,8,view,11/16/2025 14:35
425,38,update_quantity,11/16/2025 15:29
425,24,view,11/16/2025 16:34
425,14,add_to_cart,11/16/2025 17:52
425,12,click,11/16/2025 19:20
425,14,update_quantity,11/16/2025 20:23
425,12,view,11/16/2025 21:57
425,23,search,11/16/2025 23:11
425,8,click,11/16/2025 23:41
425,38,update_quantity,11/16/2025 23:54
425,14,view,11/17/2025 0:21
425,40,click,11/17/2025 0:35
425,38,click,11/17/2025 1:11
425,26,view,11/17/2025 3:54
425,40,view,11/17/2025 5:37
425,40,add_to_cart,11/17/2025 8:21
425,38,update_quantity,11/17/2025 11:19
425,2,add_to_cart,11/17/2025 11:41
425,14,update_quantity,11/17/2025 13:49
425,10,click,11/17/2025 14:39
425,7,view,11/17/2025 17:11
425,50,search,11/17/2025 19:05
425,38,view,11/17/2025 19:09
425,27,view,11/17/2025 19:42
425,25,view,11/17/2025 19:56
425,38,update_quantity,11/17/2025 20:30
425,43,search,11/17/2025 20:49
425,7,click,11/17/2025 21:07
425,5,view,11/17/2025 22:33
425,2,purchase,11/17/2025 23:21
425,8,search,11/18/2025 0:43
425,25,view,11/18/2025 0:59
425,2,click,11/18/2025 2:08
425,14,purchase,11/18/2025 3:25
425,40,update_quantity,11/18/2025 5:43
425,5,add_to_cart,11/18/2025 6:29
425,40,update_quantity,11/18/2025 6:40
426,2,search,01/21/2026 2:56
426,2,add_to_cart,01/21/2026 5:10
426,2,view,01/21/2026 7:41
426,2,add_to_cart,01/21/2026 10:39
426,32,search,01/21/2026 11:22
426,35,search,01/21/2026 14:21
426,2,click,01/21/2026 14:26
426,27,add_to_cart,01/21/2026 14:31
426,50,search,01/21/2026 16:18
426,2,update_quantity,01/21/2026 17:03
426,2,view,01/21/2026 17:57
426,31,click,01/21/2026 18:33
426,46,search,01/21/2026 18:55
426,17,search,01/21/2026 20:50
426,2,click,01/21/2026 23:15
426,27,purchase,01/22/2026 1:17
426,27,rate,01/22/2026 3:04
426,31,view,01/22/2026 5:48
426,14,view,01/22/2026 7:29
426,17,click,01/22/2026 7:59
426,17,click,01/22/2026 8:48
426,27,view,01/22/2026 11:28
426,27,click,01/22/2026 12:38
426,2,remove_cart,01/22/2026 13:44
426,38,search,01/22/2026 14:05
426,31,click,01/22/2026 15:16
426,42,search,01/22/2026 17:25
426,2,add_to_cart,01/22/2026 19:02
426,2,purchase,01/22/2026 20:52
426,27,add_to_cart,01/22/2026 21:44
426,27,update_quantity,01/22/2026 22:42
426,2,click,01/23/2026 1:04
426,19,add_to_cart,01/23/2026 3:04
426,9,click,01/23/2026 3:21
426,27,click,01/23/2026 3:34
426,19,click,01/23/2026 6:16
427,37,view,10/28/2025 23:26
427,37,click,10/29/2025 2:22
427,37,click,10/29/2025 5:17
427,37,click,10/29/2025 7:33
427,37,click,10/29/2025 9:02
427,37,add_to_cart,10/29/2025 11:02
427,37,purchase,10/29/2025 12:11
427,37,view,10/29/2025 15:04
427,4,add_to_cart,10/29/2025 16:54
427,27,search,10/29/2025 19:40
427,22,click,10/29/2025 20:23
427,37,add_to_cart,10/29/2025 20:51
427,26,search,10/29/2025 22:12
427,37,click,10/29/2025 23:23
427,46,click,10/29/2025 23:41
427,2,add_to_cart,10/30/2025 1:21
427,43,view,10/30/2025 2:17
427,20,view,10/30/2025 3:54
427,35,search,10/30/2025 5:18
427,2,purchase,10/30/2025 6:36
427,2,rate,10/30/2025 7:07
427,37,purchase,10/30/2025 10:06
427,37,rate,10/30/2025 11:14
427,45,view,10/30/2025 13:04
427,1,click,10/30/2025 13:24
427,2,click,10/30/2025 15:34
427,4,purchase,10/30/2025 17:43
427,4,rate,10/30/2025 18:58
427,37,add_to_cart,10/30/2025 20:19
427,37,view,10/30/2025 20:24
427,5,view,10/30/2025 20:46
427,16,add_to_cart,10/30/2025 22:23
427,39,add_to_cart,10/31/2025 0:42
427,37,purchase,10/31/2025 1:39
427,4,view,10/31/2025 3:33
427,32,view,10/31/2025 4:14
427,7,view,10/31/2025 4:32
427,46,click,10/31/2025 4:59
427,4,view,10/31/2025 6:48
427,19,search,10/31/2025 8:33
427,47,add_to_cart,10/31/2025 9:38
427,7,click,10/31/2025 11:08
427,7,view,10/31/2025 12:46
427,5,search,10/31/2025 12:50
427,46,add_to_cart,10/31/2025 13:28
427,46,click,10/31/2025 14:18
427,49,search,10/31/2025 15:23
427,46,add_to_cart,10/31/2025 18:09
427,32,click,10/31/2025 19:24
427,46,view,10/31/2025 20:33
427,46,add_to_cart,10/31/2025 23:01
427,5,view,11/01/2025 0:06
427,47,purchase,11/01/2025 0:40
427,16,remove_cart,11/01/2025 3:23
427,47,click,11/01/2025 4:51
427,34,view,11/01/2025 5:37
427,8,search,11/01/2025 8:29
427,26,search,11/01/2025 9:39
428,5,click,02/26/2026 11:03
428,5,click,02/26/2026 13:55
428,5,add_to_cart,02/26/2026 16:07
428,5,click,02/26/2026 16:56
428,5,click,02/26/2026 19:19
428,5,update_quantity,02/26/2026 19:45
428,7,click,02/26/2026 20:20
428,5,add_to_cart,02/26/2026 21:15
428,7,add_to_cart,02/26/2026 21:37
428,7,update_quantity,02/26/2026 21:50
428,20,click,02/27/2026 0:13
428,7,search,02/27/2026 2:07
428,5,update_quantity,02/27/2026 4:38
428,36,view,02/27/2026 6:02
428,5,search,02/27/2026 6:25
428,7,remove_cart,02/27/2026 7:11
428,5,remove_cart,02/27/2026 7:19
428,24,search,02/27/2026 7:29
428,3,search,02/27/2026 9:06
428,19,view,02/27/2026 9:50
428,16,click,02/27/2026 12:21
428,26,search,02/27/2026 15:05
428,23,view,02/27/2026 17:10
428,46,search,02/27/2026 18:12
428,28,click,02/27/2026 19:40
428,23,click,02/27/2026 21:18
428,43,view,02/28/2026 0:16
428,32,search,02/28/2026 1:16
428,46,click,02/28/2026 3:53
428,1,view,02/28/2026 4:42
428,28,click,02/28/2026 5:47
428,41,add_to_cart,02/28/2026 7:55
428,41,remove_cart,02/28/2026 9:16
428,1,view,02/28/2026 9:31
428,41,click,02/28/2026 9:47
428,46,view,02/28/2026 10:52
428,28,click,02/28/2026 12:59
428,4,click,02/28/2026 15:48
428,11,search,02/28/2026 17:44
428,1,click,02/28/2026 17:58
428,41,search,02/28/2026 20:37
428,4,view,02/28/2026 23:02
428,48,click,03/01/2026 1:03
428,41,click,03/01/2026 1:34
428,44,click,03/01/2026 3:25
428,44,view,03/01/2026 4:36
428,2,click,03/01/2026 7:26
428,12,search,03/01/2026 7:28
428,27,search,03/01/2026 8:50
428,3,add_to_cart,03/01/2026 11:43
428,41,click,03/01/2026 13:08
428,46,view,03/01/2026 13:18
428,12,click,03/01/2026 13:49
428,41,view,03/01/2026 14:12
428,25,search,03/01/2026 14:48
428,41,view,03/01/2026 16:34
428,3,remove_cart,03/01/2026 17:19
428,41,view,03/01/2026 19:44
428,12,view,03/01/2026 20:28
428,12,view,03/01/2026 20:55
428,36,search,03/01/2026 23:40
428,41,view,03/02/2026 1:03
428,25,click,03/02/2026 1:33
428,36,add_to_cart,03/02/2026 3:33
428,33,search,03/02/2026 4:09
429,14,view,01/23/2026 4:22
429,14,click,01/23/2026 5:35
429,14,view,01/23/2026 5:51
429,14,click,01/23/2026 6:03
429,4,search,01/23/2026 6:54
429,14,view,01/23/2026 7:15
429,14,add_to_cart,01/23/2026 9:45
429,48,view,01/23/2026 12:26
429,49,search,01/23/2026 12:51
429,25,search,01/23/2026 14:15
429,46,search,01/23/2026 15:06
429,42,view,01/23/2026 16:10
429,42,click,01/23/2026 17:00
429,43,click,01/23/2026 17:10
429,43,click,01/23/2026 19:54
429,15,search,01/23/2026 21:12
429,6,search,01/23/2026 23:54
429,14,search,01/24/2026 1:34
429,42,click,01/24/2026 1:43
429,25,search,01/24/2026 2:31
429,14,purchase,01/24/2026 4:23
429,43,add_to_cart,01/24/2026 6:39
429,20,search,01/24/2026 8:56
429,14,click,01/24/2026 11:09
429,43,purchase,01/24/2026 13:40
429,20,click,01/24/2026 15:45
429,36,search,01/24/2026 15:52
429,14,click,01/24/2026 16:51
429,37,view,01/24/2026 17:25
429,24,click,01/24/2026 19:11
429,45,search,01/24/2026 21:29
429,35,search,01/24/2026 22:09
429,37,search,01/24/2026 23:27
429,14,view,01/25/2026 1:34
429,18,search,01/25/2026 1:38
429,18,search,01/25/2026 3:10
429,45,click,01/25/2026 5:38
429,24,add_to_cart,01/25/2026 5:54
429,24,purchase,01/25/2026 6:24
429,35,view,01/25/2026 6:39
429,27,view,01/25/2026 9:14
429,24,view,01/25/2026 9:44
429,18,click,01/25/2026 11:52
429,24,view,01/25/2026 13:51
429,16,view,01/25/2026 14:33
429,24,click,01/25/2026 16:01
429,18,search,01/25/2026 16:38
429,4,click,01/25/2026 19:15
429,15,view,01/25/2026 20:52
429,18,view,01/25/2026 23:35
429,39,click,01/26/2026 0:11
429,15,view,01/26/2026 0:26
429,18,add_to_cart,01/26/2026 0:41
429,35,search,01/26/2026 3:34
429,18,add_to_cart,01/26/2026 5:14
429,18,purchase,01/26/2026 5:22
429,20,view,01/26/2026 6:19
429,20,click,01/26/2026 7:55
429,18,view,01/26/2026 9:08
429,10,add_to_cart,01/26/2026 12:01
429,49,search,01/26/2026 14:40
430,2,view,11/09/2025 2:51
430,14,click,11/09/2025 5:09
430,44,click,11/09/2025 7:59
430,44,add_to_cart,11/09/2025 10:13
430,44,purchase,11/09/2025 12:14
430,14,view,11/09/2025 13:01
430,26,click,11/09/2025 14:45
430,14,click,11/09/2025 15:03
430,3,search,11/09/2025 17:05
430,9,click,11/09/2025 19:41
430,3,view,11/09/2025 19:55
430,14,view,11/09/2025 20:12
430,3,view,11/09/2025 22:49
430,3,view,11/10/2025 0:36
430,40,search,11/10/2025 3:37
430,32,click,11/10/2025 5:53
430,32,click,11/10/2025 6:43
430,3,add_to_cart,11/10/2025 6:47
430,30,view,11/10/2025 8:39
430,32,add_to_cart,11/10/2025 11:24
430,30,click,11/10/2025 12:12
430,16,search,11/10/2025 12:53
430,3,purchase,11/10/2025 13:16
430,32,remove_cart,11/10/2025 14:10
430,3,view,11/10/2025 14:24
430,38,search,11/10/2025 16:35
430,26,view,11/10/2025 17:41
430,17,click,11/10/2025 20:16
430,17,add_to_cart,11/10/2025 21:23
430,17,remove_cart,11/10/2025 21:37
430,17,view,11/10/2025 23:05
430,8,search,11/11/2025 1:37
430,8,view,11/11/2025 1:59
430,47,view,11/11/2025 2:05
430,9,view,11/11/2025 4:46
430,37,add_to_cart,11/11/2025 6:11
430,12,view,11/11/2025 8:46
430,49,search,11/11/2025 10:11
430,44,rate,11/11/2025 13:07
430,9,click,11/11/2025 13:58
430,9,view,11/11/2025 14:31
430,50,add_to_cart,11/11/2025 14:46
430,40,search,11/11/2025 15:05
430,7,view,11/11/2025 17:59
430,13,view,11/11/2025 19:39
430,19,click,11/11/2025 20:20
430,3,search,11/11/2025 21:09
430,40,view,11/11/2025 23:35
430,27,search,11/12/2025 0:42
430,50,update_quantity,11/12/2025 1:56
430,50,click,11/12/2025 2:33
430,13,add_to_cart,11/12/2025 3:04
430,17,search,11/12/2025 3:16
430,23,add_to_cart,11/12/2025 5:13
430,44,click,11/12/2025 7:54
430,37,purchase,11/12/2025 10:36
430,35,click,11/12/2025 11:24
430,4,search,11/12/2025 13:35
430,37,view,11/12/2025 14:32
430,3,rate,11/12/2025 16:38
430,23,update_quantity,11/12/2025 17:28
430,37,view,11/12/2025 19:53
430,3,add_to_cart,11/12/2025 20:30
430,3,update_quantity,11/12/2025 22:40
430,23,view,11/12/2025 23:55
430,23,add_to_cart,11/13/2025 1:34
430,39,search,11/13/2025 1:50
430,35,click,11/13/2025 3:09
430,48,search,11/13/2025 5:22
430,23,purchase,11/13/2025 8:15
430,24,search,11/13/2025 9:54
430,48,view,11/13/2025 12:47
430,12,click,11/13/2025 14:01
430,23,view,11/13/2025 15:38
431,11,view,03/08/2026 22:19
431,11,click,03/09/2026 0:58
431,29,view,03/09/2026 2:30
431,48,view,03/09/2026 4:10
431,12,add_to_cart,03/09/2026 5:50
431,12,update_quantity,03/09/2026 7:04
431,45,click,03/09/2026 7:17
431,12,remove_cart,03/09/2026 7:32
431,21,search,03/09/2026 8:25
431,21,view,03/09/2026 11:00
431,12,view,03/09/2026 11:53
431,15,view,03/09/2026 14:23
431,8,view,03/09/2026 14:46
431,29,search,03/09/2026 16:08
431,45,click,03/09/2026 17:23
431,12,view,03/09/2026 18:49
431,32,search,03/09/2026 20:41
431,35,search,03/09/2026 22:29
431,2,view,03/09/2026 23:59
431,32,click,03/10/2026 1:24
431,39,view,03/10/2026 2:29
431,12,add_to_cart,03/10/2026 5:21
431,28,add_to_cart,03/10/2026 7:48
431,7,add_to_cart,03/10/2026 8:38
431,37,view,03/10/2026 9:13
431,28,add_to_cart,03/10/2026 10:06
431,2,view,03/10/2026 12:06
431,7,add_to_cart,03/10/2026 14:18
431,12,update_quantity,03/10/2026 15:37
431,15,view,03/10/2026 16:15
431,15,search,03/10/2026 18:54
431,2,view,03/10/2026 20:33
431,3,view,03/10/2026 21:12
431,29,search,03/10/2026 22:22
431,12,purchase,03/11/2026 1:14
431,9,search,03/11/2026 1:49
431,10,view,03/11/2026 2:04
431,23,search,03/11/2026 2:35
431,12,rate,03/11/2026 4:16
431,24,view,03/11/2026 5:41
431,12,view,03/11/2026 6:56
431,28,remove_cart,03/11/2026 8:02
431,24,view,03/11/2026 9:49
432,8,click,02/26/2026 21:46
432,8,view,02/26/2026 22:44
432,25,search,02/26/2026 23:52
432,8,add_to_cart,02/27/2026 1:25
432,20,add_to_cart,02/27/2026 2:49
432,2,search,02/27/2026 5:04
432,31,add_to_cart,02/27/2026 6:34
432,2,click,02/27/2026 8:20
432,20,click,02/27/2026 10:56
432,2,search,02/27/2026 11:41
432,39,view,02/27/2026 14:35
432,8,add_to_cart,02/27/2026 15:07
432,8,remove_cart,02/27/2026 16:39
432,2,add_to_cart,02/27/2026 17:49
432,31,update_quantity,02/27/2026 18:47
432,2,remove_cart,02/27/2026 19:40
432,22,click,02/27/2026 20:15
432,27,view,02/27/2026 21:54
432,49,add_to_cart,02/27/2026 21:59
432,31,add_to_cart,02/28/2026 0:41
432,13,view,02/28/2026 2:52
432,10,search,02/28/2026 3:45
432,20,update_quantity,02/28/2026 4:56
432,22,view,02/28/2026 6:34
432,20,update_quantity,02/28/2026 8:48
432,6,click,02/28/2026 9:51
432,35,add_to_cart,02/28/2026 11:27
432,20,purchase,02/28/2026 14:09
432,20,view,02/28/2026 14:32
432,37,search,02/28/2026 16:33
432,10,search,02/28/2026 17:52
432,14,search,02/28/2026 18:11
432,35,purchase,02/28/2026 18:19
432,6,click,02/28/2026 21:07
432,6,add_to_cart,03/01/2026 0:06
432,6,purchase,03/01/2026 2:32
432,31,purchase,03/01/2026 5:14
432,11,view,03/01/2026 7:34
432,14,click,03/01/2026 10:05
433,17,view,01/15/2026 23:28
433,41,view,01/16/2026 0:39
433,46,view,01/16/2026 3:29
433,26,view,01/16/2026 5:32
433,17,click,01/16/2026 5:51
433,33,view,01/16/2026 7:06
433,17,click,01/16/2026 9:48
433,16,add_to_cart,01/16/2026 11:49
433,28,search,01/16/2026 12:54
433,28,view,01/16/2026 13:19
433,28,add_to_cart,01/16/2026 15:29
433,27,click,01/16/2026 15:49
433,27,search,01/16/2026 18:37
433,27,view,01/16/2026 20:37
433,23,view,01/16/2026 22:51
433,21,add_to_cart,01/17/2026 0:51
433,21,view,01/17/2026 2:02
433,28,view,01/17/2026 4:02
433,42,search,01/17/2026 7:00
433,5,add_to_cart,01/17/2026 9:54
433,33,search,01/17/2026 12:16
433,28,purchase,01/17/2026 14:27
433,28,rate,01/17/2026 17:09
433,42,add_to_cart,01/17/2026 18:52
433,22,search,01/17/2026 19:25
433,19,click,01/17/2026 22:10
433,10,search,01/17/2026 22:45
433,5,remove_cart,01/18/2026 1:33
433,24,add_to_cart,01/18/2026 1:46
433,44,search,01/18/2026 4:00
433,7,search,01/18/2026 4:44
433,35,search,01/18/2026 6:57
433,16,update_quantity,01/18/2026 7:03
433,21,add_to_cart,01/18/2026 8:19
433,7,click,01/18/2026 9:37
433,16,update_quantity,01/18/2026 11:15
433,9,click,01/18/2026 12:06
433,42,click,01/18/2026 13:26
433,16,click,01/18/2026 14:22
433,7,add_to_cart,01/18/2026 15:26
433,13,view,01/18/2026 15:47
433,2,search,01/18/2026 17:12
433,7,add_to_cart,01/18/2026 17:24
433,8,search,01/18/2026 19:52
433,30,search,01/18/2026 20:50
433,42,view,01/18/2026 21:57
433,30,view,01/19/2026 0:02
434,5,search,12/12/2025 15:13
434,28,search,12/12/2025 15:18
434,27,search,12/12/2025 15:56
434,31,view,12/12/2025 18:17
434,18,click,12/12/2025 20:07
434,5,view,12/12/2025 21:07
434,4,click,12/12/2025 21:21
434,23,search,12/12/2025 22:11
434,5,click,12/13/2025 1:02
434,5,view,12/13/2025 3:53
434,23,view,12/13/2025 4:56
434,50,click,12/13/2025 5:22
434,23,add_to_cart,12/13/2025 6:03
434,28,click,12/13/2025 6:09
434,31,view,12/13/2025 8:47
434,5,search,12/13/2025 11:14
434,23,purchase,12/13/2025 12:24
434,31,view,12/13/2025 12:33
434,31,click,12/13/2025 15:21
434,35,add_to_cart,12/13/2025 16:59
434,35,update_quantity,12/13/2025 18:32
434,35,click,12/13/2025 19:16
434,23,click,12/13/2025 20:28
434,23,view,12/13/2025 21:31
434,35,click,12/13/2025 21:34
434,27,view,12/13/2025 22:19
434,35,update_quantity,12/14/2025 0:20
434,35,purchase,12/14/2025 0:24
434,35,rate,12/14/2025 3:03
434,32,view,12/14/2025 3:44
434,42,search,12/14/2025 4:33
434,12,search,12/14/2025 5:05
434,19,add_to_cart,12/14/2025 6:24
434,28,search,12/14/2025 8:38
434,18,search,12/14/2025 10:21
434,18,view,12/14/2025 12:13
434,19,click,12/14/2025 13:18
434,19,remove_cart,12/14/2025 14:18
434,19,view,12/14/2025 16:20
434,25,view,12/14/2025 16:34
434,25,view,12/14/2025 17:57
434,3,view,12/14/2025 20:37
434,18,view,12/14/2025 21:36
434,3,click,12/14/2025 22:22
434,3,view,12/15/2025 0:44
434,18,add_to_cart,12/15/2025 1:12
434,25,view,12/15/2025 1:28
434,23,search,12/15/2025 4:12
434,50,search,12/15/2025 6:03
434,13,search,12/15/2025 7:15
434,18,view,12/15/2025 7:52
434,50,view,12/15/2025 10:24
434,18,remove_cart,12/15/2025 10:54
435,29,add_to_cart,11/09/2025 11:38
435,11,click,11/09/2025 13:04
435,29,view,11/09/2025 15:33
435,29,add_to_cart,11/09/2025 16:25
435,29,view,11/09/2025 17:15
435,11,add_to_cart,11/09/2025 19:28
435,44,view,11/09/2025 19:41
435,49,click,11/09/2025 19:56
435,23,search,11/09/2025 21:01
435,11,click,11/09/2025 23:02
435,23,click,11/10/2025 1:18
435,11,remove_cart,11/10/2025 1:45
435,42,search,11/10/2025 4:16
435,11,add_to_cart,11/10/2025 5:58
435,29,purchase,11/10/2025 8:18
435,11,update_quantity,11/10/2025 10:21
435,24,view,11/10/2025 12:32
435,11,remove_cart,11/10/2025 13:46
435,32,search,11/10/2025 15:01
435,21,search,11/10/2025 17:07
435,9,click,11/10/2025 18:42
435,11,click,11/10/2025 19:19
435,11,click,11/10/2025 21:50
435,50,click,11/10/2025 21:53
435,8,view,11/10/2025 23:58
435,11,view,11/11/2025 2:22
435,4,click,11/11/2025 2:55
435,11,search,11/11/2025 4:22
435,4,click,11/11/2025 4:57
435,50,view,11/11/2025 7:54
435,33,view,11/11/2025 9:54
435,5,add_to_cart,11/11/2025 10:51
435,30,search,11/11/2025 13:28
435,33,view,11/11/2025 13:35
435,5,add_to_cart,11/11/2025 14:30
435,27,search,11/11/2025 16:35
435,22,click,11/11/2025 18:49
435,6,search,11/11/2025 21:34
435,12,view,11/11/2025 21:59
435,25,add_to_cart,11/11/2025 22:27
435,5,search,11/11/2025 23:26
435,12,view,11/12/2025 1:00
435,39,click,11/12/2025 1:16
435,12,add_to_cart,11/12/2025 1:34
435,1,search,11/12/2025 1:50
435,12,click,11/12/2025 2:23
435,5,view,11/12/2025 2:40
435,32,view,11/12/2025 4:31
436,47,view,02/07/2026 13:15
436,19,search,02/07/2026 13:29
436,47,add_to_cart,02/07/2026 13:42
436,47,view,02/07/2026 15:23
436,47,purchase,02/07/2026 17:07
436,9,search,02/07/2026 18:34
436,47,view,02/07/2026 20:03
436,19,view,02/07/2026 21:55
436,32,search,02/08/2026 0:02
436,47,click,02/08/2026 1:56
436,19,view,02/08/2026 3:34
436,19,click,02/08/2026 5:57
436,47,add_to_cart,02/08/2026 8:24
436,34,search,02/08/2026 9:54
436,34,add_to_cart,02/08/2026 12:14
436,19,view,02/08/2026 14:51
436,34,view,02/08/2026 17:20
436,27,view,02/08/2026 19:47
436,33,search,02/08/2026 20:24
436,27,view,02/08/2026 22:04
436,20,click,02/09/2026 0:01
436,34,view,02/09/2026 1:17
436,44,search,02/09/2026 2:30
436,34,search,02/09/2026 2:41
436,19,view,02/09/2026 5:24
436,33,click,02/09/2026 7:35
436,48,search,02/09/2026 8:50
436,28,search,02/09/2026 10:17
436,46,add_to_cart,02/09/2026 10:31
436,33,view,02/09/2026 11:13
436,46,remove_cart,02/09/2026 11:28
436,20,view,02/09/2026 13:57
436,9,view,02/09/2026 15:16
436,44,add_to_cart,02/09/2026 16:15
436,9,view,02/09/2026 16:21
436,28,add_to_cart,02/09/2026 17:43
436,20,view,02/09/2026 18:42
436,31,add_to_cart,02/09/2026 21:22
436,9,click,02/09/2026 22:27
436,47,purchase,02/09/2026 22:44
436,33,view,02/09/2026 23:58
436,33,click,02/10/2026 0:52
436,9,add_to_cart,02/10/2026 2:52
436,9,purchase,02/10/2026 3:24
436,7,view,02/10/2026 4:32
436,33,view,02/10/2026 6:34
436,9,click,02/10/2026 9:23
436,31,remove_cart,02/10/2026 11:05
436,9,click,02/10/2026 13:03
436,34,update_quantity,02/10/2026 15:46
436,7,view,02/10/2026 18:32
436,18,search,02/10/2026 19:53
436,7,view,02/10/2026 20:38
436,28,purchase,02/10/2026 21:34
436,9,rate,02/11/2026 0:13
436,13,search,02/11/2026 0:28
436,27,search,02/11/2026 1:33
436,31,search,02/11/2026 3:07
436,27,view,02/11/2026 3:29
436,7,click,02/11/2026 4:21
436,31,view,02/11/2026 6:53
436,32,view,02/11/2026 7:14
436,43,view,02/11/2026 9:00
436,18,search,02/11/2026 11:19
436,42,add_to_cart,02/11/2026 12:06
436,34,update_quantity,02/11/2026 13:21
436,27,add_to_cart,02/11/2026 15:30
436,37,click,02/11/2026 16:08
436,27,remove_cart,02/11/2026 18:14
436,3,search,02/11/2026 19:27
436,19,click,02/11/2026 21:32
436,42,purchase,02/11/2026 23:53
436,37,click,02/12/2026 0:01
436,3,view,02/12/2026 2:08
436,25,view,02/12/2026 2:50
436,3,view,02/12/2026 4:11
436,3,click,02/12/2026 5:05
436,41,search,02/12/2026 6:08
436,3,add_to_cart,02/12/2026 7:16
437,43,click,01/25/2026 13:27
437,2,view,01/25/2026 14:14
437,49,search,01/25/2026 15:14
437,2,view,01/25/2026 18:07
437,28,click,01/25/2026 20:28
437,28,add_to_cart,01/25/2026 20:40
437,10,view,01/25/2026 20:42
437,2,view,01/25/2026 23:36
437,28,remove_cart,01/26/2026 0:15
437,34,view,01/26/2026 1:51
437,21,add_to_cart,01/26/2026 2:11
437,28,view,01/26/2026 4:40
437,41,click,01/26/2026 6:54
437,21,purchase,01/26/2026 7:46
437,28,click,01/26/2026 7:53
437,33,search,01/26/2026 10:02
437,35,click,01/26/2026 10:58
437,49,click,01/26/2026 11:56
437,28,click,01/26/2026 12:49
437,28,search,01/26/2026 13:58
437,33,view,01/26/2026 14:07
437,28,add_to_cart,01/26/2026 14:23
437,22,view,01/26/2026 14:48
437,43,click,01/26/2026 16:41
437,45,search,01/26/2026 18:36
437,45,click,01/26/2026 21:08
437,21,search,01/26/2026 21:20
437,45,view,01/26/2026 22:10
437,45,click,01/26/2026 22:29
437,21,rate,01/27/2026 0:53
437,46,add_to_cart,01/27/2026 1:40
437,21,add_to_cart,01/27/2026 2:39
437,13,search,01/27/2026 4:36
437,13,click,01/27/2026 4:55
437,21,view,01/27/2026 6:22
437,15,view,01/27/2026 8:21
437,21,add_to_cart,01/27/2026 9:23
437,21,view,01/27/2026 11:31
437,21,view,01/27/2026 14:23
437,34,view,01/27/2026 14:26
438,17,view,12/13/2025 13:35
438,35,search,12/13/2025 13:41
438,1,click,12/13/2025 16:31
438,1,add_to_cart,12/13/2025 18:31
438,1,view,12/13/2025 20:21
438,1,update_quantity,12/13/2025 21:10
438,1,remove_cart,12/13/2025 22:09
438,1,view,12/14/2025 0:10
438,15,search,12/14/2025 0:50
438,1,click,12/14/2025 3:32
438,19,search,12/14/2025 6:10
438,28,view,12/14/2025 8:42
438,23,view,12/14/2025 8:56
438,1,add_to_cart,12/14/2025 10:23
438,1,purchase,12/14/2025 11:56
438,19,click,12/14/2025 13:41
438,19,view,12/14/2025 14:01
438,19,click,12/14/2025 15:58
438,20,search,12/14/2025 18:48
438,19,view,12/14/2025 19:06
438,1,click,12/14/2025 20:25
438,23,search,12/14/2025 20:35
438,39,search,12/14/2025 21:51
438,1,view,12/14/2025 22:36
438,39,view,12/15/2025 0:21
438,45,search,12/15/2025 3:07
438,10,view,12/15/2025 5:10
438,28,click,12/15/2025 5:22
438,44,search,12/15/2025 7:26
438,7,add_to_cart,12/15/2025 8:53
438,15,search,12/15/2025 10:46
438,23,search,12/15/2025 11:37
438,7,update_quantity,12/15/2025 12:19
438,46,add_to_cart,12/15/2025 13:26
438,46,update_quantity,12/15/2025 16:01
438,23,view,12/15/2025 17:43
438,7,view,12/15/2025 20:34
438,46,view,12/15/2025 21:51
438,15,add_to_cart,12/15/2025 23:28
438,28,search,12/16/2025 2:17
438,7,update_quantity,12/16/2025 3:52
438,15,purchase,12/16/2025 4:29
438,21,search,12/16/2025 4:44
438,30,click,12/16/2025 5:02
438,1,rate,12/16/2025 5:12
438,22,search,12/16/2025 7:45
438,21,click,12/16/2025 9:41
438,21,add_to_cart,12/16/2025 12:17
438,21,remove_cart,12/16/2025 13:54
439,3,search,10/30/2025 13:02
439,3,view,10/30/2025 13:14
439,36,search,10/30/2025 15:48
439,24,add_to_cart,10/30/2025 18:09
439,47,view,10/30/2025 19:34
439,21,search,10/30/2025 21:03
439,24,purchase,10/30/2025 23:21
439,7,click,10/31/2025 1:09
439,47,view,10/31/2025 1:27
439,11,search,10/31/2025 3:45
439,44,view,10/31/2025 4:15
439,17,search,10/31/2025 6:06
439,7,add_to_cart,10/31/2025 6:43
439,36,search,10/31/2025 9:38
439,44,add_to_cart,10/31/2025 10:26
439,44,update_quantity,10/31/2025 12:10
439,36,view,10/31/2025 14:06
439,44,add_to_cart,10/31/2025 14:58
439,17,click,10/31/2025 15:43
439,17,view,10/31/2025 17:34
439,44,remove_cart,10/31/2025 20:19
439,44,search,10/31/2025 21:57
439,7,purchase,10/31/2025 22:01
439,7,click,10/31/2025 23:05
439,7,rate,11/01/2025 1:57
439,50,view,11/01/2025 3:16
439,37,click,11/01/2025 3:20
439,5,add_to_cart,11/01/2025 5:28
439,50,view,11/01/2025 6:54
439,11,view,11/01/2025 7:29
439,50,view,11/01/2025 8:23
439,11,view,11/01/2025 10:44
439,5,update_quantity,11/01/2025 11:05
439,5,update_quantity,11/01/2025 11:19
439,17,search,11/01/2025 13:07
439,15,click,11/01/2025 13:47
439,5,update_quantity,11/01/2025 14:47
439,5,update_quantity,11/01/2025 16:05
439,36,search,11/01/2025 18:24
439,5,view,11/01/2025 19:59
439,5,purchase,11/01/2025 22:51
439,29,add_to_cart,11/02/2025 0:07
439,34,search,11/02/2025 2:15
439,10,view,11/02/2025 3:52
439,39,search,11/02/2025 5:27
439,29,purchase,11/02/2025 6:20
439,34,click,11/02/2025 7:45
439,36,view,11/02/2025 8:27
439,36,add_to_cart,11/02/2025 10:11
439,34,click,11/02/2025 12:26
439,29,click,11/02/2025 13:31
439,36,purchase,11/02/2025 14:28
439,3,search,11/02/2025 17:25
439,29,view,11/02/2025 19:40
439,36,click,11/02/2025 20:44
439,5,search,11/02/2025 22:12
439,18,add_to_cart,11/02/2025 22:34
439,18,update_quantity,11/03/2025 0:09
439,24,rate,11/03/2025 2:47
439,36,view,11/03/2025 4:34
439,24,click,11/03/2025 6:11
439,27,search,11/03/2025 6:24
439,36,click,11/03/2025 9:05
439,32,view,11/03/2025 11:34
439,36,click,11/03/2025 13:05
439,27,add_to_cart,11/03/2025 13:21
439,27,click,11/03/2025 15:36
439,27,remove_cart,11/03/2025 18:10
439,43,search,11/03/2025 20:22
439,27,click,11/03/2025 21:54
439,18,search,11/04/2025 0:23
439,19,view,11/04/2025 3:24
439,27,add_to_cart,11/04/2025 3:43
439,43,view,11/04/2025 4:21
439,36,rate,11/04/2025 7:19
439,19,click,11/04/2025 9:28
439,2,search,11/04/2025 11:08
439,27,remove_cart,11/04/2025 12:36
440,13,add_to_cart,01/09/2026 8:08
440,13,view,01/09/2026 10:55
440,13,update_quantity,01/09/2026 13:41
440,13,click,01/09/2026 15:41
440,33,search,01/09/2026 17:27
440,13,purchase,01/09/2026 19:50
440,31,search,01/09/2026 21:12
440,50,search,01/09/2026 21:53
440,31,view,01/09/2026 22:22
440,31,search,01/09/2026 22:46
440,50,view,01/09/2026 23:33
440,40,click,01/10/2026 2:24
440,26,search,01/10/2026 3:33
440,4,add_to_cart,01/10/2026 4:39
440,4,purchase,01/10/2026 6:00
440,35,click,01/10/2026 6:33
440,4,view,01/10/2026 8:26
440,13,rate,01/10/2026 11:18
440,5,view,01/10/2026 14:04
440,47,view,01/10/2026 15:22
440,24,search,01/10/2026 17:04
440,44,view,01/10/2026 19:55
440,47,search,01/10/2026 21:21
440,24,click,01/11/2026 0:10
440,1,view,01/11/2026 1:52
440,31,view,01/11/2026 3:43
440,5,click,01/11/2026 4:14
440,8,add_to_cart,01/11/2026 5:04
440,32,search,01/11/2026 6:39
440,37,search,01/11/2026 9:33
440,22,click,01/11/2026 9:40
440,30,view,01/11/2026 11:01
440,36,view,01/11/2026 11:07
440,39,view,01/11/2026 13:03
440,18,view,01/11/2026 14:58
440,22,click,01/11/2026 16:10
440,42,view,01/11/2026 18:07
440,42,click,01/11/2026 20:16
440,42,view,01/11/2026 21:37
440,42,view,01/11/2026 23:58
440,42,add_to_cart,01/12/2026 1:45
440,8,purchase,01/12/2026 3:07
440,4,rate,01/12/2026 5:31
440,36,click,01/12/2026 8:06
440,42,purchase,01/12/2026 8:08
441,41,view,12/13/2025 21:46
441,41,view,12/13/2025 22:30
441,41,add_to_cart,12/14/2025 0:13
441,34,click,12/14/2025 1:04
441,41,add_to_cart,12/14/2025 1:47
441,41,purchase,12/14/2025 2:27
441,41,add_to_cart,12/14/2025 4:01
441,34,add_to_cart,12/14/2025 4:28
441,50,view,12/14/2025 5:14
441,50,add_to_cart,12/14/2025 6:43
441,33,view,12/14/2025 7:19
441,34,purchase,12/14/2025 9:00
441,44,search,12/14/2025 10:36
441,50,click,12/14/2025 11:19
441,34,rate,12/14/2025 12:47
441,44,view,12/14/2025 13:24
441,49,search,12/14/2025 15:11
441,31,search,12/14/2025 16:53
441,7,search,12/14/2025 19:36
441,44,view,12/14/2025 20:25
441,46,click,12/14/2025 21:52
441,27,view,12/15/2025 0:35
441,34,view,12/15/2025 2:56
441,38,search,12/15/2025 4:23
441,10,click,12/15/2025 6:08
441,46,view,12/15/2025 8:42
441,23,click,12/15/2025 9:06
441,44,view,12/15/2025 9:43
441,50,update_quantity,12/15/2025 10:36
441,48,view,12/15/2025 10:42
441,38,view,12/15/2025 12:30
441,8,add_to_cart,12/15/2025 12:55
441,44,add_to_cart,12/15/2025 13:40
441,46,add_to_cart,12/15/2025 15:21
441,47,search,12/15/2025 15:38
441,27,click,12/15/2025 17:53
441,46,update_quantity,12/15/2025 18:32
441,41,update_quantity,12/15/2025 20:56
441,31,add_to_cart,12/15/2025 21:46
441,47,add_to_cart,12/15/2025 23:06
441,47,view,12/16/2025 1:04
441,27,click,12/16/2025 3:49
441,27,click,12/16/2025 6:22
441,47,click,12/16/2025 7:59
441,47,click,12/16/2025 9:00
441,21,view,12/16/2025 11:37
441,20,search,12/16/2025 12:22
441,47,click,12/16/2025 13:42
441,46,click,12/16/2025 15:04
441,46,add_to_cart,12/16/2025 16:15
441,22,search,12/16/2025 17:34
441,46,click,12/16/2025 18:14
441,7,search,12/16/2025 20:38
441,47,view,12/16/2025 22:42
441,20,click,12/16/2025 22:55
441,47,update_quantity,12/16/2025 23:37
441,20,view,12/17/2025 1:14
441,46,click,12/17/2025 1:22
441,47,remove_cart,12/17/2025 1:29
441,46,remove_cart,12/17/2025 2:09
441,8,update_quantity,12/17/2025 4:40
441,23,search,12/17/2025 6:47
441,44,add_to_cart,12/17/2025 8:48
441,2,click,12/17/2025 8:52
441,46,add_to_cart,12/17/2025 10:58
441,39,view,12/17/2025 13:24
441,41,search,12/17/2025 14:44
441,44,click,12/17/2025 16:28
441,23,view,12/17/2025 17:48
441,44,click,12/17/2025 19:52
441,31,update_quantity,12/17/2025 20:37
441,41,view,12/17/2025 21:45
441,41,click,12/18/2025 0:18
441,31,purchase,12/18/2025 1:05
441,41,add_to_cart,12/18/2025 2:13
441,6,search,12/18/2025 3:55
441,49,search,12/18/2025 6:32
441,41,rate,12/18/2025 6:48
442,3,view,01/14/2026 4:02
442,24,click,01/14/2026 6:00
442,46,search,01/14/2026 6:34
442,24,click,01/14/2026 7:46
442,6,search,01/14/2026 10:42
442,24,click,01/14/2026 13:31
442,8,view,01/14/2026 15:44
442,6,add_to_cart,01/14/2026 16:40
442,24,view,01/14/2026 18:57
442,25,click,01/14/2026 20:54
442,8,view,01/14/2026 23:18
442,25,add_to_cart,01/15/2026 1:27
442,6,view,01/15/2026 2:50
442,45,search,01/15/2026 4:49
442,6,add_to_cart,01/15/2026 5:27
442,25,view,01/15/2026 7:24
442,6,remove_cart,01/15/2026 8:18
442,35,add_to_cart,01/15/2026 8:39
442,49,search,01/15/2026 9:00
442,35,remove_cart,01/15/2026 9:15
442,6,view,01/15/2026 10:21
442,49,view,01/15/2026 12:13
442,49,click,01/15/2026 14:22
442,49,add_to_cart,01/15/2026 16:07
442,25,click,01/15/2026 17:15
442,11,search,01/15/2026 19:10
442,49,add_to_cart,01/15/2026 20:32
442,49,remove_cart,01/15/2026 23:22
442,18,view,01/15/2026 23:48
442,48,view,01/16/2026 0:57
442,25,remove_cart,01/16/2026 2:10
442,11,search,01/16/2026 2:58
442,25,view,01/16/2026 4:25
442,11,view,01/16/2026 4:41
442,45,view,01/16/2026 7:22
442,11,search,01/16/2026 9:20
442,10,search,01/16/2026 9:51
442,44,search,01/16/2026 12:38
442,31,search,01/16/2026 15:03
442,11,view,01/16/2026 16:59
442,3,view,01/16/2026 19:05
442,50,search,01/16/2026 20:14
442,1,add_to_cart,01/16/2026 20:28
442,1,remove_cart,01/16/2026 22:36
442,3,click,01/17/2026 1:01
442,40,add_to_cart,01/17/2026 1:18
442,48,search,01/17/2026 1:34
442,47,search,01/17/2026 2:05
442,11,view,01/17/2026 3:54
442,3,add_to_cart,01/17/2026 5:55
442,3,purchase,01/17/2026 7:18
442,40,update_quantity,01/17/2026 8:29
442,19,add_to_cart,01/17/2026 9:46
442,40,add_to_cart,01/17/2026 10:44
442,39,view,01/17/2026 13:42
442,40,click,01/17/2026 15:01
442,40,view,01/17/2026 15:42
442,19,purchase,01/17/2026 16:39
442,3,rate,01/17/2026 16:58
442,40,view,01/17/2026 19:43
442,3,add_to_cart,01/17/2026 22:02
442,40,update_quantity,01/18/2026 1:03
442,40,update_quantity,01/18/2026 3:26
442,11,add_to_cart,01/18/2026 4:06
442,11,purchase,01/18/2026 5:30
442,38,search,01/18/2026 8:30
442,3,add_to_cart,01/18/2026 10:08
442,47,view,01/18/2026 10:28
442,40,remove_cart,01/18/2026 10:57
442,3,remove_cart,01/18/2026 11:11
442,25,view,01/18/2026 13:19
442,40,click,01/18/2026 14:35
442,40,view,01/18/2026 16:46
442,47,click,01/18/2026 18:38
442,3,click,01/18/2026 20:08
442,25,view,01/18/2026 21:27
442,10,view,01/18/2026 21:49
443,29,view,02/15/2026 18:06
443,29,click,02/15/2026 20:21
443,29,view,02/15/2026 22:50
443,36,search,02/15/2026 23:42
443,29,click,02/16/2026 2:02
443,29,view,02/16/2026 3:55
443,29,view,02/16/2026 5:42
443,19,click,02/16/2026 6:44
443,29,view,02/16/2026 7:34
443,36,view,02/16/2026 9:35
443,29,view,02/16/2026 12:16
443,26,search,02/16/2026 14:39
443,2,click,02/16/2026 14:50
443,22,search,02/16/2026 16:31
443,17,view,02/16/2026 16:36
443,12,search,02/16/2026 19:08
443,5,search,02/16/2026 21:24
443,29,view,02/16/2026 22:43
443,5,add_to_cart,02/16/2026 22:55
443,14,click,02/17/2026 0:35
443,42,view,02/17/2026 1:48
443,29,click,02/17/2026 2:51
443,12,click,02/17/2026 4:09
443,11,click,02/17/2026 5:13
443,5,purchase,02/17/2026 7:15
443,5,rate,02/17/2026 7:44
443,14,view,02/17/2026 8:31
443,17,add_to_cart,02/17/2026 11:26
443,17,update_quantity,02/17/2026 14:15
443,5,add_to_cart,02/17/2026 14:57
443,5,view,02/17/2026 17:04
443,17,purchase,02/17/2026 17:48
443,17,click,02/17/2026 17:59
443,17,rate,02/17/2026 18:57
443,36,view,02/17/2026 20:15
443,5,view,02/17/2026 22:08
443,5,update_quantity,02/17/2026 23:36
443,5,add_to_cart,02/17/2026 23:48
443,42,click,02/18/2026 0:42
443,6,add_to_cart,02/18/2026 2:36
443,5,purchase,02/18/2026 5:21
443,5,view,02/18/2026 5:27
443,6,view,02/18/2026 6:33
443,42,click,02/18/2026 7:47
443,29,search,02/18/2026 9:31
443,46,search,02/18/2026 11:11
443,5,click,02/18/2026 12:19
443,5,view,02/18/2026 14:48
443,26,click,02/18/2026 16:14
443,44,search,02/18/2026 16:30
443,5,view,02/18/2026 16:34
443,5,view,02/18/2026 16:46
443,5,click,02/18/2026 18:52
443,5,view,02/18/2026 20:17
443,25,search,02/18/2026 20:50
443,24,click,02/18/2026 23:40
443,6,update_quantity,02/19/2026 0:53
443,6,update_quantity,02/19/2026 1:11
443,23,search,02/19/2026 3:57
443,6,view,02/19/2026 5:50
443,6,remove_cart,02/19/2026 6:25
443,6,add_to_cart,02/19/2026 7:07
443,42,click,02/19/2026 8:24
443,6,click,02/19/2026 8:55
443,6,view,02/19/2026 9:48
443,27,click,02/19/2026 9:54
443,6,view,02/19/2026 12:11
443,6,click,02/19/2026 13:05
443,7,view,02/19/2026 15:49
443,6,view,02/19/2026 17:18
443,27,click,02/19/2026 18:18
444,5,add_to_cart,01/30/2026 11:11
444,5,click,01/30/2026 12:29
444,5,click,01/30/2026 12:57
444,38,click,01/30/2026 15:14
444,5,add_to_cart,01/30/2026 16:14
444,14,search,01/30/2026 16:52
444,5,add_to_cart,01/30/2026 17:12
444,5,add_to_cart,01/30/2026 17:51
444,48,search,01/30/2026 17:56
444,48,click,01/30/2026 18:43
444,19,search,01/30/2026 20:36
444,5,remove_cart,01/30/2026 22:20
444,48,view,01/30/2026 23:11
444,22,click,01/31/2026 1:21
444,48,add_to_cart,01/31/2026 4:08
444,48,purchase,01/31/2026 5:51
444,48,click,01/31/2026 8:27
444,48,rate,01/31/2026 11:04
444,43,search,01/31/2026 12:37
444,48,add_to_cart,01/31/2026 14:53
444,20,search,01/31/2026 16:06
444,38,view,01/31/2026 17:03
444,48,add_to_cart,01/31/2026 19:04
444,48,click,01/31/2026 19:50
444,32,view,01/31/2026 22:48
444,43,add_to_cart,02/01/2026 1:14
444,17,search,02/01/2026 2:59
444,39,search,02/01/2026 4:30
444,20,search,02/01/2026 6:08
444,39,view,02/01/2026 8:59
444,46,add_to_cart,02/01/2026 10:57
444,43,view,02/01/2026 11:01
444,43,add_to_cart,02/01/2026 13:04
444,46,update_quantity,02/01/2026 15:02
444,17,add_to_cart,02/01/2026 16:54
444,46,purchase,02/01/2026 17:48
444,43,update_quantity,02/01/2026 20:17
444,46,search,02/01/2026 22:33
444,48,update_quantity,02/01/2026 23:52
444,43,view,02/02/2026 1:00
444,43,update_quantity,02/02/2026 3:58
444,9,click,02/02/2026 6:51
444,9,search,02/02/2026 7:56
444,22,search,02/02/2026 8:42
444,17,search,02/02/2026 10:09
444,44,search,02/02/2026 12:10
444,19,search,02/02/2026 13:42
444,19,click,02/02/2026 15:31
444,7,search,02/02/2026 16:43
444,48,remove_cart,02/02/2026 17:32
444,19,view,02/02/2026 18:50
444,44,search,02/02/2026 21:23
444,43,update_quantity,02/02/2026 21:52
444,2,view,02/03/2026 0:36
444,31,search,02/03/2026 3:35
444,7,view,02/03/2026 5:25
444,27,click,02/03/2026 7:34
444,17,remove_cart,02/03/2026 7:49
444,31,view,02/03/2026 9:27
444,31,view,02/03/2026 10:11
444,27,click,02/03/2026 12:58
444,27,add_to_cart,02/03/2026 13:21
444,13,search,02/03/2026 13:55
444,27,view,02/03/2026 15:34
444,31,add_to_cart,02/03/2026 16:15
445,47,click,03/06/2026 2:33
445,47,view,03/06/2026 4:01
445,35,search,03/06/2026 4:35
445,12,search,03/06/2026 7:12
445,2,click,03/06/2026 7:27
445,3,search,03/06/2026 10:05
445,1,search,03/06/2026 11:37
445,1,view,03/06/2026 14:01
445,1,add_to_cart,03/06/2026 14:54
445,3,view,03/06/2026 16:32
445,12,click,03/06/2026 18:28
445,1,click,03/06/2026 21:15
445,1,update_quantity,03/06/2026 22:30
445,12,view,03/06/2026 23:51
445,9,search,03/07/2026 2:17
445,12,click,03/07/2026 2:42
445,1,view,03/07/2026 4:03
445,1,add_to_cart,03/07/2026 4:16
445,1,update_quantity,03/07/2026 6:44
445,1,update_quantity,03/07/2026 8:29
445,1,click,03/07/2026 10:54
445,14,search,03/07/2026 11:31
445,24,view,03/07/2026 14:06
445,1,add_to_cart,03/07/2026 14:39
445,1,click,03/07/2026 15:20
445,26,search,03/07/2026 17:36
445,1,click,03/07/2026 18:58
445,40,search,03/07/2026 21:51
445,1,update_quantity,03/07/2026 22:57
445,1,purchase,03/07/2026 23:55
445,1,rate,03/08/2026 0:52
445,1,view,03/08/2026 1:54
445,24,search,03/08/2026 3:05
445,1,view,03/08/2026 4:49
445,1,view,03/08/2026 5:35
445,3,click,03/08/2026 7:26
445,18,click,03/08/2026 9:56
445,31,search,03/08/2026 10:12
445,43,click,03/08/2026 10:52
446,29,search,12/13/2025 3:24
446,14,click,12/13/2025 4:30
446,42,view,12/13/2025 5:04
446,36,add_to_cart,12/13/2025 6:29
446,26,search,12/13/2025 7:28
446,29,view,12/13/2025 9:22
446,26,add_to_cart,12/13/2025 12:07
446,36,update_quantity,12/13/2025 13:18
446,22,add_to_cart,12/13/2025 13:38
446,42,view,12/13/2025 15:34
446,47,click,12/13/2025 15:43
446,21,search,12/13/2025 17:58
446,26,click,12/13/2025 18:14
446,36,update_quantity,12/13/2025 18:18
446,36,update_quantity,12/13/2025 21:13
446,21,view,12/13/2025 23:17
446,31,add_to_cart,12/13/2025 23:39
446,36,click,12/14/2025 0:44
446,47,click,12/14/2025 1:19
446,21,click,12/14/2025 1:45
446,27,view,12/14/2025 4:09
446,35,search,12/14/2025 5:21
446,46,add_to_cart,12/14/2025 8:05
446,23,search,12/14/2025 9:28
446,35,view,12/14/2025 9:37
446,2,click,12/14/2025 11:16
446,27,view,12/14/2025 12:31
446,35,add_to_cart,12/14/2025 13:48
446,45,click,12/14/2025 16:04
446,35,click,12/14/2025 18:02
446,36,purchase,12/14/2025 20:56
446,16,view,12/14/2025 22:41
446,21,view,12/14/2025 23:56
446,24,click,12/15/2025 1:22
446,32,view,12/15/2025 3:05
446,35,click,12/15/2025 4:28
446,2,search,12/15/2025 5:23
446,35,view,12/15/2025 6:29
446,35,view,12/15/2025 8:49
446,7,view,12/15/2025 10:34
446,2,search,12/15/2025 11:45
446,32,view,12/15/2025 13:37
446,35,click,12/15/2025 14:21
446,34,search,12/15/2025 16:50
446,34,search,12/15/2025 17:29
446,14,add_to_cart,12/15/2025 19:07
446,45,search,12/15/2025 20:24
446,33,search,12/15/2025 23:04
446,45,add_to_cart,12/16/2025 0:21
446,11,click,12/16/2025 1:47
446,45,click,12/16/2025 2:16
446,45,click,12/16/2025 2:37
446,34,add_to_cart,12/16/2025 2:47
446,45,remove_cart,12/16/2025 3:12
446,45,view,12/16/2025 5:16
446,23,search,12/16/2025 6:26
446,11,click,12/16/2025 6:32
446,35,remove_cart,12/16/2025 6:51
446,7,search,12/16/2025 7:50
446,11,click,12/16/2025 8:07
446,35,add_to_cart,12/16/2025 10:06
446,49,search,12/16/2025 12:36
446,27,search,12/16/2025 13:58
446,30,view,12/16/2025 14:49
446,35,click,12/16/2025 14:52
446,21,search,12/16/2025 17:51
446,26,purchase,12/16/2025 19:59
446,13,add_to_cart,12/16/2025 22:42
446,15,search,12/17/2025 1:05
446,21,click,12/17/2025 2:31
446,47,view,12/17/2025 4:09
446,31,remove_cart,12/17/2025 5:18
446,13,click,12/17/2025 5:53
446,33,view,12/17/2025 8:05
446,28,search,12/17/2025 10:06
446,47,view,12/17/2025 11:57
446,28,add_to_cart,12/17/2025 12:28
446,13,update_quantity,12/17/2025 14:20
446,47,click,12/17/2025 16:07
446,47,click,12/17/2025 18:53
447,14,view,12/20/2025 3:13
447,38,search,12/20/2025 4:02
447,14,click,12/20/2025 5:38
447,39,view,12/20/2025 8:20
447,39,click,12/20/2025 8:52
447,14,click,12/20/2025 11:31
447,14,view,12/20/2025 12:31
447,14,view,12/20/2025 13:43
447,46,add_to_cart,12/20/2025 16:35
447,38,add_to_cart,12/20/2025 19:11
447,38,purchase,12/20/2025 20:32
447,46,update_quantity,12/20/2025 20:44
447,24,search,12/20/2025 23:39
447,46,update_quantity,12/21/2025 0:04
447,14,click,12/21/2025 2:23
447,14,search,12/21/2025 3:33
447,38,add_to_cart,12/21/2025 4:07
447,39,click,12/21/2025 6:17
447,12,search,12/21/2025 8:23
447,46,view,12/21/2025 9:54
447,33,search,12/21/2025 12:50
447,38,rate,12/21/2025 14:05
447,42,view,12/21/2025 16:41
447,46,remove_cart,12/21/2025 19:08
447,39,view,12/21/2025 21:35
447,33,view,12/21/2025 23:53
447,38,remove_cart,12/22/2025 0:46
447,46,view,12/22/2025 2:37
447,46,add_to_cart,12/22/2025 2:49
447,22,view,12/22/2025 3:57
447,34,click,12/22/2025 5:30
447,9,view,12/22/2025 8:23
447,49,click,12/22/2025 10:10
447,34,add_to_cart,12/22/2025 12:54
447,10,search,12/22/2025 13:12
447,34,view,12/22/2025 14:50
447,2,view,12/22/2025 17:01
447,9,view,12/22/2025 19:26
447,34,view,12/22/2025 21:29
447,2,click,12/22/2025 21:45
447,34,remove_cart,12/22/2025 22:57
447,34,click,12/23/2025 0:57
447,34,click,12/23/2025 3:42
447,4,view,12/23/2025 5:35
447,8,view,12/23/2025 7:26
447,34,add_to_cart,12/23/2025 10:02
447,34,update_quantity,12/23/2025 12:14
447,46,purchase,12/23/2025 13:57
447,41,search,12/23/2025 14:27
447,34,add_to_cart,12/23/2025 15:27
447,41,search,12/23/2025 15:47
447,33,search,12/23/2025 18:25
447,6,view,12/23/2025 19:21
447,34,click,12/23/2025 22:09
447,33,add_to_cart,12/24/2025 0:11
447,48,add_to_cart,12/24/2025 1:50
447,6,search,12/24/2025 3:57
447,41,click,12/24/2025 4:44
447,33,view,12/24/2025 6:10
447,39,click,12/24/2025 7:25
447,32,search,12/24/2025 7:35
447,48,purchase,12/24/2025 8:46
447,24,search,12/24/2025 10:09
447,48,rate,12/24/2025 13:09
448,9,search,11/30/2025 0:13
448,9,click,11/30/2025 0:25
448,9,click,11/30/2025 3:16
448,19,search,11/30/2025 3:56
448,9,view,11/30/2025 6:24
448,50,view,11/30/2025 8:55
448,9,view,11/30/2025 11:10
448,9,click,11/30/2025 12:50
448,19,add_to_cart,11/30/2025 13:45
448,9,view,11/30/2025 15:36
448,19,add_to_cart,11/30/2025 17:22
448,19,purchase,11/30/2025 19:22
448,16,search,11/30/2025 20:59
448,9,view,11/30/2025 22:27
448,19,click,12/01/2025 0:56
448,46,search,12/01/2025 3:21
448,3,click,12/01/2025 3:55
448,43,view,12/01/2025 6:33
448,3,view,12/01/2025 9:05
448,46,add_to_cart,12/01/2025 11:07
448,7,click,12/01/2025 13:01
448,46,view,12/01/2025 15:50
448,46,click,12/01/2025 17:56
448,16,add_to_cart,12/01/2025 19:20
448,7,add_to_cart,12/01/2025 20:40
448,16,remove_cart,12/01/2025 21:12
448,28,search,12/01/2025 22:45
448,41,click,12/02/2025 1:25
448,46,add_to_cart,12/02/2025 2:43
448,46,update_quantity,12/02/2025 4:38
448,41,search,12/02/2025 7:18
448,45,search,12/02/2025 7:59
448,19,rate,12/02/2025 10:38
448,33,search,12/02/2025 10:53
448,41,add_to_cart,12/02/2025 11:46
448,33,view,12/02/2025 12:17
448,33,view,12/02/2025 12:25
448,33,view,12/02/2025 14:17
448,41,view,12/02/2025 15:50
448,43,view,12/02/2025 16:34
448,30,click,12/02/2025 19:10
448,12,search,12/02/2025 19:14
448,40,search,12/02/2025 20:59
448,49,view,12/02/2025 23:06
448,3,click,12/02/2025 23:11
448,19,click,12/03/2025 1:18
448,43,click,12/03/2025 4:13
448,44,click,12/03/2025 5:51
448,43,add_to_cart,12/03/2025 8:17
448,39,click,12/03/2025 10:51
448,39,view,12/03/2025 13:29
448,39,click,12/03/2025 13:50
448,44,click,12/03/2025 15:10
448,24,add_to_cart,12/03/2025 17:39
448,43,view,12/03/2025 17:53
448,43,view,12/03/2025 19:57
448,43,click,12/03/2025 22:14
448,50,view,12/03/2025 22:42
448,39,view,12/03/2025 23:21
448,39,click,12/03/2025 23:41
448,27,view,12/04/2025 1:30
448,48,search,12/04/2025 2:54
448,47,search,12/04/2025 5:47
448,30,view,12/04/2025 6:47
448,24,update_quantity,12/04/2025 8:59
448,27,add_to_cart,12/04/2025 9:12
449,2,add_to_cart,03/05/2026 2:41
449,2,view,03/05/2026 4:23
449,5,click,03/05/2026 4:37
449,49,search,03/05/2026 5:01
449,5,view,03/05/2026 6:59
449,2,view,03/05/2026 8:54
449,1,search,03/05/2026 9:31
449,1,view,03/05/2026 10:25
449,24,search,03/05/2026 12:21
449,5,view,03/05/2026 13:24
449,44,add_to_cart,03/05/2026 13:47
449,11,view,03/05/2026 14:00
449,2,view,03/05/2026 14:35
449,11,view,03/05/2026 15:42
449,1,click,03/05/2026 15:49
449,11,click,03/05/2026 18:43
449,2,view,03/05/2026 19:24
449,35,add_to_cart,03/05/2026 20:03
449,2,purchase,03/05/2026 20:05
449,2,rate,03/05/2026 22:07
449,2,click,03/06/2026 0:29
449,1,view,03/06/2026 2:18
449,2,view,03/06/2026 2:36
449,2,view,03/06/2026 3:54
449,5,search,03/06/2026 6:36
449,46,search,03/06/2026 8:23
449,5,view,03/06/2026 8:35
449,17,search,03/06/2026 10:31
449,50,click,03/06/2026 12:20
449,9,view,03/06/2026 14:22
449,1,view,03/06/2026 16:04
449,9,view,03/06/2026 17:18
449,9,view,03/06/2026 17:39
449,21,view,03/06/2026 19:24
449,15,search,03/06/2026 19:41
449,22,search,03/06/2026 22:06
449,32,view,03/07/2026 0:40
449,49,search,03/07/2026 2:09
449,16,click,03/07/2026 3:40
449,9,view,03/07/2026 4:29
449,24,view,03/07/2026 7:24
449,35,update_quantity,03/07/2026 10:24
449,44,purchase,03/07/2026 12:46
449,34,search,03/07/2026 14:21
449,31,click,03/07/2026 17:02
449,9,view,03/07/2026 18:56
449,9,click,03/07/2026 19:05
449,18,click,03/07/2026 21:29
449,44,add_to_cart,03/07/2026 22:37
449,23,search,03/08/2026 1:03
449,16,search,03/08/2026 1:43
449,44,remove_cart,03/08/2026 2:36
449,9,view,03/08/2026 5:26
449,21,view,03/08/2026 8:16
450,38,click,02/20/2026 10:59
450,35,search,02/20/2026 13:18
450,38,click,02/20/2026 15:13
450,29,add_to_cart,02/20/2026 15:34
450,36,view,02/20/2026 17:21
450,38,add_to_cart,02/20/2026 19:25
450,38,view,02/20/2026 20:59
450,35,add_to_cart,02/20/2026 23:42
450,37,search,02/21/2026 2:13
450,38,view,02/21/2026 5:07
450,38,add_to_cart,02/21/2026 6:48
450,29,update_quantity,02/21/2026 7:48
450,36,click,02/21/2026 10:23
450,48,search,02/21/2026 11:05
450,43,search,02/21/2026 13:07
450,38,purchase,02/21/2026 13:58
450,37,view,02/21/2026 15:55
450,33,search,02/21/2026 16:36
450,35,remove_cart,02/21/2026 18:06
450,48,view,02/21/2026 19:52
450,40,view,02/21/2026 22:05
450,41,search,02/21/2026 22:21
450,23,view,02/22/2026 0:58
450,17,view,02/22/2026 1:45
450,39,add_to_cart,02/22/2026 2:11
450,10,click,02/22/2026 4:11
450,13,search,02/22/2026 6:37
450,47,search,02/22/2026 8:55
450,13,add_to_cart,02/22/2026 9:12
450,29,purchase,02/22/2026 11:12
450,29,rate,02/22/2026 12:25
450,44,search,02/22/2026 14:42
450,29,view,02/22/2026 16:50
450,11,view,02/22/2026 19:38
450,25,search,02/22/2026 21:40
450,3,search,02/22/2026 23:29
450,31,search,02/23/2026 1:41
450,23,search,02/23/2026 4:26
450,29,view,02/23/2026 7:26
450,23,click,02/23/2026 8:38
450,19,view,02/23/2026 11:38
450,23,click,02/23/2026 11:46
450,23,view,02/23/2026 13:03
450,13,update_quantity,02/23/2026 13:25
450,23,view,02/23/2026 16:13
450,6,add_to_cart,02/23/2026 18:27
450,9,view,02/23/2026 21:19
450,19,add_to_cart,02/23/2026 23:40
450,39,view,02/24/2026 2:18
450,29,search,02/24/2026 3:41
450,6,remove_cart,02/24/2026 5:56
450,13,click,02/24/2026 7:11
451,29,add_to_cart,01/18/2026 21:41
451,29,view,01/18/2026 22:25
451,15,view,01/18/2026 22:47
451,15,view,01/19/2026 0:28
451,15,add_to_cart,01/19/2026 1:41
451,29,click,01/19/2026 3:13
451,24,search,01/19/2026 3:41
451,29,update_quantity,01/19/2026 4:15
451,29,click,01/19/2026 6:58
451,15,update_quantity,01/19/2026 7:55
451,15,remove_cart,01/19/2026 8:14
451,24,view,01/19/2026 11:03
451,24,view,01/19/2026 13:53
451,24,search,01/19/2026 16:06
451,29,remove_cart,01/19/2026 17:35
451,35,search,01/19/2026 20:04
451,47,click,01/19/2026 20:46
451,15,add_to_cart,01/19/2026 21:24
451,35,click,01/20/2026 0:13
451,15,remove_cart,01/20/2026 1:25
451,35,view,01/20/2026 2:40
451,15,click,01/20/2026 5:04
451,17,add_to_cart,01/20/2026 5:15
451,17,update_quantity,01/20/2026 7:12
451,48,search,01/20/2026 9:29
451,35,view,01/20/2026 9:53
451,32,search,01/20/2026 10:03
451,17,purchase,01/20/2026 11:25
451,17,view,01/20/2026 12:47
451,8,view,01/20/2026 15:42
451,30,search,01/20/2026 15:54
451,12,view,01/20/2026 16:34
451,8,view,01/20/2026 17:53
451,12,view,01/20/2026 20:24
451,8,click,01/20/2026 20:39
451,8,click,01/20/2026 23:40
451,34,click,01/21/2026 2:23
451,22,search,01/21/2026 2:54
451,12,click,01/21/2026 4:07
451,31,search,01/21/2026 5:05
451,8,click,01/21/2026 6:24
451,8,view,01/21/2026 8:20
451,8,click,01/21/2026 9:11
451,8,view,01/21/2026 10:59
451,6,search,01/21/2026 11:50
451,8,click,01/21/2026 13:43
451,25,click,01/21/2026 15:13
451,14,search,01/21/2026 17:32
451,8,add_to_cart,01/21/2026 18:17
451,48,search,01/21/2026 18:57
451,48,click,01/21/2026 19:55
452,33,view,03/09/2026 22:33
452,33,view,03/09/2026 22:36
452,27,view,03/09/2026 23:04
452,37,click,03/10/2026 1:18
452,9,search,03/10/2026 2:06
452,33,add_to_cart,03/10/2026 2:57
452,33,purchase,03/10/2026 3:23
452,50,click,03/10/2026 5:30
452,29,click,03/10/2026 5:43
452,32,add_to_cart,03/10/2026 6:23
452,32,update_quantity,03/10/2026 8:44
452,32,purchase,03/10/2026 10:31
452,7,click,03/10/2026 13:12
452,20,search,03/10/2026 16:01
452,32,view,03/10/2026 18:41
452,25,click,03/10/2026 18:48
452,32,view,03/10/2026 20:33
452,4,search,03/10/2026 22:39
452,32,add_to_cart,03/10/2026 23:50
452,18,search,03/11/2026 2:38
452,20,view,03/11/2026 5:00
452,20,view,03/11/2026 5:55
452,4,add_to_cart,03/11/2026 8:16
452,32,update_quantity,03/11/2026 10:26
452,4,add_to_cart,03/11/2026 11:40
452,20,click,03/11/2026 14:12
452,4,click,03/11/2026 14:58
452,32,remove_cart,03/11/2026 16:11
452,4,update_quantity,03/11/2026 16:24
452,10,search,03/11/2026 18:57
452,5,view,03/11/2026 20:32
452,4,add_to_cart,03/11/2026 23:19
452,21,search,03/12/2026 1:21
452,20,view,03/12/2026 3:45
452,27,add_to_cart,03/12/2026 4:43
452,27,update_quantity,03/12/2026 6:05
452,20,add_to_cart,03/12/2026 7:29
452,12,click,03/12/2026 10:28
452,4,purchase,03/12/2026 10:39
452,4,view,03/12/2026 13:22
452,4,add_to_cart,03/12/2026 16:02
452,27,update_quantity,03/12/2026 18:05
452,4,view,03/12/2026 19:48
452,4,purchase,03/12/2026 21:10
452,10,search,03/12/2026 22:02
452,17,search,03/12/2026 22:25
452,4,view,03/13/2026 1:24
452,7,search,03/13/2026 1:46
452,27,update_quantity,03/13/2026 4:19
452,27,update_quantity,03/13/2026 4:24
452,14,click,03/13/2026 4:37
452,17,add_to_cart,03/13/2026 4:40
452,33,view,03/13/2026 4:54
453,31,add_to_cart,02/12/2026 8:16
453,31,purchase,02/12/2026 9:55
453,16,search,02/12/2026 12:48
453,16,view,02/12/2026 15:30
453,31,click,02/12/2026 18:16
453,31,view,02/12/2026 19:45
453,47,search,02/12/2026 20:09
453,29,search,02/12/2026 20:14
453,50,add_to_cart,02/12/2026 20:23
453,49,add_to_cart,02/12/2026 20:56
453,50,click,02/12/2026 21:22
453,50,purchase,02/12/2026 23:41
453,49,purchase,02/12/2026 23:48
453,2,search,02/13/2026 1:21
453,2,view,02/13/2026 3:20
453,50,view,02/13/2026 3:34
453,13,search,02/13/2026 4:49
453,50,view,02/13/2026 6:57
453,28,search,02/13/2026 8:25
453,4,view,02/13/2026 9:50
453,13,search,02/13/2026 11:03
453,4,click,02/13/2026 11:40
453,50,view,02/13/2026 13:12
453,13,click,02/13/2026 13:18
453,13,view,02/13/2026 15:06
453,14,click,02/13/2026 16:58
453,49,search,02/13/2026 18:10
453,49,add_to_cart,02/13/2026 19:45
453,31,rate,02/13/2026 20:12
453,13,view,02/13/2026 21:42
453,31,click,02/13/2026 22:22
453,13,click,02/13/2026 23:08
453,20,search,02/14/2026 1:59
453,20,click,02/14/2026 2:20
453,31,view,02/14/2026 3:51
453,20,click,02/14/2026 5:13
453,39,view,02/14/2026 7:21
453,20,view,02/14/2026 7:58
453,49,update_quantity,02/14/2026 10:49
453,20,view,02/14/2026 12:21
453,49,purchase,02/14/2026 15:08
453,26,search,02/14/2026 17:11
453,26,search,02/14/2026 17:54
453,49,view,02/14/2026 20:08
453,40,add_to_cart,02/14/2026 21:09
453,5,click,02/14/2026 22:10
453,49,view,02/15/2026 0:19
453,41,view,02/15/2026 3:07
453,29,click,02/15/2026 4:28
453,26,click,02/15/2026 6:57
453,10,search,02/15/2026 8:29
453,26,click,02/15/2026 11:14
453,32,add_to_cart,02/15/2026 12:25
453,26,search,02/15/2026 14:44
453,47,view,02/15/2026 14:52
453,40,remove_cart,02/15/2026 17:06
453,32,update_quantity,02/15/2026 19:59
453,45,click,02/15/2026 20:53
453,26,click,02/15/2026 22:46
453,26,view,02/16/2026 1:33
453,33,click,02/16/2026 1:50
453,47,click,02/16/2026 3:27
453,47,add_to_cart,02/16/2026 6:15
453,26,view,02/16/2026 9:06
453,27,view,02/16/2026 10:36
453,26,view,02/16/2026 13:24
453,35,search,02/16/2026 16:24
454,47,click,02/10/2026 11:14
454,47,add_to_cart,02/10/2026 13:09
454,19,click,02/10/2026 16:07
454,46,view,02/10/2026 17:01
454,46,add_to_cart,02/10/2026 18:58
454,47,update_quantity,02/10/2026 19:57
454,19,view,02/10/2026 22:47
454,29,search,02/11/2026 0:15
454,46,add_to_cart,02/11/2026 2:38
454,47,purchase,02/11/2026 4:03
454,29,view,02/11/2026 4:07
454,32,view,02/11/2026 4:20
454,50,search,02/11/2026 5:32
454,47,add_to_cart,02/11/2026 8:08
454,47,click,02/11/2026 9:06
454,10,search,02/11/2026 9:32
454,50,search,02/11/2026 9:48
454,47,view,02/11/2026 12:06
454,46,update_quantity,02/11/2026 13:26
454,46,add_to_cart,02/11/2026 15:27
454,47,view,02/11/2026 18:13
454,47,click,02/11/2026 19:10
454,46,purchase,02/11/2026 19:21
454,47,rate,02/11/2026 21:38
454,47,click,02/12/2026 0:10
454,47,remove_cart,02/12/2026 1:03
454,39,search,02/12/2026 1:46
454,46,click,02/12/2026 3:22
454,6,view,02/12/2026 4:32
454,33,search,02/12/2026 5:32
454,47,click,02/12/2026 5:43
454,37,search,02/12/2026 7:27
454,29,search,02/12/2026 7:51
454,28,add_to_cart,02/12/2026 8:02
454,10,view,02/12/2026 10:00
454,28,purchase,02/12/2026 12:54
454,47,click,02/12/2026 15:53
454,26,search,02/12/2026 18:42
454,38,click,02/12/2026 20:52
454,30,click,02/12/2026 23:34
454,33,view,02/13/2026 1:37
454,30,click,02/13/2026 2:11
454,47,click,02/13/2026 3:53
454,19,click,02/13/2026 5:40
454,9,view,02/13/2026 7:45
454,5,search,02/13/2026 10:11
454,5,view,02/13/2026 11:03
454,5,click,02/13/2026 13:13
454,30,click,02/13/2026 14:47
454,3,add_to_cart,02/13/2026 15:17
454,35,view,02/13/2026 16:31
454,5,view,02/13/2026 19:25
454,5,add_to_cart,02/13/2026 21:57
454,10,add_to_cart,02/13/2026 23:20
454,11,add_to_cart,02/14/2026 1:45
454,5,click,02/14/2026 1:51
454,11,view,02/14/2026 4:21
454,13,view,02/14/2026 4:47
454,10,remove_cart,02/14/2026 5:36
454,39,view,02/14/2026 6:38
454,10,add_to_cart,02/14/2026 9:08
454,50,view,02/14/2026 9:34
454,10,view,02/14/2026 10:58
454,30,view,02/14/2026 12:43
454,10,view,02/14/2026 14:36
454,44,view,02/14/2026 15:29
454,44,click,02/14/2026 16:06
454,50,add_to_cart,02/14/2026 16:59
454,10,view,02/14/2026 18:57
454,10,add_to_cart,02/14/2026 19:19
454,44,view,02/14/2026 21:47
454,29,search,02/14/2026 23:00
454,44,click,02/14/2026 23:52
454,40,view,02/15/2026 2:22
454,10,view,02/15/2026 2:25
455,7,search,01/18/2026 5:32
455,7,click,01/18/2026 6:52
455,12,click,01/18/2026 7:50
455,12,add_to_cart,01/18/2026 8:45
455,47,view,01/18/2026 10:08
455,16,click,01/18/2026 10:14
455,26,click,01/18/2026 12:07
455,16,click,01/18/2026 14:00
455,12,remove_cart,01/18/2026 16:17
455,46,search,01/18/2026 18:42
455,16,view,01/18/2026 19:40
455,12,add_to_cart,01/18/2026 21:40
455,43,click,01/18/2026 23:46
455,7,search,01/19/2026 0:21
455,44,search,01/19/2026 2:10
455,12,view,01/19/2026 2:41
455,24,click,01/19/2026 4:06
455,18,search,01/19/2026 6:40
455,32,click,01/19/2026 6:51
455,45,search,01/19/2026 7:38
455,12,purchase,01/19/2026 8:16
455,6,click,01/19/2026 8:54
455,44,view,01/19/2026 11:41
455,22,view,01/19/2026 13:42
455,48,view,01/19/2026 15:53
455,12,click,01/19/2026 18:35
455,33,add_to_cart,01/19/2026 18:42
455,42,search,01/19/2026 19:23
455,12,view,01/19/2026 21:51
455,30,click,01/19/2026 23:43
455,44,add_to_cart,01/20/2026 0:59
455,33,update_quantity,01/20/2026 2:55
455,44,view,01/20/2026 3:41
455,12,click,01/20/2026 4:39
455,33,update_quantity,01/20/2026 5:04
455,10,view,01/20/2026 6:00
455,44,update_quantity,01/20/2026 7:24
455,38,search,01/20/2026 9:08
455,42,view,01/20/2026 10:18
455,33,update_quantity,01/20/2026 12:14
455,36,search,01/20/2026 12:59
455,38,click,01/20/2026 13:32
455,40,search,01/20/2026 15:16
455,4,view,01/20/2026 17:12
455,38,click,01/20/2026 19:02
455,36,view,01/20/2026 20:55
455,18,view,01/20/2026 21:54
455,44,update_quantity,01/20/2026 23:19
456,46,view,12/19/2025 9:34
456,27,add_to_cart,12/19/2025 11:58
456,17,search,12/19/2025 13:51
456,17,click,12/19/2025 15:11
456,27,update_quantity,12/19/2025 15:47
456,27,purchase,12/19/2025 18:20
456,17,view,12/19/2025 19:44
456,27,click,12/19/2025 21:23
456,27,add_to_cart,12/19/2025 22:37
456,27,view,12/19/2025 23:33
456,27,purchase,12/20/2025 2:23
456,17,click,12/20/2025 2:28
456,27,view,12/20/2025 2:36
456,27,click,12/20/2025 4:29
456,22,view,12/20/2025 6:55
456,27,add_to_cart,12/20/2025 9:17
456,45,search,12/20/2025 9:48
456,50,search,12/20/2025 11:03
456,3,search,12/20/2025 11:32
456,41,search,12/20/2025 14:09
456,11,click,12/20/2025 15:32
456,27,purchase,12/20/2025 16:04
456,45,add_to_cart,12/20/2025 18:03
456,45,remove_cart,12/20/2025 18:31
456,6,view,12/20/2025 18:40
456,7,search,12/20/2025 20:51
456,45,add_to_cart,12/20/2025 23:51
456,4,view,12/21/2025 2:10
456,4,view,12/21/2025 2:55
456,7,click,12/21/2025 5:00
456,24,search,12/21/2025 5:41
456,12,search,12/21/2025 7:01
456,18,view,12/21/2025 9:50
456,45,add_to_cart,12/21/2025 11:43
456,4,view,12/21/2025 14:14
456,45,view,12/21/2025 16:26
456,45,view,12/21/2025 17:49
456,4,click,12/21/2025 18:01
456,34,search,12/21/2025 20:48
456,45,purchase,12/21/2025 21:15
456,8,click,12/21/2025 22:56
456,8,click,12/21/2025 23:34
456,45,add_to_cart,12/22/2025 1:52
456,45,click,12/22/2025 3:34
456,17,view,12/22/2025 4:48
456,20,search,12/22/2025 5:18
456,8,view,12/22/2025 6:27
457,21,add_to_cart,03/04/2026 0:00
457,21,view,03/04/2026 2:49
457,21,view,03/04/2026 2:54
457,6,search,03/04/2026 3:25
457,3,view,03/04/2026 5:34
457,6,click,03/04/2026 6:07
457,21,add_to_cart,03/04/2026 7:13
457,21,view,03/04/2026 9:14
457,49,view,03/04/2026 9:18
457,6,click,03/04/2026 9:33
457,20,search,03/04/2026 10:58
457,3,view,03/04/2026 11:04
457,37,click,03/04/2026 11:24
457,21,remove_cart,03/04/2026 14:08
457,2,search,03/04/2026 16:47
457,6,view,03/04/2026 19:29
457,7,view,03/04/2026 20:15
457,28,search,03/04/2026 20:43
457,8,search,03/04/2026 23:31
457,21,view,03/05/2026 0:53
457,8,view,03/05/2026 2:01
457,5,add_to_cart,03/05/2026 3:40
457,6,add_to_cart,03/05/2026 4:17
457,28,view,03/05/2026 5:43
457,5,remove_cart,03/05/2026 6:37
457,21,view,03/05/2026 8:16
457,6,add_to_cart,03/05/2026 8:50
457,6,remove_cart,03/05/2026 11:11
457,21,click,03/05/2026 11:43
457,5,view,03/05/2026 12:28
457,21,click,03/05/2026 13:01
457,6,add_to_cart,03/05/2026 14:44
457,28,add_to_cart,03/05/2026 17:27
457,6,view,03/05/2026 19:20
457,6,view,03/05/2026 21:41
457,3,add_to_cart,03/05/2026 23:14
457,6,view,03/06/2026 1:15
457,5,add_to_cart,03/06/2026 1:52
457,28,update_quantity,03/06/2026 3:20
457,6,view,03/06/2026 3:36
457,5,remove_cart,03/06/2026 3:44
457,28,view,03/06/2026 4:56
457,4,click,03/06/2026 5:00
457,37,add_to_cart,03/06/2026 5:49
457,29,search,03/06/2026 7:46
457,31,click,03/06/2026 9:04
457,44,view,03/06/2026 10:50
457,37,update_quantity,03/06/2026 13:24
457,11,view,03/06/2026 13:58
457,8,click,03/06/2026 15:48
457,46,search,03/06/2026 18:03
457,47,click,03/06/2026 19:05
457,3,update_quantity,03/06/2026 21:40
457,8,view,03/06/2026 22:12
457,46,add_to_cart,03/06/2026 23:12
457,37,add_to_cart,03/07/2026 0:53
457,34,click,03/07/2026 2:28
457,8,view,03/07/2026 3:02
457,6,search,03/07/2026 5:47
458,39,view,03/08/2026 1:28
458,31,view,03/08/2026 2:21
458,39,view,03/08/2026 2:36
458,10,search,03/08/2026 2:45
458,10,click,03/08/2026 4:35
458,30,view,03/08/2026 4:54
458,31,view,03/08/2026 6:42
458,30,click,03/08/2026 8:22
458,48,add_to_cart,03/08/2026 9:28
458,30,add_to_cart,03/08/2026 12:25
458,48,remove_cart,03/08/2026 15:09
458,48,search,03/08/2026 17:15
458,30,purchase,03/08/2026 18:55
458,30,add_to_cart,03/08/2026 19:48
458,35,click,03/08/2026 22:00
458,48,click,03/09/2026 0:24
458,37,search,03/09/2026 2:14
458,35,click,03/09/2026 4:39
458,8,add_to_cart,03/09/2026 6:17
458,8,view,03/09/2026 7:03
458,8,purchase,03/09/2026 7:34
458,30,rate,03/09/2026 8:04
458,2,search,03/09/2026 8:30
458,2,view,03/09/2026 9:12
458,35,click,03/09/2026 9:34
458,8,view,03/09/2026 12:31
458,35,click,03/09/2026 15:23
458,2,add_to_cart,03/09/2026 15:37
458,2,click,03/09/2026 16:15
458,2,click,03/09/2026 16:27
458,8,view,03/09/2026 19:05
458,35,view,03/09/2026 20:55
458,2,search,03/09/2026 23:47
458,30,purchase,03/10/2026 1:06
458,44,search,03/10/2026 1:41
458,29,search,03/10/2026 3:03
458,41,view,03/10/2026 3:49
458,44,click,03/10/2026 5:51
458,2,click,03/10/2026 7:21
458,44,click,03/10/2026 9:20
458,2,click,03/10/2026 9:43
458,2,purchase,03/10/2026 12:05
458,5,click,03/10/2026 13:32
458,44,click,03/10/2026 16:11
458,23,search,03/10/2026 16:32
458,2,view,03/10/2026 19:10
458,2,view,03/10/2026 20:11
458,2,click,03/10/2026 22:00
458,43,view,03/11/2026 0:28
458,5,click,03/11/2026 1:11
458,31,click,03/11/2026 3:07
458,8,rate,03/11/2026 4:44
458,23,view,03/11/2026 6:56
458,21,search,03/11/2026 7:23
458,50,view,03/11/2026 8:35
458,2,add_to_cart,03/11/2026 11:01
458,8,add_to_cart,03/11/2026 11:13
458,50,click,03/11/2026 11:28
458,2,rate,03/11/2026 13:08
458,50,view,03/11/2026 15:17
458,28,search,03/11/2026 15:33
458,11,search,03/11/2026 17:16
458,28,view,03/11/2026 19:08
458,8,click,03/11/2026 19:34
458,2,view,03/11/2026 22:33
458,49,click,03/11/2026 22:52
458,29,add_to_cart,03/12/2026 0:24
458,29,remove_cart,03/12/2026 1:11
458,11,view,03/12/2026 3:20
458,2,update_quantity,03/12/2026 4:45
458,30,view,03/12/2026 7:25
458,8,add_to_cart,03/12/2026 10:07
458,49,view,03/12/2026 10:26
458,29,add_to_cart,03/12/2026 13:04
458,8,remove_cart,03/12/2026 15:45
458,29,remove_cart,03/12/2026 18:21
458,30,view,03/12/2026 20:16
458,29,view,03/12/2026 20:57
459,5,view,01/01/2026 2:04
459,37,add_to_cart,01/01/2026 4:13
459,37,add_to_cart,01/01/2026 5:24
459,37,purchase,01/01/2026 7:50
459,37,rate,01/01/2026 8:40
459,36,search,01/01/2026 11:39
459,37,view,01/01/2026 13:26
459,37,add_to_cart,01/01/2026 15:28
459,5,add_to_cart,01/01/2026 18:20
459,46,view,01/01/2026 21:21
459,37,click,01/01/2026 23:30
459,33,search,01/02/2026 0:25
459,25,add_to_cart,01/02/2026 1:50
459,36,view,01/02/2026 4:08
459,4,search,01/02/2026 4:14
459,9,click,01/02/2026 4:42
459,4,view,01/02/2026 5:49
459,4,add_to_cart,01/02/2026 6:48
459,36,view,01/02/2026 7:47
459,8,click,01/02/2026 8:50
459,21,add_to_cart,01/02/2026 10:08
459,14,add_to_cart,01/02/2026 13:09
459,4,click,01/02/2026 15:38
459,35,click,01/02/2026 17:54
459,14,remove_cart,01/02/2026 19:54
459,14,click,01/02/2026 20:26
459,21,click,01/02/2026 21:59
459,8,view,01/02/2026 22:26
459,14,view,01/03/2026 0:11
459,21,view,01/03/2026 1:36
459,21,view,01/03/2026 2:39
459,26,search,01/03/2026 2:50
459,8,click,01/03/2026 3:30
459,40,view,01/03/2026 4:04
459,7,search,01/03/2026 4:31
459,21,view,01/03/2026 6:26
459,40,view,01/03/2026 6:32
459,30,add_to_cart,01/03/2026 8:27
459,30,add_to_cart,01/03/2026 9:04
459,7,view,01/03/2026 11:47
460,21,search,01/30/2026 8:25
460,21,view,01/30/2026 9:24
460,40,view,01/30/2026 11:11
460,40,click,01/30/2026 11:14
460,1,search,01/30/2026 13:01
460,40,view,01/30/2026 13:06
460,6,add_to_cart,01/30/2026 14:07
460,46,search,01/30/2026 16:58
460,38,click,01/30/2026 19:35
460,6,remove_cart,01/30/2026 20:24
460,26,view,01/30/2026 21:41
460,5,search,01/31/2026 0:09
460,33,search,01/31/2026 2:16
460,21,search,01/31/2026 3:42
460,44,view,01/31/2026 5:01
460,21,add_to_cart,01/31/2026 5:33
460,5,search,01/31/2026 6:38
460,6,view,01/31/2026 8:25
460,45,search,01/31/2026 9:10
460,5,add_to_cart,01/31/2026 11:17
460,33,search,01/31/2026 14:13
460,21,view,01/31/2026 15:05
460,5,click,01/31/2026 17:37
460,33,view,01/31/2026 19:24
460,17,search,01/31/2026 22:22
460,33,view,01/31/2026 23:17
460,33,view,02/01/2026 0:23
460,37,search,02/01/2026 0:26
460,33,click,02/01/2026 3:27
460,5,view,02/01/2026 4:24
460,49,view,02/01/2026 5:33
460,2,search,02/01/2026 5:39
460,37,click,02/01/2026 5:58
460,49,view,02/01/2026 6:57
460,28,search,02/01/2026 7:39
460,21,click,02/01/2026 8:22
460,2,add_to_cart,02/01/2026 10:36
460,21,remove_cart,02/01/2026 13:37
460,42,add_to_cart,02/01/2026 14:20
460,3,search,02/01/2026 15:23
460,26,search,02/01/2026 16:53
460,42,view,02/01/2026 19:06
460,3,click,02/01/2026 19:36
460,3,view,02/01/2026 19:40
460,27,view,02/01/2026 21:58
460,2,remove_cart,02/01/2026 22:06
460,3,view,02/02/2026 1:03
460,3,view,02/02/2026 1:08
460,9,click,02/02/2026 1:55
460,2,view,02/02/2026 3:24
460,41,view,02/02/2026 6:09
460,14,search,02/02/2026 8:53
460,33,search,02/02/2026 11:39
460,42,update_quantity,02/02/2026 14:15
460,42,view,02/02/2026 15:51
460,33,view,02/02/2026 18:20
460,33,view,02/02/2026 21:08
460,41,add_to_cart,02/02/2026 23:16
460,42,purchase,02/03/2026 1:30
460,44,search,02/03/2026 3:53
460,5,update_quantity,02/03/2026 5:57
460,5,update_quantity,02/03/2026 7:50
460,33,view,02/03/2026 9:14
460,41,view,02/03/2026 11:28
460,13,click,02/03/2026 13:22
460,41,remove_cart,02/03/2026 14:24
460,33,view,02/03/2026 14:45
460,44,add_to_cart,02/03/2026 15:42
460,9,click,02/03/2026 16:26
461,27,search,03/01/2026 17:23
461,27,view,03/01/2026 17:49
461,27,view,03/01/2026 19:44
461,27,view,03/01/2026 22:13
461,37,search,03/01/2026 22:36
461,27,view,03/01/2026 23:01
461,29,click,03/02/2026 0:15
461,27,click,03/02/2026 2:26
461,8,click,03/02/2026 4:40
461,37,view,03/02/2026 6:49
461,11,search,03/02/2026 8:50
461,37,click,03/02/2026 9:37
461,9,search,03/02/2026 11:51
461,8,view,03/02/2026 14:07
461,16,search,03/02/2026 14:15
461,37,view,03/02/2026 16:36
461,37,view,03/02/2026 18:45
461,32,search,03/02/2026 20:08
461,9,click,03/02/2026 22:34
461,32,view,03/03/2026 0:19
461,41,search,03/03/2026 1:28
461,9,add_to_cart,03/03/2026 1:50
461,18,add_to_cart,03/03/2026 3:38
461,14,view,03/03/2026 3:50
461,20,add_to_cart,03/03/2026 5:45
461,20,remove_cart,03/03/2026 5:54
461,9,purchase,03/03/2026 6:34
461,21,view,03/03/2026 7:21
461,50,view,03/03/2026 7:49
461,14,click,03/03/2026 10:02
461,21,click,03/03/2026 12:34
461,1,view,03/03/2026 13:09
461,20,view,03/03/2026 13:27
461,25,view,03/03/2026 13:37
461,18,update_quantity,03/03/2026 13:57
461,12,add_to_cart,03/03/2026 16:23
461,14,click,03/03/2026 17:50
461,12,purchase,03/03/2026 19:14
461,29,search,03/03/2026 20:21
461,15,search,03/03/2026 22:53
461,28,view,03/04/2026 1:47
461,48,add_to_cart,03/04/2026 3:37
461,18,remove_cart,03/04/2026 5:02
461,18,view,03/04/2026 6:54
461,9,rate,03/04/2026 7:09
461,2,search,03/04/2026 8:21
461,15,view,03/04/2026 10:19
461,16,search,03/04/2026 13:14
461,48,view,03/04/2026 14:05
461,26,search,03/04/2026 16:44
461,18,click,03/04/2026 19:25
461,2,add_to_cart,03/04/2026 19:50
461,25,click,03/04/2026 22:24
461,20,view,03/05/2026 0:25
462,40,click,11/10/2025 17:32
462,18,click,11/10/2025 18:00
462,36,search,11/10/2025 20:16
462,44,add_to_cart,11/10/2025 22:16
462,44,purchase,11/11/2025 0:51
462,47,search,11/11/2025 3:27
462,9,search,11/11/2025 4:44
462,44,view,11/11/2025 5:15
462,40,click,11/11/2025 5:25
462,18,add_to_cart,11/11/2025 6:27
462,15,add_to_cart,11/11/2025 9:21
462,31,search,11/11/2025 10:19
462,44,view,11/11/2025 11:53
462,31,add_to_cart,11/11/2025 11:56
462,18,purchase,11/11/2025 13:30
462,44,view,11/11/2025 14:41
462,46,click,11/11/2025 16:12
462,26,search,11/11/2025 17:58
462,44,rate,11/11/2025 19:51
462,38,view,11/11/2025 20:37
462,5,search,11/11/2025 23:29
462,2,view,11/12/2025 0:52
462,15,purchase,11/12/2025 1:20
462,46,click,11/12/2025 3:41
462,31,remove_cart,11/12/2025 6:28
462,6,view,11/12/2025 6:57
462,2,add_to_cart,11/12/2025 8:51
462,37,add_to_cart,11/12/2025 10:48
462,6,view,11/12/2025 12:49
462,2,add_to_cart,11/12/2025 12:58
462,2,purchase,11/12/2025 15:22
462,43,search,11/12/2025 15:44
462,2,add_to_cart,11/12/2025 18:13
462,2,update_quantity,11/12/2025 20:28
462,2,update_quantity,11/12/2025 22:41
462,23,search,11/12/2025 22:46
463,10,search,02/04/2026 4:49
463,10,view,02/04/2026 6:35
463,9,click,02/04/2026 7:13
463,6,view,02/04/2026 7:42
463,9,add_to_cart,02/04/2026 9:17
463,9,purchase,02/04/2026 11:27
463,9,click,02/04/2026 11:37
463,40,search,02/04/2026 12:24
463,6,view,02/04/2026 13:54
463,9,view,02/04/2026 14:16
463,6,add_to_cart,02/04/2026 15:26
463,6,update_quantity,02/04/2026 17:20
463,12,search,02/04/2026 19:50
463,31,click,02/04/2026 21:32
463,9,rate,02/04/2026 22:34
463,6,view,02/04/2026 23:10
463,6,purchase,02/04/2026 23:12
463,6,view,02/05/2026 2:04
463,43,click,02/05/2026 4:11
463,6,click,02/05/2026 6:21
463,21,search,02/05/2026 6:43
463,2,view,02/05/2026 6:46
463,13,search,02/05/2026 9:38
463,6,rate,02/05/2026 12:15
463,30,search,02/05/2026 13:38
463,38,search,02/05/2026 16:11
463,21,add_to_cart,02/05/2026 17:22
463,21,purchase,02/05/2026 18:15
463,11,search,02/05/2026 20:01
463,21,click,02/05/2026 20:52
463,21,click,02/05/2026 21:08
463,38,click,02/05/2026 22:04
463,11,click,02/06/2026 0:44
463,21,view,02/06/2026 1:38
463,30,add_to_cart,02/06/2026 2:57
464,17,view,12/25/2025 12:43
464,17,add_to_cart,12/25/2025 12:48
464,17,view,12/25/2025 15:47
464,1,view,12/25/2025 15:50
464,42,add_to_cart,12/25/2025 18:14
464,17,update_quantity,12/25/2025 20:18
464,17,view,12/25/2025 21:53
464,26,search,12/25/2025 22:14
464,26,view,12/25/2025 22:23
464,17,add_to_cart,12/26/2025 0:00
464,42,update_quantity,12/26/2025 2:22
464,17,view,12/26/2025 3:25
464,46,view,12/26/2025 5:33
464,46,search,12/26/2025 6:04
464,47,click,12/26/2025 6:59
464,17,update_quantity,12/26/2025 7:44
464,26,search,12/26/2025 10:24
464,42,search,12/26/2025 12:32
464,42,view,12/26/2025 14:15
464,42,update_quantity,12/26/2025 14:43
464,15,search,12/26/2025 14:47
464,42,remove_cart,12/26/2025 15:09
464,22,search,12/26/2025 17:19
464,42,view,12/26/2025 19:14
464,14,search,12/26/2025 19:27
464,38,click,12/26/2025 22:09
464,38,add_to_cart,12/27/2025 0:11
464,38,click,12/27/2025 1:52
464,38,remove_cart,12/27/2025 4:10
464,17,update_quantity,12/27/2025 5:27
464,13,search,12/27/2025 7:25
464,2,search,12/27/2025 8:41
464,17,purchase,12/27/2025 8:56
464,2,search,12/27/2025 10:37
464,17,rate,12/27/2025 10:44
464,39,search,12/27/2025 12:26
464,35,add_to_cart,12/27/2025 12:47
464,5,click,12/27/2025 14:20
464,14,search,12/27/2025 16:51
464,14,click,12/27/2025 19:23
464,48,add_to_cart,12/27/2025 22:14
464,40,click,12/27/2025 22:30
464,26,view,12/28/2025 0:57
464,14,view,12/28/2025 1:34
464,22,search,12/28/2025 2:16
464,14,add_to_cart,12/28/2025 3:22
464,26,click,12/28/2025 5:58
464,26,click,12/28/2025 8:13
464,4,view,12/28/2025 8:18
464,26,click,12/28/2025 9:14
464,36,search,12/28/2025 10:53
464,18,search,12/28/2025 13:36
464,35,purchase,12/28/2025 16:06
464,4,view,12/28/2025 18:24
464,10,view,12/28/2025 21:12
464,33,view,12/28/2025 21:33
464,32,view,12/29/2025 0:17
464,48,update_quantity,12/29/2025 0:59
464,14,update_quantity,12/29/2025 3:02
464,32,click,12/29/2025 4:13
464,14,remove_cart,12/29/2025 5:08
465,37,add_to_cart,12/31/2025 14:03
465,35,click,12/31/2025 16:59
465,37,purchase,12/31/2025 17:58
465,37,rate,12/31/2025 19:05
465,35,view,12/31/2025 21:06
465,35,add_to_cart,12/31/2025 23:04
465,37,view,01/01/2026 1:11
465,12,click,01/01/2026 2:04
465,37,view,01/01/2026 3:53
465,10,click,01/01/2026 6:53
465,35,view,01/01/2026 7:59
465,19,view,01/01/2026 8:26
465,12,search,01/01/2026 10:01
465,35,purchase,01/01/2026 10:58
465,49,click,01/01/2026 13:40
465,14,search,01/01/2026 14:21
465,48,add_to_cart,01/01/2026 16:08
465,19,view,01/01/2026 18:29
465,35,click,01/01/2026 21:14
465,19,click,01/01/2026 21:42
465,12,view,01/02/2026 0:32
465,48,click,01/02/2026 2:23
465,38,view,01/02/2026 3:33
465,19,view,01/02/2026 6:07
465,19,view,01/02/2026 8:54
465,19,view,01/02/2026 11:03
465,48,add_to_cart,01/02/2026 11:44
465,48,click,01/02/2026 13:12
465,28,click,01/02/2026 13:27
465,38,add_to_cart,01/02/2026 14:11
465,35,search,01/02/2026 14:23
465,38,remove_cart,01/02/2026 15:39
465,8,search,01/02/2026 18:03
465,48,purchase,01/02/2026 18:57
465,48,view,01/02/2026 21:40
465,42,search,01/02/2026 21:47
465,42,click,01/03/2026 0:31
465,38,add_to_cart,01/03/2026 1:40
465,42,view,01/03/2026 3:27
465,32,click,01/03/2026 4:14
465,38,update_quantity,01/03/2026 6:01
465,38,purchase,01/03/2026 6:12
465,35,rate,01/03/2026 7:10
465,42,view,01/03/2026 9:38
465,13,view,01/03/2026 11:12
465,38,click,01/03/2026 11:38
465,38,click,01/03/2026 13:54
465,29,click,01/03/2026 14:39
465,38,view,01/03/2026 17:04
465,35,click,01/03/2026 18:38
465,45,search,01/03/2026 18:42
465,40,search,01/03/2026 19:59
465,2,click,01/03/2026 21:48
465,40,view,01/04/2026 0:43
465,38,view,01/04/2026 3:05
465,38,add_to_cart,01/04/2026 5:18
465,38,update_quantity,01/04/2026 5:23
465,19,search,01/04/2026 5:37
465,50,add_to_cart,01/04/2026 6:40
465,2,click,01/04/2026 7:10
465,40,view,01/04/2026 9:48
465,38,update_quantity,01/04/2026 10:06
465,38,add_to_cart,01/04/2026 12:10
465,9,click,01/04/2026 15:11
465,38,add_to_cart,01/04/2026 15:19
465,38,click,01/04/2026 16:26
465,32,view,01/04/2026 17:47
465,13,view,01/04/2026 18:54
465,48,rate,01/04/2026 20:40
465,27,click,01/04/2026 23:09
466,1,search,01/26/2026 16:44
466,13,add_to_cart,01/26/2026 17:02
466,37,add_to_cart,01/26/2026 18:49
466,12,click,01/26/2026 19:55
466,47,add_to_cart,01/26/2026 20:37
466,13,view,01/26/2026 23:38
466,37,click,01/27/2026 2:24
466,1,add_to_cart,01/27/2026 5:08
466,1,click,01/27/2026 6:50
466,13,click,01/27/2026 8:46
466,21,search,01/27/2026 9:27
466,1,remove_cart,01/27/2026 9:34
466,1,view,01/27/2026 10:52
466,37,update_quantity,01/27/2026 13:02
466,35,click,01/27/2026 15:36
466,2,search,01/27/2026 16:25
466,13,remove_cart,01/27/2026 17:43
466,47,remove_cart,01/27/2026 19:27
466,47,add_to_cart,01/27/2026 21:13
466,47,update_quantity,01/27/2026 23:54
466,36,view,01/28/2026 2:11
466,2,add_to_cart,01/28/2026 4:58
466,47,view,01/28/2026 6:47
466,32,view,01/28/2026 8:17
466,47,click,01/28/2026 9:40
466,47,view,01/28/2026 11:43
466,47,view,01/28/2026 12:31
466,47,add_to_cart,01/28/2026 13:37
466,47,remove_cart,01/28/2026 15:27
466,47,click,01/28/2026 16:33
466,37,purchase,01/28/2026 18:38
466,37,rate,01/28/2026 20:50
466,47,view,01/28/2026 22:37
466,18,search,01/29/2026 0:49
466,50,view,01/29/2026 2:47
466,2,remove_cart,01/29/2026 3:12
466,50,view,01/29/2026 3:50
466,50,add_to_cart,01/29/2026 5:02
466,47,view,01/29/2026 6:19
466,2,view,01/29/2026 8:34
466,29,add_to_cart,01/29/2026 10:07
466,29,purchase,01/29/2026 12:32
466,32,view,01/29/2026 14:59
466,50,purchase,01/29/2026 17:16
466,29,view,01/29/2026 18:12
466,2,click,01/29/2026 19:43
466,29,view,01/29/2026 21:04
466,12,search,01/29/2026 21:40
466,32,click,01/29/2026 22:53
466,32,view,01/30/2026 1:38
466,32,add_to_cart,01/30/2026 3:01
466,25,search,01/30/2026 5:20
466,32,update_quantity,01/30/2026 6:08
466,32,click,01/30/2026 7:40
466,41,search,01/30/2026 7:57
467,2,click,02/27/2026 14:13
467,2,view,02/27/2026 14:31
467,13,search,02/27/2026 14:52
467,13,click,02/27/2026 15:38
467,13,click,02/27/2026 15:58
467,2,view,02/27/2026 18:10
467,13,view,02/27/2026 18:51
467,3,click,02/27/2026 21:49
467,1,view,02/27/2026 22:13
467,13,view,02/28/2026 0:37
467,24,view,02/28/2026 1:04
467,24,view,02/28/2026 1:14
467,24,view,02/28/2026 4:04
467,2,click,02/28/2026 5:50
467,14,click,02/28/2026 8:25
467,14,view,02/28/2026 10:32
467,39,view,02/28/2026 13:28
467,32,view,02/28/2026 15:32
467,48,view,02/28/2026 17:47
467,39,view,02/28/2026 19:16
467,42,view,02/28/2026 21:31
467,14,add_to_cart,03/01/2026 0:07
467,30,click,03/01/2026 2:35
467,14,view,03/01/2026 4:02
467,14,remove_cart,03/01/2026 5:12
467,34,add_to_cart,03/01/2026 5:53
467,34,remove_cart,03/01/2026 5:57
467,34,click,03/01/2026 7:50
467,34,view,03/01/2026 8:08
467,34,view,03/01/2026 9:29
467,34,add_to_cart,03/01/2026 10:00
467,14,click,03/01/2026 10:53
467,34,view,03/01/2026 12:13
467,34,update_quantity,03/01/2026 12:22
467,34,update_quantity,03/01/2026 13:09
467,43,view,03/01/2026 13:24
467,34,purchase,03/01/2026 13:51
467,42,search,03/01/2026 15:38
467,32,click,03/01/2026 18:16
467,34,rate,03/01/2026 20:52
467,34,view,03/01/2026 21:21
467,34,view,03/01/2026 21:33
467,16,click,03/01/2026 21:58
467,32,click,03/02/2026 0:50
467,2,click,03/02/2026 3:35
467,32,view,03/02/2026 5:28
467,34,click,03/02/2026 6:54
467,48,view,03/02/2026 8:08
467,32,add_to_cart,03/02/2026 10:53
467,34,view,03/02/2026 13:48
467,4,search,03/02/2026 16:34
467,32,purchase,03/02/2026 18:58
467,4,view,03/02/2026 21:47
467,32,click,03/02/2026 23:50
467,9,view,03/03/2026 0:10
467,6,view,03/03/2026 0:17
467,27,search,03/03/2026 3:13
467,29,click,03/03/2026 4:55
467,6,click,03/03/2026 7:32
467,6,click,03/03/2026 9:06
467,35,add_to_cart,03/03/2026 11:24
467,35,view,03/03/2026 12:36
467,6,view,03/03/2026 13:43
468,22,view,01/30/2026 20:53
468,44,view,01/30/2026 22:14
468,20,click,01/30/2026 23:58
468,16,click,01/31/2026 1:45
468,20,view,01/31/2026 4:40
468,34,view,01/31/2026 6:30
468,21,search,01/31/2026 8:22
468,26,click,01/31/2026 8:58
468,17,search,01/31/2026 10:56
468,16,view,01/31/2026 12:52
468,22,click,01/31/2026 13:36
468,26,add_to_cart,01/31/2026 14:09
468,35,view,01/31/2026 14:49
468,38,view,01/31/2026 15:42
468,50,view,01/31/2026 18:05
468,4,search,01/31/2026 20:44
468,50,view,01/31/2026 23:08
468,35,click,02/01/2026 0:54
468,26,update_quantity,02/01/2026 3:40
468,4,view,02/01/2026 6:32
468,35,click,02/01/2026 7:57
468,38,add_to_cart,02/01/2026 9:45
468,34,click,02/01/2026 12:42
468,48,click,02/01/2026 13:06
468,45,search,02/01/2026 14:02
468,38,click,02/01/2026 15:07
468,48,click,02/01/2026 16:25
468,35,view,02/01/2026 18:02
468,35,view,02/01/2026 19:05
468,48,add_to_cart,02/01/2026 19:34
468,5,search,02/01/2026 22:15
468,45,click,02/02/2026 0:08
468,32,add_to_cart,02/02/2026 2:40
468,16,view,02/02/2026 5:31
468,38,purchase,02/02/2026 7:42
468,32,add_to_cart,02/02/2026 9:16
468,45,view,02/02/2026 10:59
468,48,purchase,02/02/2026 12:19
468,38,click,02/02/2026 14:07
468,38,rate,02/02/2026 14:59
468,35,click,02/02/2026 15:54
468,1,search,02/02/2026 17:21
468,39,search,02/02/2026 20:04
468,1,view,02/02/2026 21:20
468,48,rate,02/02/2026 21:27
468,38,add_to_cart,02/02/2026 23:29
468,28,view,02/03/2026 0:28
468,39,view,02/03/2026 1:26
468,38,add_to_cart,02/03/2026 3:16
468,39,click,02/03/2026 5:20
468,38,remove_cart,02/03/2026 7:45
468,9,view,02/03/2026 8:09
468,26,view,02/03/2026 9:52
468,31,view,02/03/2026 11:02
468,24,add_to_cart,02/03/2026 12:40
468,43,add_to_cart,02/03/2026 14:31
468,26,click,02/03/2026 14:34
468,47,click,02/03/2026 15:27
468,28,view,02/03/2026 17:00
468,24,remove_cart,02/03/2026 18:52
468,11,view,02/03/2026 21:32
468,26,purchase,02/03/2026 21:43
468,24,click,02/03/2026 22:41
468,15,click,02/04/2026 1:00
468,47,add_to_cart,02/04/2026 1:57
468,1,search,02/04/2026 3:15
468,24,view,02/04/2026 5:33
468,32,purchase,02/04/2026 6:48
469,20,view,12/03/2025 19:01
469,19,click,12/03/2025 19:25
469,20,add_to_cart,12/03/2025 22:01
469,20,click,12/03/2025 23:20
469,20,view,12/03/2025 23:27
469,48,click,12/04/2025 0:30
469,8,view,12/04/2025 0:43
469,43,click,12/04/2025 1:47
469,20,purchase,12/04/2025 2:07
469,12,search,12/04/2025 2:50
469,20,add_to_cart,12/04/2025 4:26
469,35,search,12/04/2025 4:45
469,11,click,12/04/2025 6:08
469,20,click,12/04/2025 8:56
469,5,add_to_cart,12/04/2025 9:50
469,23,click,12/04/2025 11:38
469,20,view,12/04/2025 13:34
469,20,view,12/04/2025 13:40
469,11,add_to_cart,12/04/2025 15:08
469,20,view,12/04/2025 16:28
469,43,search,12/04/2025 18:48
469,11,view,12/04/2025 21:12
469,8,search,12/04/2025 22:48
469,4,view,12/04/2025 22:53
469,13,view,12/05/2025 0:44
469,43,add_to_cart,12/05/2025 2:25
469,11,click,12/05/2025 4:38
469,11,update_quantity,12/05/2025 6:16
469,11,view,12/05/2025 6:18
469,43,purchase,12/05/2025 9:11
469,4,add_to_cart,12/05/2025 10:55
469,9,search,12/05/2025 12:53
469,4,view,12/05/2025 14:11
469,11,remove_cart,12/05/2025 15:30
469,2,search,12/05/2025 17:40
469,5,purchase,12/05/2025 20:03
469,33,search,12/05/2025 21:57
469,33,view,12/05/2025 23:05
469,2,click,12/05/2025 23:34
469,8,view,12/06/2025 1:03
469,33,add_to_cart,12/06/2025 1:56
469,2,view,12/06/2025 4:17
469,33,add_to_cart,12/06/2025 5:36
469,18,view,12/06/2025 7:11
470,24,view,12/04/2025 0:25
470,18,view,12/04/2025 2:51
470,1,click,12/04/2025 3:01
470,1,click,12/04/2025 3:25
470,1,view,12/04/2025 4:25
470,14,search,12/04/2025 7:12
470,14,click,12/04/2025 9:39
470,14,view,12/04/2025 10:59
470,14,add_to_cart,12/04/2025 13:24
470,14,purchase,12/04/2025 14:06
470,14,rate,12/04/2025 17:04
470,14,add_to_cart,12/04/2025 19:48
470,44,view,12/04/2025 19:56
470,14,purchase,12/04/2025 21:51
470,10,search,12/04/2025 22:42
470,41,view,12/05/2025 1:34
470,14,add_to_cart,12/05/2025 2:08
470,44,view,12/05/2025 2:58
470,14,update_quantity,12/05/2025 5:38
470,37,click,12/05/2025 7:51
470,23,add_to_cart,12/05/2025 8:39
470,15,search,12/05/2025 10:02
470,15,view,12/05/2025 11:34
470,14,view,12/05/2025 11:54
470,14,view,12/05/2025 12:54
470,38,click,12/05/2025 14:43
470,14,click,12/05/2025 16:08
470,17,search,12/05/2025 16:22
470,22,click,12/05/2025 17:41
470,16,click,12/05/2025 19:32
470,14,view,12/05/2025 20:33
470,14,view,12/05/2025 21:49
470,14,purchase,12/06/2025 0:37
470,14,click,12/06/2025 2:21
470,1,click,12/06/2025 3:22
470,32,view,12/06/2025 5:46
470,16,click,12/06/2025 7:55
470,1,add_to_cart,12/06/2025 8:06
470,14,view,12/06/2025 9:32
470,2,view,12/06/2025 10:40
470,10,view,12/06/2025 11:21
470,12,view,12/06/2025 11:42
470,12,click,12/06/2025 14:13
470,22,search,12/06/2025 16:30
470,23,update_quantity,12/06/2025 17:23
470,36,search,12/06/2025 17:46
470,36,view,12/06/2025 20:45
470,9,view,12/06/2025 23:35
470,18,search,12/07/2025 2:25
470,1,remove_cart,12/07/2025 2:55
470,36,click,12/07/2025 4:11
470,36,view,12/07/2025 7:03
470,9,view,12/07/2025 7:39
470,18,view,12/07/2025 9:05
470,36,add_to_cart,12/07/2025 10:14
470,21,view,12/07/2025 10:40
470,4,search,12/07/2025 13:37
470,3,search,12/07/2025 15:27
470,3,view,12/07/2025 18:14
470,23,update_quantity,12/07/2025 18:20
470,3,click,12/07/2025 18:28
470,13,search,12/07/2025 18:46
470,7,search,12/07/2025 20:39
470,13,click,12/07/2025 21:46
470,3,view,12/08/2025 0:26
470,33,click,12/08/2025 1:26
470,36,update_quantity,12/08/2025 3:40
471,30,click,12/11/2025 0:35
471,30,add_to_cart,12/11/2025 3:27
471,6,search,12/11/2025 4:13
471,21,view,12/11/2025 5:48
471,30,purchase,12/11/2025 6:30
471,20,add_to_cart,12/11/2025 7:14
471,30,view,12/11/2025 7:49
471,20,purchase,12/11/2025 9:06
471,20,add_to_cart,12/11/2025 11:28
471,20,purchase,12/11/2025 14:11
471,20,view,12/11/2025 14:42
471,21,click,12/11/2025 16:05
471,30,add_to_cart,12/11/2025 17:45
471,30,view,12/11/2025 19:44
471,20,add_to_cart,12/11/2025 20:27
471,20,add_to_cart,12/11/2025 20:30
471,30,rate,12/11/2025 21:40
471,46,search,12/12/2025 0:26
471,20,add_to_cart,12/12/2025 2:00
471,20,purchase,12/12/2025 3:35
471,20,add_to_cart,12/12/2025 5:27
471,20,click,12/12/2025 7:19
471,20,add_to_cart,12/12/2025 7:23
471,5,view,12/12/2025 9:54
471,20,click,12/12/2025 10:30
471,18,click,12/12/2025 11:36
471,18,click,12/12/2025 12:27
471,40,view,12/12/2025 12:57
471,18,add_to_cart,12/12/2025 15:41
471,37,add_to_cart,12/12/2025 16:14
471,21,search,12/12/2025 18:09
471,37,click,12/12/2025 20:57
471,18,add_to_cart,12/12/2025 22:24
471,40,add_to_cart,12/13/2025 1:12
471,20,rate,12/13/2025 1:19
471,40,add_to_cart,12/13/2025 4:10
471,40,view,12/13/2025 6:27
471,40,click,12/13/2025 7:27
471,40,view,12/13/2025 8:13
471,30,update_quantity,12/13/2025 9:01
471,40,add_to_cart,12/13/2025 10:24
471,40,view,12/13/2025 10:26
471,34,search,12/13/2025 12:40
471,30,view,12/13/2025 14:33
471,30,click,12/13/2025 17:14
471,30,purchase,12/13/2025 19:15
471,9,search,12/13/2025 22:02
471,40,click,12/14/2025 0:33
471,27,add_to_cart,12/14/2025 2:45
471,20,update_quantity,12/14/2025 4:07
471,30,click,12/14/2025 6:12
471,27,update_quantity,12/14/2025 8:14
471,27,view,12/14/2025 10:31
471,20,add_to_cart,12/14/2025 10:52
471,40,click,12/14/2025 12:03
471,4,search,12/14/2025 13:45
471,4,view,12/14/2025 14:32
471,20,add_to_cart,12/14/2025 16:37
471,40,add_to_cart,12/14/2025 19:26
471,20,add_to_cart,12/14/2025 21:13
471,15,search,12/14/2025 22:15
471,32,view,12/15/2025 0:46
471,4,view,12/15/2025 3:35
471,23,view,12/15/2025 4:19
471,23,add_to_cart,12/15/2025 4:52
471,27,update_quantity,12/15/2025 5:06
471,15,view,12/15/2025 6:01
471,34,search,12/15/2025 7:22
471,26,search,12/15/2025 9:36
471,27,view,12/15/2025 12:06
471,23,click,12/15/2025 13:03
471,23,click,12/15/2025 13:24
471,37,update_quantity,12/15/2025 15:58
471,27,purchase,12/15/2025 17:25
471,27,rate,12/15/2025 17:47
471,28,search,12/15/2025 18:21
471,27,search,12/15/2025 20:38
472,32,search,12/21/2025 12:12
472,32,view,12/21/2025 14:33
472,32,view,12/21/2025 14:44
472,32,add_to_cart,12/21/2025 14:51
472,15,click,12/21/2025 16:58
472,32,view,12/21/2025 19:26
472,13,search,12/21/2025 22:07
472,32,remove_cart,12/22/2025 0:35
472,32,add_to_cart,12/22/2025 2:33
472,5,view,12/22/2025 2:53
472,32,purchase,12/22/2025 5:17
472,31,click,12/22/2025 7:46
472,10,view,12/22/2025 8:47
472,8,search,12/22/2025 9:36
472,40,view,12/22/2025 12:24
472,37,view,12/22/2025 14:04
472,32,click,12/22/2025 15:06
472,2,click,12/22/2025 15:56
472,32,view,12/22/2025 18:21
472,39,click,12/22/2025 19:11
472,8,view,12/22/2025 20:31
472,48,click,12/22/2025 21:03
472,18,view,12/22/2025 22:37
472,49,search,12/23/2025 1:12
472,32,rate,12/23/2025 3:33
472,49,view,12/23/2025 6:11
472,45,click,12/23/2025 9:06
472,32,view,12/23/2025 11:24
472,49,click,12/23/2025 13:01
472,49,view,12/23/2025 13:31
472,45,click,12/23/2025 13:50
472,49,view,12/23/2025 15:40
472,17,search,12/23/2025 17:45
472,17,click,12/23/2025 17:48
472,36,search,12/23/2025 19:31
472,36,view,12/23/2025 22:09
472,23,click,12/24/2025 0:37
472,45,view,12/24/2025 0:39
472,37,search,12/24/2025 1:33
472,36,view,12/24/2025 2:32
472,23,view,12/24/2025 5:27
472,23,click,12/24/2025 6:42
472,50,add_to_cart,12/24/2025 6:56
472,5,view,12/24/2025 8:42
472,5,click,12/24/2025 11:14
472,50,purchase,12/24/2025 11:31
472,12,add_to_cart,12/24/2025 12:47
473,25,search,02/06/2026 0:16
473,32,view,02/06/2026 0:36
473,32,click,02/06/2026 1:39
473,25,click,02/06/2026 3:03
473,32,view,02/06/2026 3:51
473,4,add_to_cart,02/06/2026 5:45
473,32,view,02/06/2026 7:46
473,4,update_quantity,02/06/2026 7:50
473,26,add_to_cart,02/06/2026 9:35
473,32,click,02/06/2026 10:47
473,26,remove_cart,02/06/2026 12:40
473,11,click,02/06/2026 14:45
473,32,click,02/06/2026 16:04
473,4,update_quantity,02/06/2026 18:04
473,26,click,02/06/2026 20:44
473,4,remove_cart,02/06/2026 20:46
473,33,add_to_cart,02/06/2026 23:06
473,26,click,02/07/2026 1:40
473,22,view,02/07/2026 2:22
473,4,view,02/07/2026 4:07
473,4,click,02/07/2026 5:51
473,39,view,02/07/2026 7:57
473,33,update_quantity,02/07/2026 8:46
473,42,search,02/07/2026 11:31
473,24,click,02/07/2026 13:13
473,33,add_to_cart,02/07/2026 15:30
473,33,remove_cart,02/07/2026 17:33
473,25,click,02/07/2026 18:07
473,25,view,02/07/2026 21:02
473,17,click,02/07/2026 21:45
473,33,view,02/07/2026 22:58
473,25,click,02/07/2026 23:11
473,20,search,02/08/2026 1:21
473,24,search,02/08/2026 2:26
473,33,view,02/08/2026 4:19
473,33,view,02/08/2026 6:45
473,25,add_to_cart,02/08/2026 8:45
473,19,view,02/08/2026 10:06
473,13,search,02/08/2026 10:32
473,20,view,02/08/2026 12:47
473,33,click,02/08/2026 12:49
473,25,purchase,02/08/2026 15:49
473,33,view,02/08/2026 17:07
473,10,search,02/08/2026 19:58
473,19,add_to_cart,02/08/2026 20:31
473,25,add_to_cart,02/08/2026 21:26
473,10,add_to_cart,02/08/2026 21:50
473,25,purchase,02/08/2026 23:18
473,33,click,02/08/2026 23:35
473,48,click,02/08/2026 23:42
473,33,click,02/09/2026 1:22
473,10,purchase,02/09/2026 3:29
473,19,update_quantity,02/09/2026 3:35
473,47,search,02/09/2026 4:32
473,43,add_to_cart,02/09/2026 5:57
473,48,add_to_cart,02/09/2026 7:56
473,35,view,02/09/2026 8:59
474,13,view,01/22/2026 13:48
474,19,click,01/22/2026 14:09
474,34,add_to_cart,01/22/2026 14:23
474,42,search,01/22/2026 16:38
474,13,add_to_cart,01/22/2026 17:49
474,13,add_to_cart,01/22/2026 19:03
474,13,add_to_cart,01/22/2026 19:49
474,13,view,01/22/2026 21:46
474,24,click,01/23/2026 0:14
474,34,purchase,01/23/2026 1:54
474,34,rate,01/23/2026 3:34
474,13,remove_cart,01/23/2026 3:42
474,13,click,01/23/2026 4:45
474,30,click,01/23/2026 7:04
474,13,click,01/23/2026 7:09
474,34,view,01/23/2026 8:18
474,35,add_to_cart,01/23/2026 8:37
474,27,click,01/23/2026 9:16
474,13,view,01/23/2026 10:33
474,34,click,01/23/2026 10:48
474,28,search,01/23/2026 10:52
474,13,add_to_cart,01/23/2026 12:05
474,13,purchase,01/23/2026 13:21
474,42,search,01/23/2026 14:08
474,45,view,01/23/2026 14:26
474,1,search,01/23/2026 16:27
474,13,rate,01/23/2026 18:36
474,31,search,01/23/2026 20:23
474,12,view,01/23/2026 23:04
474,28,view,01/24/2026 1:46
474,13,click,01/24/2026 4:40
474,16,add_to_cart,01/24/2026 7:11
474,16,purchase,01/24/2026 7:40
474,35,update_quantity,01/24/2026 10:23
474,8,view,01/24/2026 13:14
474,8,add_to_cart,01/24/2026 14:28
474,36,add_to_cart,01/24/2026 15:06
474,8,update_quantity,01/24/2026 16:21
474,36,update_quantity,01/24/2026 18:04
474,43,click,01/24/2026 18:23
474,19,click,01/24/2026 18:58
474,35,search,01/24/2026 20:18
474,36,click,01/24/2026 21:25
474,8,click,01/24/2026 23:49
474,8,update_quantity,01/25/2026 0:30
474,35,remove_cart,01/25/2026 0:47
474,36,view,01/25/2026 3:25
474,47,view,01/25/2026 6:14
474,39,search,01/25/2026 8:40
474,4,search,01/25/2026 9:20
474,36,click,01/25/2026 9:52
474,8,add_to_cart,01/25/2026 11:42
474,8,click,01/25/2026 12:41
474,50,search,01/25/2026 14:41
474,34,search,01/25/2026 14:55
474,4,click,01/25/2026 17:15
475,38,search,11/18/2025 8:48
475,1,search,11/18/2025 10:17
475,22,search,11/18/2025 12:56
475,38,click,11/18/2025 15:29
475,38,view,11/18/2025 15:41
475,22,view,11/18/2025 16:26
475,20,view,11/18/2025 19:20
475,9,add_to_cart,11/18/2025 20:44
475,9,purchase,11/18/2025 23:18
475,9,click,11/19/2025 1:02
475,27,search,11/19/2025 3:27
475,20,view,11/19/2025 3:40
475,18,view,11/19/2025 5:54
475,18,search,11/19/2025 7:18
475,13,view,11/19/2025 8:23
475,18,click,11/19/2025 10:03
475,3,add_to_cart,11/19/2025 12:20
475,27,click,11/19/2025 12:35
475,6,view,11/19/2025 15:06
475,18,add_to_cart,11/19/2025 17:33
475,18,add_to_cart,11/19/2025 20:02
475,3,update_quantity,11/19/2025 21:58
475,18,purchase,11/19/2025 23:43
475,3,purchase,11/20/2025 0:33
475,3,view,11/20/2025 1:51
475,18,click,11/20/2025 3:28
475,18,view,11/20/2025 5:23
475,31,add_to_cart,11/20/2025 7:14
475,18,click,11/20/2025 7:32
475,3,view,11/20/2025 8:41
475,45,search,11/20/2025 11:00
475,21,add_to_cart,11/20/2025 12:54
475,21,purchase,11/20/2025 15:55
475,46,search,11/20/2025 16:30
475,31,click,11/20/2025 19:19
475,21,click,11/20/2025 21:50
475,31,update_quantity,11/20/2025 23:59
475,31,purchase,11/21/2025 1:33
475,5,click,11/21/2025 2:04
475,40,search,11/21/2025 4:43
475,31,view,11/21/2025 5:42
475,31,click,11/21/2025 6:42
475,3,rate,11/21/2025 8:01
475,3,click,11/21/2025 10:57
475,12,click,11/21/2025 11:39
475,8,view,11/21/2025 13:58
475,12,click,11/21/2025 15:26
475,8,add_to_cart,11/21/2025 15:29
475,8,remove_cart,11/21/2025 16:25
475,45,click,11/21/2025 18:31
475,11,search,11/21/2025 19:41
475,42,click,11/21/2025 22:20
475,20,click,11/22/2025 0:41
475,8,view,11/22/2025 1:19
475,36,view,11/22/2025 1:50
475,5,search,11/22/2025 2:51
475,50,view,11/22/2025 5:50
475,39,click,11/22/2025 7:27
475,25,view,11/22/2025 9:46
475,37,click,11/22/2025 9:56
475,40,search,11/22/2025 10:46
475,19,view,11/22/2025 12:35
475,5,add_to_cart,11/22/2025 14:18
475,30,search,11/22/2025 16:55
475,21,search,11/22/2025 17:50
475,19,view,11/22/2025 19:57
475,40,view,11/22/2025 22:56
475,19,click,11/22/2025 23:24
475,5,update_quantity,11/23/2025 1:29
475,19,view,11/23/2025 1:41
475,39,click,11/23/2025 3:15
476,31,view,01/23/2026 23:50
476,31,click,01/24/2026 1:27
476,31,view,01/24/2026 3:42
476,31,view,01/24/2026 5:22
476,35,click,01/24/2026 6:45
476,35,click,01/24/2026 8:41
476,31,click,01/24/2026 11:06
476,2,search,01/24/2026 13:13
476,2,click,01/24/2026 14:35
476,42,click,01/24/2026 14:58
476,11,view,01/24/2026 17:09
476,22,search,01/24/2026 17:57
476,42,view,01/24/2026 19:08
476,42,add_to_cart,01/24/2026 20:37
476,42,update_quantity,01/24/2026 23:32
476,2,view,01/25/2026 1:46
476,42,view,01/25/2026 2:22
476,42,add_to_cart,01/25/2026 5:19
476,42,purchase,01/25/2026 7:26
476,42,rate,01/25/2026 10:21
476,25,search,01/25/2026 11:42
476,42,add_to_cart,01/25/2026 14:30
476,50,add_to_cart,01/25/2026 16:32
476,33,search,01/25/2026 18:28
476,42,add_to_cart,01/25/2026 19:16
476,42,update_quantity,01/25/2026 20:16
476,5,search,01/25/2026 22:39
476,42,view,01/26/2026 1:18
476,22,click,01/26/2026 2:54
476,40,search,01/26/2026 5:00
476,42,click,01/26/2026 5:53
476,50,view,01/26/2026 8:48
476,42,add_to_cart,01/26/2026 11:03
476,42,update_quantity,01/26/2026 11:41
476,42,click,01/26/2026 12:37
476,40,view,01/26/2026 13:25
476,42,view,01/26/2026 14:56
476,26,click,01/26/2026 17:21
476,42,click,01/26/2026 18:50
476,4,view,01/26/2026 20:59
476,42,purchase,01/26/2026 23:01
476,18,search,01/27/2026 0:01
476,50,update_quantity,01/27/2026 0:46
476,42,view,01/27/2026 1:09
476,50,remove_cart,01/27/2026 3:11
476,4,add_to_cart,01/27/2026 3:51
476,4,view,01/27/2026 5:57
476,13,view,01/27/2026 5:59
476,25,view,01/27/2026 7:28
476,50,add_to_cart,01/27/2026 8:54
476,25,view,01/27/2026 10:23
476,48,click,01/27/2026 12:30
476,4,view,01/27/2026 14:25
476,50,add_to_cart,01/27/2026 16:07
476,50,add_to_cart,01/27/2026 17:30
476,33,click,01/27/2026 18:43
476,25,add_to_cart,01/27/2026 19:28
476,50,click,01/27/2026 21:47
476,1,search,01/27/2026 23:44
476,50,view,01/28/2026 2:38
477,32,view,02/20/2026 2:36
477,32,view,02/20/2026 2:53
477,32,view,02/20/2026 3:06
477,43,view,02/20/2026 5:43
477,43,click,02/20/2026 8:17
477,22,add_to_cart,02/20/2026 9:26
477,43,view,02/20/2026 11:22
477,22,remove_cart,02/20/2026 13:51
477,43,click,02/20/2026 14:52
477,36,click,02/20/2026 17:31
477,22,view,02/20/2026 19:07
477,43,click,02/20/2026 19:59
477,22,view,02/20/2026 22:51
477,22,view,02/20/2026 23:02
477,36,add_to_cart,02/20/2026 23:53
477,36,purchase,02/21/2026 2:07
477,36,rate,02/21/2026 4:13
477,22,click,02/21/2026 5:35
477,43,click,02/21/2026 6:03
477,43,search,02/21/2026 6:22
477,15,view,02/21/2026 7:51
477,31,click,02/21/2026 9:24
477,22,click,02/21/2026 9:58
477,43,add_to_cart,02/21/2026 10:12
477,5,search,02/21/2026 10:24
477,43,remove_cart,02/21/2026 10:55
477,36,view,02/21/2026 12:10
477,43,view,02/21/2026 13:07
477,15,click,02/21/2026 14:29
477,32,click,02/21/2026 16:25
477,43,view,02/21/2026 18:23
477,32,click,02/21/2026 20:21
477,4,search,02/21/2026 21:59
477,3,search,02/22/2026 0:34
477,42,search,02/22/2026 1:36
477,16,search,02/22/2026 2:00
477,32,click,02/22/2026 3:46
477,32,view,02/22/2026 6:11
477,3,view,02/22/2026 6:50
477,32,add_to_cart,02/22/2026 9:31
477,36,add_to_cart,02/22/2026 10:36
477,32,purchase,02/22/2026 11:41
477,28,search,02/22/2026 12:29
477,18,search,02/22/2026 14:45
477,1,view,02/22/2026 17:41
477,32,add_to_cart,02/22/2026 19:53
477,28,view,02/22/2026 21:05
477,15,view,02/23/2026 0:03
477,28,click,02/23/2026 1:46
477,22,click,02/23/2026 3:05
477,47,search,02/23/2026 4:47
477,1,add_to_cart,02/23/2026 4:55
477,28,click,02/23/2026 6:45
477,19,search,02/23/2026 7:38
477,22,add_to_cart,02/23/2026 8:27
477,19,click,02/23/2026 10:36
477,32,remove_cart,02/23/2026 13:08
477,23,add_to_cart,02/23/2026 15:51
477,22,remove_cart,02/23/2026 16:04
477,45,add_to_cart,02/23/2026 17:17
477,32,rate,02/23/2026 19:55
477,19,click,02/23/2026 20:09
477,6,view,02/23/2026 21:23
477,12,add_to_cart,02/23/2026 21:46
477,32,add_to_cart,02/24/2026 0:01
477,32,update_quantity,02/24/2026 0:15
477,32,view,02/24/2026 1:35
477,46,search,02/24/2026 3:24
478,28,view,10/27/2025 14:45
478,28,add_to_cart,10/27/2025 17:09
478,28,purchase,10/27/2025 18:14
478,23,view,10/27/2025 20:19
478,40,search,10/27/2025 21:10
478,43,add_to_cart,10/27/2025 21:50
478,43,click,10/27/2025 23:26
478,43,remove_cart,10/27/2025 23:35
478,6,click,10/28/2025 0:26
478,27,search,10/28/2025 1:19
478,40,click,10/28/2025 4:11
478,8,click,10/28/2025 7:09
478,35,search,10/28/2025 8:34
478,8,view,10/28/2025 10:24
478,50,search,10/28/2025 13:17
478,35,search,10/28/2025 16:00
478,50,view,10/28/2025 17:54
478,23,view,10/28/2025 19:39
478,23,search,10/28/2025 20:12
478,8,add_to_cart,10/28/2025 20:46
478,46,search,10/28/2025 23:06
478,2,click,10/29/2025 2:00
478,23,add_to_cart,10/29/2025 2:22
478,28,rate,10/29/2025 4:43
478,50,add_to_cart,10/29/2025 5:05
478,37,click,10/29/2025 5:48
478,23,update_quantity,10/29/2025 6:28
478,8,purchase,10/29/2025 9:25
478,8,rate,10/29/2025 10:43
478,50,click,10/29/2025 13:13
478,8,view,10/29/2025 14:45
478,50,add_to_cart,10/29/2025 15:02
478,8,view,10/29/2025 15:24
478,7,view,10/29/2025 16:16
478,8,click,10/29/2025 17:43
478,31,view,10/29/2025 18:47
478,8,view,10/29/2025 18:57
478,8,add_to_cart,10/29/2025 21:13
478,8,view,10/29/2025 22:18
478,23,remove_cart,10/29/2025 22:32
478,38,view,10/29/2025 23:42
478,7,view,10/30/2025 1:57
478,31,click,10/30/2025 2:23
478,50,update_quantity,10/30/2025 3:08
478,7,view,10/30/2025 5:17
478,7,search,10/30/2025 6:41
478,7,click,10/30/2025 8:59
478,50,remove_cart,10/30/2025 10:30
478,8,update_quantity,10/30/2025 12:29
478,10,search,10/30/2025 13:33
478,37,search,10/30/2025 15:08
478,7,click,10/30/2025 16:10
478,8,purchase,10/30/2025 18:58
478,42,search,10/30/2025 20:22
478,26,search,10/30/2025 22:15
478,50,click,10/31/2025 0:46
478,6,view,10/31/2025 2:20
478,18,view,10/31/2025 4:54
478,18,view,10/31/2025 6:53
478,8,view,10/31/2025 9:51
478,8,click,10/31/2025 12:11
478,14,view,10/31/2025 13:31
478,8,click,10/31/2025 15:35
478,3,view,10/31/2025 16:49
478,3,click,10/31/2025 17:41
478,44,view,10/31/2025 19:13
478,27,click,10/31/2025 21:47
478,48,search,10/31/2025 22:22
478,3,view,11/01/2025 0:29
478,40,view,11/01/2025 1:39
478,48,view,11/01/2025 2:44
478,48,add_to_cart,11/01/2025 4:34
478,42,click,11/01/2025 4:43
478,42,click,11/01/2025 6:05
478,16,search,11/01/2025 6:27
478,16,view,11/01/2025 8:39
479,6,click,02/03/2026 15:55
479,6,click,02/03/2026 16:37
479,23,view,02/03/2026 17:41
479,30,click,02/03/2026 20:16
479,30,add_to_cart,02/03/2026 22:07
479,30,remove_cart,02/03/2026 23:37
479,11,add_to_cart,02/04/2026 2:37
479,11,remove_cart,02/04/2026 3:39
479,23,add_to_cart,02/04/2026 3:44
479,30,click,02/04/2026 5:10
479,13,search,02/04/2026 5:26
479,11,add_to_cart,02/04/2026 7:58
479,11,view,02/04/2026 10:30
479,22,add_to_cart,02/04/2026 12:18
479,23,update_quantity,02/04/2026 14:26
479,33,search,02/04/2026 16:33
479,23,click,02/04/2026 19:04
479,34,add_to_cart,02/04/2026 20:32
479,11,view,02/04/2026 23:27
479,11,click,02/05/2026 1:28
479,45,view,02/05/2026 2:46
479,34,click,02/05/2026 4:51
479,23,view,02/05/2026 5:58
479,33,search,02/05/2026 7:17
479,35,add_to_cart,02/05/2026 7:49
479,18,add_to_cart,02/05/2026 7:57
479,35,update_quantity,02/05/2026 9:03
479,18,purchase,02/05/2026 10:16
479,23,update_quantity,02/05/2026 11:43
479,23,remove_cart,02/05/2026 14:37
479,11,purchase,02/05/2026 16:50
479,12,click,02/05/2026 17:49
479,22,remove_cart,02/05/2026 18:34
479,15,view,02/05/2026 21:03
479,40,search,02/05/2026 22:59
479,22,search,02/06/2026 1:35
479,35,purchase,02/06/2026 2:23
479,35,view,02/06/2026 4:22
479,34,remove_cart,02/06/2026 4:41
479,35,click,02/06/2026 6:12
479,2,search,02/06/2026 6:51
479,40,view,02/06/2026 9:12
479,35,view,02/06/2026 10:37
479,25,add_to_cart,02/06/2026 11:08
479,16,click,02/06/2026 12:51
479,6,view,02/06/2026 15:43
479,16,search,02/06/2026 18:05
479,50,search,02/06/2026 18:33
479,16,add_to_cart,02/06/2026 20:19
479,16,update_quantity,02/06/2026 21:06
479,17,search,02/06/2026 23:49
480,35,search,02/28/2026 19:13
480,22,search,02/28/2026 20:27
480,22,click,02/28/2026 21:38
480,17,search,02/28/2026 22:00
480,8,view,03/01/2026 1:00
480,22,view,03/01/2026 2:21
480,25,view,03/01/2026 2:44
480,5,add_to_cart,03/01/2026 4:36
480,22,click,03/01/2026 5:17
480,22,add_to_cart,03/01/2026 7:27
480,22,search,03/01/2026 8:27
480,19,view,03/01/2026 11:07
480,22,click,03/01/2026 11:51
480,4,click,03/01/2026 12:28
480,6,click,03/01/2026 13:14
480,29,search,03/01/2026 15:02
480,4,view,03/01/2026 17:54
480,5,purchase,03/01/2026 18:52
480,7,search,03/01/2026 21:06
480,33,search,03/01/2026 22:01
480,6,view,03/01/2026 22:13
480,11,search,03/02/2026 1:10
480,24,click,03/02/2026 2:46
480,14,click,03/02/2026 2:52
480,7,view,03/02/2026 4:06
480,7,view,03/02/2026 6:16
480,16,view,03/02/2026 9:09
480,24,add_to_cart,03/02/2026 10:23
480,24,view,03/02/2026 11:50
480,11,add_to_cart,03/02/2026 14:22
480,11,view,03/02/2026 16:51
480,24,click,03/02/2026 19:35
480,7,search,03/02/2026 20:48
480,16,view,03/02/2026 23:40
480,11,view,03/03/2026 1:36
480,16,view,03/03/2026 3:07
480,24,remove_cart,03/03/2026 5:26
480,11,search,03/03/2026 7:15
480,47,search,03/03/2026 8:32
480,11,add_to_cart,03/03/2026 10:25
480,11,purchase,03/03/2026 10:43
480,22,remove_cart,03/03/2026 12:15
480,10,search,03/03/2026 13:41
480,22,click,03/03/2026 14:46
480,11,click,03/03/2026 16:33
480,11,click,03/03/2026 17:16
480,47,view,03/03/2026 17:46
480,11,click,03/03/2026 18:14
480,33,add_to_cart,03/03/2026 20:40
480,33,purchase,03/03/2026 20:57
480,5,view,03/03/2026 23:37
480,22,click,03/04/2026 1:40
480,25,add_to_cart,03/04/2026 2:16
480,29,search,03/04/2026 4:45
480,5,click,03/04/2026 7:17
480,17,view,03/04/2026 10:07
480,33,view,03/04/2026 10:11
480,22,add_to_cart,03/04/2026 11:43
480,2,search,03/04/2026 12:14
480,24,click,03/04/2026 13:44
480,24,view,03/04/2026 16:36
480,12,search,03/04/2026 18:51
480,22,click,03/04/2026 18:57
480,10,search,03/04/2026 19:58
480,27,view,03/04/2026 21:26
480,48,add_to_cart,03/04/2026 22:24
480,10,add_to_cart,03/04/2026 22:45
480,2,add_to_cart,03/05/2026 0:13
480,25,remove_cart,03/05/2026 2:08
480,12,view,03/05/2026 2:16
481,13,add_to_cart,11/10/2025 8:37
481,13,purchase,11/10/2025 8:51
481,27,search,11/10/2025 11:40
481,27,click,11/10/2025 12:00
481,49,search,11/10/2025 13:40
481,49,add_to_cart,11/10/2025 15:54
481,49,purchase,11/10/2025 16:14
481,27,click,11/10/2025 16:51
481,7,view,11/10/2025 18:56
481,49,add_to_cart,11/10/2025 20:11
481,7,add_to_cart,11/10/2025 20:25
481,3,view,11/10/2025 21:33
481,7,click,11/10/2025 21:48
481,27,click,11/11/2025 0:33
481,49,view,11/11/2025 2:26
481,49,click,11/11/2025 4:22
481,13,search,11/11/2025 5:15
481,7,add_to_cart,11/11/2025 7:38
481,13,add_to_cart,11/11/2025 8:27
481,7,add_to_cart,11/11/2025 10:07
481,19,search,11/11/2025 11:21
481,27,search,11/11/2025 12:35
481,41,view,11/11/2025 13:34
481,29,click,11/11/2025 14:59
481,1,click,11/11/2025 15:16
481,13,update_quantity,11/11/2025 16:29
481,49,purchase,11/11/2025 18:43
481,49,rate,11/11/2025 19:43
481,31,click,11/11/2025 21:17
481,13,click,11/11/2025 23:19
481,5,add_to_cart,11/11/2025 23:57
481,13,purchase,11/12/2025 1:56
481,7,update_quantity,11/12/2025 3:55
481,5,purchase,11/12/2025 5:04
481,33,add_to_cart,11/12/2025 5:19
481,31,view,11/12/2025 7:53
481,36,click,11/12/2025 8:57
481,13,view,11/12/2025 11:53
481,49,search,11/12/2025 12:30
481,36,search,11/12/2025 15:19
481,7,purchase,11/12/2025 16:15
481,38,add_to_cart,11/12/2025 18:46
482,5,view,01/11/2026 1:16
482,37,click,01/11/2026 1:23
482,5,view,01/11/2026 4:04
482,17,view,01/11/2026 6:34
482,26,view,01/11/2026 6:51
482,27,search,01/11/2026 8:04
482,5,add_to_cart,01/11/2026 9:51
482,37,view,01/11/2026 10:33
482,12,click,01/11/2026 11:53
482,5,update_quantity,01/11/2026 14:14
482,26,click,01/11/2026 14:39
482,5,update_quantity,01/11/2026 16:53
482,27,add_to_cart,01/11/2026 17:22
482,45,search,01/11/2026 17:25
482,12,add_to_cart,01/11/2026 20:10
482,5,view,01/11/2026 20:29
482,45,click,01/11/2026 22:40
482,27,click,01/12/2026 0:45
482,14,search,01/12/2026 3:43
482,50,search,01/12/2026 3:57
482,5,remove_cart,01/12/2026 6:13
482,12,update_quantity,01/12/2026 7:44
482,5,click,01/12/2026 8:26
482,11,add_to_cart,01/12/2026 9:51
482,17,search,01/12/2026 9:59
482,11,click,01/12/2026 12:13
482,50,view,01/12/2026 12:41
482,44,add_to_cart,01/12/2026 14:32
482,11,purchase,01/12/2026 15:29
482,12,update_quantity,01/12/2026 16:11
482,12,view,01/12/2026 17:19
482,12,add_to_cart,01/12/2026 19:26
482,1,click,01/12/2026 22:23
482,11,rate,01/13/2026 1:17
482,44,purchase,01/13/2026 2:39
482,27,purchase,01/13/2026 5:21
482,12,click,01/13/2026 7:02
482,36,view,01/13/2026 9:49
482,9,view,01/13/2026 10:02
482,11,add_to_cart,01/13/2026 11:16
482,27,search,01/13/2026 11:51
482,10,search,01/13/2026 12:33
482,12,update_quantity,01/13/2026 13:21
482,36,click,01/13/2026 14:16
482,5,add_to_cart,01/13/2026 15:04
482,11,add_to_cart,01/13/2026 16:53
482,29,search,01/13/2026 18:19
482,36,click,01/13/2026 20:15
482,12,update_quantity,01/13/2026 22:06
482,22,search,01/13/2026 23:58
482,45,view,01/14/2026 2:05
482,45,view,01/14/2026 3:58
482,29,click,01/14/2026 5:08
482,12,update_quantity,01/14/2026 5:23
482,5,remove_cart,01/14/2026 8:10
482,39,add_to_cart,01/14/2026 8:48
482,41,add_to_cart,01/14/2026 10:59
482,45,view,01/14/2026 11:49
483,46,add_to_cart,12/03/2025 19:39
483,9,search,12/03/2025 21:23
483,38,view,12/03/2025 22:03
483,26,view,12/03/2025 22:59
483,26,click,12/04/2025 0:12
483,46,remove_cart,12/04/2025 2:37
483,29,view,12/04/2025 4:59
483,26,click,12/04/2025 6:25
483,44,click,12/04/2025 9:24
483,7,add_to_cart,12/04/2025 10:15
483,34,view,12/04/2025 12:33
483,26,view,12/04/2025 12:58
483,14,search,12/04/2025 13:14
483,7,update_quantity,12/04/2025 15:25
483,7,click,12/04/2025 17:53
483,7,update_quantity,12/04/2025 19:51
483,6,view,12/04/2025 20:08
483,34,view,12/04/2025 21:23
483,7,purchase,12/04/2025 23:31
483,6,add_to_cart,12/05/2025 0:01
483,41,search,12/05/2025 1:39
483,18,view,12/05/2025 2:41
483,6,remove_cart,12/05/2025 3:22
483,18,view,12/05/2025 3:28
483,36,click,12/05/2025 4:10
483,36,click,12/05/2025 5:37
483,36,click,12/05/2025 6:57
483,34,search,12/05/2025 9:06
483,36,click,12/05/2025 11:46
483,36,click,12/05/2025 12:00
483,36,add_to_cart,12/05/2025 14:55
483,36,view,12/05/2025 15:55
483,36,click,12/05/2025 16:18
483,36,add_to_cart,12/05/2025 18:09
483,36,view,12/05/2025 19:41
483,36,update_quantity,12/05/2025 21:44
483,3,view,12/06/2025 0:21
483,33,search,12/06/2025 1:25
483,36,view,12/06/2025 2:06
484,23,click,10/27/2025 22:59
484,27,search,10/28/2025 1:38
484,42,view,10/28/2025 2:38
484,39,search,10/28/2025 2:54
484,47,search,10/28/2025 5:48
484,42,add_to_cart,10/28/2025 7:19
484,27,search,10/28/2025 9:40
484,39,view,10/28/2025 9:49
484,42,remove_cart,10/28/2025 12:38
484,17,add_to_cart,10/28/2025 13:05
484,41,search,10/28/2025 16:05
484,17,add_to_cart,10/28/2025 17:23
484,29,view,10/28/2025 18:10
484,17,view,10/28/2025 19:12
484,31,click,10/28/2025 22:12
484,5,search,10/28/2025 22:43
484,17,purchase,10/29/2025 1:18
484,6,click,10/29/2025 3:23
484,29,add_to_cart,10/29/2025 4:11
484,29,update_quantity,10/29/2025 5:39
484,29,remove_cart,10/29/2025 5:42
484,17,view,10/29/2025 6:06
484,6,view,10/29/2025 8:20
484,16,view,10/29/2025 8:35
484,11,search,10/29/2025 9:37
484,50,search,10/29/2025 11:59
484,17,rate,10/29/2025 13:52
484,38,view,10/29/2025 15:54
484,6,view,10/29/2025 18:19
484,38,click,10/29/2025 21:14
484,11,add_to_cart,10/29/2025 23:58
484,14,view,10/30/2025 2:17
484,40,search,10/30/2025 4:52
484,24,search,10/30/2025 6:52
484,19,click,10/30/2025 9:32
484,12,click,10/30/2025 12:03
484,11,update_quantity,10/30/2025 12:13
484,41,search,10/30/2025 12:55
484,12,add_to_cart,10/30/2025 13:08
484,11,view,10/30/2025 13:19
484,40,view,10/30/2025 13:23
484,13,search,10/30/2025 14:18
484,7,view,10/30/2025 16:14
484,11,add_to_cart,10/30/2025 16:21
484,3,view,10/30/2025 16:38
484,20,view,10/30/2025 18:29
484,12,update_quantity,10/30/2025 20:48
484,16,click,10/30/2025 21:27
484,11,remove_cart,10/30/2025 23:55
484,7,view,10/31/2025 2:19
484,4,add_to_cart,10/31/2025 5:03
484,44,search,10/31/2025 5:47
484,4,add_to_cart,10/31/2025 7:26
484,4,update_quantity,10/31/2025 8:11
484,4,update_quantity,10/31/2025 9:54
484,13,click,10/31/2025 12:41
484,33,view,10/31/2025 12:53
484,1,click,10/31/2025 13:01
484,33,view,10/31/2025 15:03
484,13,view,10/31/2025 16:48
484,14,view,10/31/2025 19:35
484,13,view,10/31/2025 21:26
484,4,click,11/01/2025 0:19
484,33,view,11/01/2025 1:36
484,13,click,11/01/2025 4:08
484,13,add_to_cart,11/01/2025 6:22
484,33,view,11/01/2025 8:24
484,13,view,11/01/2025 10:30
484,50,view,11/01/2025 11:11
484,21,view,11/01/2025 14:01
484,33,add_to_cart,11/01/2025 16:52
484,12,purchase,11/01/2025 17:48
484,30,search,11/01/2025 19:16
484,13,click,11/01/2025 21:57
484,33,remove_cart,11/02/2025 0:55
484,4,purchase,11/02/2025 3:20
485,40,add_to_cart,11/15/2025 10:28
485,40,remove_cart,11/15/2025 11:54
485,13,click,11/15/2025 12:57
485,13,view,11/15/2025 15:35
485,22,add_to_cart,11/15/2025 16:15
485,22,add_to_cart,11/15/2025 16:38
485,13,view,11/15/2025 18:48
485,22,update_quantity,11/15/2025 19:42
485,9,view,11/15/2025 21:11
485,37,view,11/15/2025 22:22
485,31,search,11/15/2025 22:27
485,22,view,11/15/2025 22:38
485,22,click,11/16/2025 1:25
485,17,view,11/16/2025 3:27
485,20,add_to_cart,11/16/2025 5:25
485,30,search,11/16/2025 5:47
485,22,view,11/16/2025 6:48
485,38,view,11/16/2025 8:47
485,31,view,11/16/2025 10:04
485,22,search,11/16/2025 12:51
485,20,update_quantity,11/16/2025 13:15
485,50,add_to_cart,11/16/2025 14:56
485,22,update_quantity,11/16/2025 16:20
485,14,click,11/16/2025 19:18
485,8,add_to_cart,11/16/2025 20:04
485,50,purchase,11/16/2025 20:41
485,14,search,11/16/2025 23:03
485,50,click,11/17/2025 0:40
485,37,view,11/17/2025 1:20
485,27,click,11/17/2025 4:02
485,50,add_to_cart,11/17/2025 4:27
485,14,add_to_cart,11/17/2025 5:03
485,22,purchase,11/17/2025 7:02
485,50,rate,11/17/2025 8:22
485,21,view,11/17/2025 10:54
485,27,click,11/17/2025 12:48
485,1,click,11/17/2025 12:58
485,50,update_quantity,11/17/2025 13:05
485,42,search,11/17/2025 15:33
485,50,remove_cart,11/17/2025 15:58
485,50,click,11/17/2025 16:01
485,20,remove_cart,11/17/2025 17:41
485,20,add_to_cart,11/17/2025 20:16
485,8,remove_cart,11/17/2025 22:04
485,42,view,11/18/2025 0:35
485,41,view,11/18/2025 2:55
485,46,click,11/18/2025 3:31
485,47,search,11/18/2025 4:56
485,47,view,11/18/2025 5:23
485,20,remove_cart,11/18/2025 7:16
485,47,click,11/18/2025 7:39
485,17,view,11/18/2025 8:30
485,47,view,11/18/2025 9:47
485,14,update_quantity,11/18/2025 11:00
485,47,add_to_cart,11/18/2025 11:55
485,47,update_quantity,11/18/2025 12:07
485,33,view,11/18/2025 14:20
485,4,view,11/18/2025 16:03
485,4,click,11/18/2025 17:37
485,4,add_to_cart,11/18/2025 20:12
485,47,purchase,11/18/2025 20:21
485,14,update_quantity,11/18/2025 23:15
486,41,view,01/29/2026 23:40
486,41,view,01/30/2026 2:23
486,41,view,01/30/2026 3:26
486,25,search,01/30/2026 6:26
486,41,view,01/30/2026 7:21
486,37,search,01/30/2026 10:11
486,41,view,01/30/2026 13:03
486,1,search,01/30/2026 14:41
486,41,click,01/30/2026 16:38
486,37,view,01/30/2026 16:51
486,46,add_to_cart,01/30/2026 17:58
486,41,view,01/30/2026 18:05
486,41,click,01/30/2026 20:12
486,46,remove_cart,01/30/2026 20:45
486,47,view,01/30/2026 23:46
486,32,click,01/31/2026 2:32
486,45,click,01/31/2026 4:44
486,32,click,01/31/2026 6:17
486,47,add_to_cart,01/31/2026 7:05
486,41,view,01/31/2026 7:08
486,47,update_quantity,01/31/2026 9:01
486,47,update_quantity,01/31/2026 11:51
486,32,view,01/31/2026 13:27
486,48,search,01/31/2026 15:00
486,10,search,01/31/2026 15:49
486,10,add_to_cart,01/31/2026 17:38
486,22,click,01/31/2026 18:02
486,48,click,01/31/2026 18:18
486,10,add_to_cart,01/31/2026 18:46
486,35,view,01/31/2026 21:39
486,2,view,02/01/2026 0:11
486,10,add_to_cart,02/01/2026 1:39
486,29,search,02/01/2026 2:27
486,9,search,02/01/2026 4:03
486,9,view,02/01/2026 5:10
486,10,update_quantity,02/01/2026 6:14
486,3,search,02/01/2026 8:31
486,47,purchase,02/01/2026 10:59
486,10,add_to_cart,02/01/2026 13:07
486,16,search,02/01/2026 15:03
486,29,search,02/01/2026 17:11
486,3,click,02/01/2026 19:37
486,3,click,02/01/2026 20:32
486,8,search,02/01/2026 22:02
486,10,add_to_cart,02/02/2026 0:07
486,33,click,02/02/2026 1:08
486,29,click,02/02/2026 2:57
486,8,search,02/02/2026 3:42
486,3,view,02/02/2026 4:55
486,11,click,02/02/2026 5:27
486,8,add_to_cart,02/02/2026 8:25
486,50,click,02/02/2026 9:52
486,47,add_to_cart,02/02/2026 12:13
486,47,rate,02/02/2026 13:09
486,47,purchase,02/02/2026 14:40
486,45,search,02/02/2026 16:13
486,10,purchase,02/02/2026 18:40
486,10,rate,02/02/2026 19:31
486,16,view,02/02/2026 22:06
486,8,update_quantity,02/03/2026 0:52
486,8,click,02/03/2026 0:57
486,8,purchase,02/03/2026 3:32
486,29,search,02/03/2026 5:35
486,10,search,02/03/2026 7:57
486,23,search,02/03/2026 9:37
486,49,click,02/03/2026 12:13
486,40,click,02/03/2026 14:20
486,19,search,02/03/2026 15:10
486,19,view,02/03/2026 15:32
487,13,view,10/26/2025 4:26
487,23,view,10/26/2025 5:35
487,13,click,10/26/2025 7:00
487,28,click,10/26/2025 7:31
487,23,view,10/26/2025 9:58
487,48,view,10/26/2025 10:20
487,34,search,10/26/2025 10:24
487,28,add_to_cart,10/26/2025 12:54
487,13,view,10/26/2025 13:45
487,14,view,10/26/2025 14:20
487,14,click,10/26/2025 16:13
487,28,remove_cart,10/26/2025 18:03
487,34,search,10/26/2025 19:50
487,14,view,10/26/2025 22:14
487,29,view,10/27/2025 0:12
487,14,view,10/27/2025 0:29
487,35,add_to_cart,10/27/2025 2:28
487,7,search,10/27/2025 3:18
487,35,purchase,10/27/2025 6:01
487,35,rate,10/27/2025 8:02
487,5,search,10/27/2025 8:26
487,38,view,10/27/2025 10:42
487,35,click,10/27/2025 13:01
487,17,view,10/27/2025 15:26
487,32,search,10/27/2025 18:22
487,7,view,10/27/2025 18:58
487,1,search,10/27/2025 19:08
487,39,view,10/27/2025 22:04
487,39,view,10/27/2025 22:28
487,32,view,10/27/2025 23:11
487,35,search,10/28/2025 0:23
487,39,view,10/28/2025 2:47
487,35,click,10/28/2025 3:57
487,47,view,10/28/2025 6:08
487,47,add_to_cart,10/28/2025 7:45
487,50,click,10/28/2025 9:10
487,22,view,10/28/2025 11:16
487,35,view,10/28/2025 13:44
487,35,view,10/28/2025 15:57
487,47,remove_cart,10/28/2025 16:15
487,20,search,10/28/2025 17:34
487,34,add_to_cart,10/28/2025 19:03
487,34,purchase,10/28/2025 20:29
487,34,add_to_cart,10/28/2025 21:11
487,34,update_quantity,10/29/2025 0:02
487,34,add_to_cart,10/29/2025 0:42
487,40,add_to_cart,10/29/2025 0:52
487,13,search,10/29/2025 1:37
487,15,view,10/29/2025 4:31
487,34,view,10/29/2025 7:02
487,15,click,10/29/2025 7:33
487,15,add_to_cart,10/29/2025 7:45
487,16,view,10/29/2025 9:20
487,15,add_to_cart,10/29/2025 11:02
488,48,search,12/18/2025 16:40
488,48,view,12/18/2025 18:01
488,48,add_to_cart,12/18/2025 21:02
488,48,add_to_cart,12/18/2025 23:37
488,48,purchase,12/18/2025 23:51
488,32,search,12/19/2025 0:20
488,10,search,12/19/2025 3:19
488,48,view,12/19/2025 3:25
488,46,click,12/19/2025 5:18
488,29,view,12/19/2025 5:55
488,44,search,12/19/2025 6:13
488,48,click,12/19/2025 8:38
488,47,click,12/19/2025 11:09
488,41,search,12/19/2025 12:33
488,18,view,12/19/2025 14:30
488,18,click,12/19/2025 14:53
488,44,click,12/19/2025 16:08
488,48,rate,12/19/2025 16:52
488,16,add_to_cart,12/19/2025 17:10
488,48,add_to_cart,12/19/2025 17:51
488,28,add_to_cart,12/19/2025 19:32
488,16,remove_cart,12/19/2025 20:50
488,48,update_quantity,12/19/2025 22:48
488,48,view,12/20/2025 0:19
488,40,search,12/20/2025 0:42
488,11,search,12/20/2025 2:16
488,19,click,12/20/2025 2:52
488,19,view,12/20/2025 4:31
488,48,update_quantity,12/20/2025 4:50
488,48,purchase,12/20/2025 5:03
488,16,search,12/20/2025 5:46
488,48,click,12/20/2025 6:42
488,48,view,12/20/2025 9:14
488,11,add_to_cart,12/20/2025 9:30
488,28,purchase,12/20/2025 10:30
488,19,add_to_cart,12/20/2025 12:49
488,29,search,12/20/2025 13:22
488,3,add_to_cart,12/20/2025 14:33
488,29,view,12/20/2025 16:08
488,29,click,12/20/2025 18:54
488,19,purchase,12/20/2025 21:47
488,19,add_to_cart,12/20/2025 22:18
488,29,view,12/21/2025 0:33
488,11,update_quantity,12/21/2025 3:23
488,40,view,12/21/2025 5:40
488,4,search,12/21/2025 7:49
488,19,view,12/21/2025 8:35
488,46,add_to_cart,12/21/2025 9:43
488,40,view,12/21/2025 11:11
488,40,click,12/21/2025 13:10
488,19,add_to_cart,12/21/2025 13:44
488,19,purchase,12/21/2025 15:05
488,3,update_quantity,12/21/2025 18:04
488,3,click,12/21/2025 19:34
488,46,purchase,12/21/2025 21:54
488,21,click,12/22/2025 0:03
488,3,view,12/22/2025 1:59
488,46,click,12/22/2025 3:25
488,46,add_to_cart,12/22/2025 5:10
488,28,click,12/22/2025 6:01
488,12,click,12/22/2025 7:50
488,46,update_quantity,12/22/2025 9:29
488,32,view,12/22/2025 11:35
488,11,purchase,12/22/2025 13:30
489,23,search,11/11/2025 19:00
489,19,search,11/11/2025 21:31
489,19,click,11/11/2025 21:49
489,41,add_to_cart,11/11/2025 23:39
489,19,view,11/12/2025 1:52
489,23,click,11/12/2025 4:50
489,41,purchase,11/12/2025 6:35
489,11,view,11/12/2025 8:15
489,23,view,11/12/2025 9:31
489,41,rate,11/12/2025 11:26
489,19,click,11/12/2025 14:15
489,36,click,11/12/2025 14:19
489,19,view,11/12/2025 14:32
489,41,click,11/12/2025 15:01
489,4,view,11/12/2025 16:54
489,48,search,11/12/2025 16:59
489,7,search,11/12/2025 18:29
489,38,search,11/12/2025 19:46
489,8,click,11/12/2025 22:24
489,33,click,11/12/2025 23:27
489,5,click,11/13/2025 0:26
489,8,click,11/13/2025 2:42
489,27,search,11/13/2025 3:19
489,5,click,11/13/2025 3:56
489,50,search,11/13/2025 5:07
489,19,search,11/13/2025 7:27
489,1,search,11/13/2025 8:20
489,1,click,11/13/2025 10:24
489,47,click,11/13/2025 11:02
489,3,view,11/13/2025 11:46
489,18,click,11/13/2025 13:46
489,38,search,11/13/2025 15:41
489,37,add_to_cart,11/13/2025 16:18
489,1,add_to_cart,11/13/2025 18:25
489,25,search,11/13/2025 20:07
489,14,search,11/13/2025 22:28
489,25,view,11/14/2025 1:03
489,47,add_to_cart,11/14/2025 3:18
489,27,click,11/14/2025 5:52
489,25,click,11/14/2025 8:09
489,37,view,11/14/2025 8:53
489,39,view,11/14/2025 10:38
489,21,search,11/14/2025 13:18
489,16,view,11/14/2025 15:55
489,21,view,11/14/2025 18:06
489,37,purchase,11/14/2025 19:08
489,37,click,11/14/2025 21:20
489,15,search,11/14/2025 23:34
489,32,view,11/15/2025 0:55
489,13,view,11/15/2025 1:16
489,32,add_to_cart,11/15/2025 4:17
490,46,search,12/14/2025 6:38
490,8,search,12/14/2025 8:44
490,8,click,12/14/2025 9:26
490,15,search,12/14/2025 10:20
490,48,click,12/14/2025 12:11
490,8,click,12/14/2025 15:11
490,27,view,12/14/2025 15:45
490,49,add_to_cart,12/14/2025 16:20
490,46,view,12/14/2025 18:40
490,44,search,12/14/2025 20:29
490,19,search,12/14/2025 21:54
490,15,click,12/15/2025 0:22
490,38,click,12/15/2025 3:11
490,46,view,12/15/2025 4:08
490,15,view,12/15/2025 6:38
490,19,add_to_cart,12/15/2025 9:15
490,19,purchase,12/15/2025 11:37
490,46,add_to_cart,12/15/2025 14:33
490,15,view,12/15/2025 17:19
490,46,view,12/15/2025 17:48
490,15,click,12/15/2025 18:59
490,46,view,12/15/2025 20:00
490,15,view,12/15/2025 22:04
490,15,add_to_cart,12/15/2025 23:32
490,15,click,12/16/2025 0:01
490,1,search,12/16/2025 2:42
490,1,view,12/16/2025 3:17
490,15,click,12/16/2025 5:54
490,46,view,12/16/2025 7:38
490,1,add_to_cart,12/16/2025 10:18
490,28,view,12/16/2025 10:33
490,8,search,12/16/2025 12:35
490,1,add_to_cart,12/16/2025 14:33
490,30,search,12/16/2025 14:52
490,15,view,12/16/2025 17:38
490,22,search,12/16/2025 18:40
490,6,search,12/16/2025 20:33
490,19,view,12/16/2025 21:31
490,32,search,12/16/2025 22:10
490,49,purchase,12/16/2025 23:33
490,19,view,12/16/2025 23:57
490,44,search,12/17/2025 0:17
490,1,remove_cart,12/17/2025 0:35
490,19,click,12/17/2025 2:58
490,15,purchase,12/17/2025 5:25
490,49,rate,12/17/2025 5:52
490,38,view,12/17/2025 7:31
490,25,click,12/17/2025 8:14
491,10,add_to_cart,01/29/2026 10:44
491,1,view,01/29/2026 12:12
491,37,click,01/29/2026 14:35
491,6,search,01/29/2026 16:22
491,10,view,01/29/2026 18:57
491,10,click,01/29/2026 21:24
491,44,add_to_cart,01/29/2026 21:27
491,44,update_quantity,01/29/2026 22:14
491,5,search,01/29/2026 22:30
491,43,click,01/30/2026 0:38
491,4,search,01/30/2026 1:27
491,43,add_to_cart,01/30/2026 2:28
491,31,search,01/30/2026 3:27
491,43,click,01/30/2026 4:21
491,10,update_quantity,01/30/2026 6:28
491,3,search,01/30/2026 6:33
491,3,search,01/30/2026 6:41
491,21,search,01/30/2026 7:46
491,10,view,01/30/2026 9:24
491,44,purchase,01/30/2026 12:04
491,44,rate,01/30/2026 12:41
491,10,update_quantity,01/30/2026 13:13
491,50,click,01/30/2026 15:31
491,18,search,01/30/2026 15:59
491,48,search,01/30/2026 17:26
491,43,purchase,01/30/2026 18:52
491,10,remove_cart,01/30/2026 21:07
491,19,view,01/30/2026 23:45
491,9,view,01/31/2026 1:13
491,50,click,01/31/2026 1:39
491,6,view,01/31/2026 2:03
491,6,click,01/31/2026 2:36
491,16,search,01/31/2026 5:15
491,19,view,01/31/2026 5:30
491,6,add_to_cart,01/31/2026 8:24
491,6,view,01/31/2026 8:27
491,6,click,01/31/2026 10:25
491,6,add_to_cart,01/31/2026 11:55
491,15,add_to_cart,01/31/2026 12:33
491,15,purchase,01/31/2026 14:25
491,15,view,01/31/2026 16:06
491,35,click,01/31/2026 18:15
491,15,view,01/31/2026 19:29
491,6,add_to_cart,01/31/2026 22:24
491,49,search,01/31/2026 22:37
491,15,click,02/01/2026 0:06
491,21,search,02/01/2026 2:38
491,15,view,02/01/2026 4:06
491,6,update_quantity,02/01/2026 4:33
491,6,purchase,02/01/2026 5:55
491,43,rate,02/01/2026 7:58
491,6,search,02/01/2026 8:36
491,6,search,02/01/2026 11:32
491,42,click,02/01/2026 14:07
491,14,add_to_cart,02/01/2026 16:21
491,15,add_to_cart,02/01/2026 18:16
491,39,view,02/01/2026 18:31
491,28,search,02/01/2026 18:43
491,44,search,02/01/2026 18:58
491,14,remove_cart,02/01/2026 20:03
491,15,update_quantity,02/01/2026 21:06
491,15,purchase,02/01/2026 21:44
491,39,click,02/02/2026 0:27
491,14,search,02/02/2026 2:54
491,28,view,02/02/2026 4:44
491,15,view,02/02/2026 5:05
491,15,add_to_cart,02/02/2026 7:44
491,28,view,02/02/2026 7:55
491,28,view,02/02/2026 9:07
491,40,click,02/02/2026 11:10
491,42,search,02/02/2026 13:29
491,18,search,02/02/2026 13:43
491,15,remove_cart,02/02/2026 15:37
491,6,rate,02/02/2026 17:43
492,20,view,12/23/2025 23:24
492,20,click,12/24/2025 2:23
492,22,view,12/24/2025 2:59
492,36,add_to_cart,12/24/2025 4:11
492,20,view,12/24/2025 5:02
492,34,search,12/24/2025 5:16
492,34,view,12/24/2025 6:45
492,20,add_to_cart,12/24/2025 7:27
492,35,click,12/24/2025 9:47
492,50,search,12/24/2025 11:43
492,29,search,12/24/2025 14:34
492,20,update_quantity,12/24/2025 16:02
492,34,view,12/24/2025 18:19
492,50,click,12/24/2025 19:59
492,50,click,12/24/2025 22:01
492,35,view,12/24/2025 22:34
492,18,view,12/25/2025 0:49
492,19,view,12/25/2025 1:16
492,20,purchase,12/25/2025 2:05
492,36,search,12/25/2025 2:29
492,35,view,12/25/2025 3:15
492,36,purchase,12/25/2025 5:08
492,36,rate,12/25/2025 5:43
492,39,search,12/25/2025 7:53
492,28,click,12/25/2025 8:32
492,36,view,12/25/2025 9:35
492,14,search,12/25/2025 11:45
492,45,click,12/25/2025 13:58
492,23,add_to_cart,12/25/2025 14:42
492,25,add_to_cart,12/25/2025 17:08
492,23,update_quantity,12/25/2025 18:20
492,23,remove_cart,12/25/2025 19:20
492,15,view,12/25/2025 20:21
492,25,purchase,12/25/2025 20:23
492,22,search,12/25/2025 20:33
492,43,add_to_cart,12/25/2025 20:52
492,43,purchase,12/25/2025 22:36
492,47,add_to_cart,12/26/2025 1:28
492,25,view,12/26/2025 3:41
492,47,view,12/26/2025 5:48
492,25,rate,12/26/2025 7:39
492,43,search,12/26/2025 10:13
492,49,search,12/26/2025 12:19
492,47,purchase,12/26/2025 14:22
492,6,search,12/26/2025 14:26
492,39,search,12/26/2025 16:20
492,17,click,12/26/2025 17:17
492,21,view,12/26/2025 18:22
492,33,search,12/26/2025 18:45
492,40,search,12/26/2025 20:16
492,7,click,12/26/2025 23:08
492,46,view,12/27/2025 1:05
492,47,view,12/27/2025 2:15
492,1,search,12/27/2025 3:13
492,17,add_to_cart,12/27/2025 6:10
492,23,view,12/27/2025 6:53
492,47,view,12/27/2025 7:48
492,36,view,12/27/2025 9:15
492,17,purchase,12/27/2025 11:14
492,1,click,12/27/2025 11:52
492,43,add_to_cart,12/27/2025 12:57
492,14,click,12/27/2025 14:18
492,17,view,12/27/2025 15:45
492,47,click,12/27/2025 17:44
492,14,click,12/27/2025 19:35
492,17,add_to_cart,12/27/2025 22:01
492,43,purchase,12/28/2025 0:10
492,15,view,12/28/2025 1:47
492,43,view,12/28/2025 4:09
492,17,remove_cart,12/28/2025 5:25
492,9,search,12/28/2025 7:44
492,20,view,12/28/2025 9:58
492,18,click,12/28/2025 11:56
492,45,search,12/28/2025 14:30
492,18,click,12/28/2025 14:43
492,9,click,12/28/2025 17:28
492,20,search,12/28/2025 20:12
492,9,click,12/28/2025 23:09
492,9,add_to_cart,12/28/2025 23:45
492,9,update_quantity,12/29/2025 2:26
493,41,add_to_cart,12/19/2025 21:41
493,41,update_quantity,12/19/2025 22:37
493,40,click,12/20/2025 0:05
493,41,purchase,12/20/2025 1:00
493,38,click,12/20/2025 2:55
493,41,add_to_cart,12/20/2025 5:50
493,38,add_to_cart,12/20/2025 7:06
493,33,add_to_cart,12/20/2025 7:39
493,41,view,12/20/2025 7:45
493,38,purchase,12/20/2025 10:35
493,41,update_quantity,12/20/2025 13:24
493,19,view,12/20/2025 13:40
493,33,remove_cart,12/20/2025 15:22
493,38,rate,12/20/2025 18:06
493,25,search,12/20/2025 18:26
493,32,search,12/20/2025 21:03
493,3,view,12/20/2025 21:40
493,41,click,12/20/2025 23:03
493,50,click,12/20/2025 23:53
493,29,add_to_cart,12/20/2025 23:55
493,22,search,12/21/2025 1:31
493,41,purchase,12/21/2025 4:28
493,29,click,12/21/2025 7:25
493,29,remove_cart,12/21/2025 7:36
493,11,click,12/21/2025 8:59
493,3,view,12/21/2025 11:27
493,41,search,12/21/2025 12:32
493,12,search,12/21/2025 14:33
493,26,search,12/21/2025 15:22
493,45,view,12/21/2025 17:52
493,29,add_to_cart,12/21/2025 20:09
493,10,search,12/21/2025 21:43
493,26,view,12/22/2025 0:10
493,3,click,12/22/2025 0:22
493,41,click,12/22/2025 2:55
493,10,search,12/22/2025 3:07
493,29,purchase,12/22/2025 4:11
493,1,search,12/22/2025 6:43
493,29,add_to_cart,12/22/2025 8:30
493,10,click,12/22/2025 10:28
493,1,view,12/22/2025 10:32
493,29,update_quantity,12/22/2025 10:46
493,29,purchase,12/22/2025 13:45
493,14,view,12/22/2025 16:24
493,10,add_to_cart,12/22/2025 16:53
493,10,purchase,12/22/2025 17:24
493,25,view,12/22/2025 20:12
493,14,view,12/22/2025 22:20
493,25,add_to_cart,12/22/2025 22:38
493,23,view,12/22/2025 23:39
493,3,view,12/23/2025 0:54
493,34,click,12/23/2025 3:46
493,25,remove_cart,12/23/2025 6:34
493,36,view,12/23/2025 9:33
493,46,click,12/23/2025 9:55
493,3,view,12/23/2025 10:13
493,3,add_to_cart,12/23/2025 12:26
493,46,click,12/23/2025 14:43
493,31,search,12/23/2025 17:33
493,3,purchase,12/23/2025 18:50
493,46,view,12/23/2025 21:09
493,16,search,12/23/2025 23:43
493,7,search,12/24/2025 0:50
493,31,add_to_cart,12/24/2025 1:24
493,3,add_to_cart,12/24/2025 2:27
493,7,view,12/24/2025 4:30
493,5,view,12/24/2025 5:57
493,31,add_to_cart,12/24/2025 8:36
493,3,click,12/24/2025 9:16
493,34,search,12/24/2025 10:38
493,42,click,12/24/2025 10:50
493,8,search,12/24/2025 13:27
493,7,click,12/24/2025 16:09
493,42,search,12/24/2025 17:33
493,5,view,12/24/2025 19:41
493,42,click,12/24/2025 20:59
493,49,search,12/24/2025 22:20
493,41,rate,12/24/2025 23:12
494,29,view,12/11/2025 10:18
494,23,view,12/11/2025 10:20
494,23,click,12/11/2025 12:52
494,29,view,12/11/2025 14:31
494,41,click,12/11/2025 15:16
494,19,view,12/11/2025 16:50
494,33,click,12/11/2025 18:50
494,29,click,12/11/2025 19:44
494,21,click,12/11/2025 20:03
494,2,add_to_cart,12/11/2025 21:09
494,47,search,12/11/2025 22:00
494,2,view,12/12/2025 0:08
494,2,update_quantity,12/12/2025 2:06
494,2,click,12/12/2025 2:28
494,25,search,12/12/2025 3:57
494,2,view,12/12/2025 4:03
494,2,add_to_cart,12/12/2025 6:22
494,2,add_to_cart,12/12/2025 7:35
494,2,purchase,12/12/2025 9:27
494,2,rate,12/12/2025 9:48
494,1,view,12/12/2025 10:23
494,2,view,12/12/2025 12:57
494,1,click,12/12/2025 15:45
494,1,view,12/12/2025 18:09
494,18,search,12/12/2025 19:06
494,1,click,12/12/2025 21:06
494,1,view,12/12/2025 21:44
494,1,search,12/13/2025 0:37
494,44,view,12/13/2025 2:10
494,31,search,12/13/2025 4:00
494,1,click,12/13/2025 6:31
494,11,view,12/13/2025 8:19
494,25,search,12/13/2025 11:07
494,1,add_to_cart,12/13/2025 13:34
494,1,view,12/13/2025 15:28
494,17,view,12/13/2025 18:15
494,26,add_to_cart,12/13/2025 19:38
494,1,purchase,12/13/2025 20:27
495,43,view,11/25/2025 7:27
495,43,view,11/25/2025 8:07
495,3,click,11/25/2025 10:12
495,43,add_to_cart,11/25/2025 12:02
495,43,update_quantity,11/25/2025 13:30
495,38,add_to_cart,11/25/2025 16:19
495,43,click,11/25/2025 18:00
495,43,click,11/25/2025 18:42
495,38,update_quantity,11/25/2025 21:17
495,43,update_quantity,11/25/2025 22:34
495,43,view,11/26/2025 0:38
495,8,search,11/26/2025 1:53
495,38,view,11/26/2025 4:17
495,43,click,11/26/2025 6:16
495,4,click,11/26/2025 6:53
495,21,view,11/26/2025 7:03
495,10,view,11/26/2025 9:25
495,10,add_to_cart,11/26/2025 12:01
495,26,view,11/26/2025 13:28
495,43,purchase,11/26/2025 14:55
495,10,purchase,11/26/2025 16:09
495,13,search,11/26/2025 17:44
495,36,search,11/26/2025 19:50
495,29,click,11/26/2025 20:03
495,38,update_quantity,11/26/2025 22:17
495,28,search,11/26/2025 22:33
495,28,view,11/27/2025 1:09
495,47,click,11/27/2025 3:14
495,29,view,11/27/2025 4:58
495,38,purchase,11/27/2025 5:53
495,38,rate,11/27/2025 8:22
495,28,view,11/27/2025 10:33
495,26,click,11/27/2025 10:55
495,10,rate,11/27/2025 13:36
495,50,view,11/27/2025 15:12
495,29,click,11/27/2025 16:57
495,7,click,11/27/2025 18:45
495,38,add_to_cart,11/27/2025 20:54
495,7,add_to_cart,11/27/2025 23:14
495,7,remove_cart,11/28/2025 0:28
495,24,search,11/28/2025 2:52
495,31,click,11/28/2025 4:40
495,46,click,11/28/2025 6:13
495,7,view,11/28/2025 6:59
495,42,click,11/28/2025 9:08
495,38,view,11/28/2025 11:05
495,31,click,11/28/2025 13:55
495,38,update_quantity,11/28/2025 15:04
495,43,rate,11/28/2025 15:25
495,27,search,11/28/2025 17:15
495,7,view,11/28/2025 18:47
495,31,add_to_cart,11/28/2025 21:17
495,31,update_quantity,11/28/2025 22:58
495,38,update_quantity,11/29/2025 1:16
495,17,search,11/29/2025 3:43
495,17,view,11/29/2025 4:26
495,17,click,11/29/2025 4:30
496,29,view,02/09/2026 23:51
496,26,search,02/10/2026 1:39
496,26,click,02/10/2026 4:28
496,30,add_to_cart,02/10/2026 6:38
496,26,view,02/10/2026 9:20
496,30,view,02/10/2026 9:56
496,30,update_quantity,02/10/2026 10:51
496,17,view,02/10/2026 13:04
496,28,view,02/10/2026 13:43
496,30,view,02/10/2026 16:33
496,1,search,02/10/2026 17:10
496,17,click,02/10/2026 17:16
496,14,search,02/10/2026 18:30
496,30,add_to_cart,02/10/2026 18:44
496,19,view,02/10/2026 19:06
496,28,click,02/10/2026 20:53
496,30,update_quantity,02/10/2026 21:56
496,49,click,02/10/2026 22:21
496,41,view,02/10/2026 23:54
496,20,search,02/11/2026 2:42
496,48,add_to_cart,02/11/2026 5:12
496,5,view,02/11/2026 7:54
496,34,search,02/11/2026 8:40
496,2,view,02/11/2026 10:47
496,23,search,02/11/2026 10:53
496,15,search,02/11/2026 12:26
496,20,click,02/11/2026 14:12
496,3,view,02/11/2026 14:24
496,33,add_to_cart,02/11/2026 15:18
496,3,view,02/11/2026 17:20
496,35,click,02/11/2026 17:36
496,17,view,02/11/2026 17:56
496,45,click,02/11/2026 18:11
496,12,search,02/11/2026 19:17
496,33,view,02/11/2026 20:17
496,3,click,02/11/2026 22:12
496,14,add_to_cart,02/12/2026 1:12
496,50,search,02/12/2026 3:27
496,50,click,02/12/2026 4:06
496,50,click,02/12/2026 6:21
496,45,add_to_cart,02/12/2026 8:11
496,32,search,02/12/2026 10:16
496,42,search,02/12/2026 11:11
496,50,view,02/12/2026 11:47
496,41,click,02/12/2026 14:40
496,14,purchase,02/12/2026 16:02
496,14,rate,02/12/2026 17:55
496,32,search,02/12/2026 18:46
496,33,remove_cart,02/12/2026 19:30
496,36,search,02/12/2026 19:33
496,25,view,02/12/2026 21:55
496,41,search,02/12/2026 22:48
496,45,purchase,02/13/2026 1:10
496,42,search,02/13/2026 1:24
496,39,click,02/13/2026 4:18
496,29,view,02/13/2026 6:00
496,12,click,02/13/2026 7:24
496,48,update_quantity,02/13/2026 9:20
496,31,search,02/13/2026 11:22
496,45,view,02/13/2026 14:04
496,29,add_to_cart,02/13/2026 14:31
496,48,click,02/13/2026 17:30
496,29,purchase,02/13/2026 19:17
496,48,view,02/13/2026 22:03
496,29,view,02/13/2026 23:35
496,48,purchase,02/14/2026 1:03
496,44,search,02/14/2026 1:07
497,35,view,01/23/2026 11:10
497,35,view,01/23/2026 13:01
497,35,click,01/23/2026 15:59
497,42,search,01/23/2026 17:10
497,24,search,01/23/2026 17:38
497,3,click,01/23/2026 18:47
497,24,add_to_cart,01/23/2026 19:15
497,3,view,01/23/2026 19:42
497,35,click,01/23/2026 21:52
497,3,add_to_cart,01/23/2026 23:24
497,26,view,01/23/2026 23:27
497,3,update_quantity,01/24/2026 0:41
497,13,click,01/24/2026 2:40
497,13,view,01/24/2026 2:53
497,24,purchase,01/24/2026 4:23
497,26,search,01/24/2026 5:58
497,41,add_to_cart,01/24/2026 6:20
497,3,view,01/24/2026 6:48
497,23,search,01/24/2026 7:13
497,23,view,01/24/2026 7:56
497,23,add_to_cart,01/24/2026 8:20
497,23,click,01/24/2026 11:00
497,4,search,01/24/2026 11:18
497,3,view,01/24/2026 13:18
497,3,remove_cart,01/24/2026 15:38
497,23,view,01/24/2026 18:21
497,4,view,01/24/2026 19:19
497,50,search,01/24/2026 20:27
497,3,view,01/24/2026 21:32
497,1,search,01/25/2026 0:24
497,4,add_to_cart,01/25/2026 3:03
497,41,purchase,01/25/2026 4:54
497,31,search,01/25/2026 7:49
497,29,add_to_cart,01/25/2026 10:47
497,47,add_to_cart,01/25/2026 12:21
497,29,purchase,01/25/2026 13:06
497,29,view,01/25/2026 14:27
498,49,click,12/08/2025 16:19
498,37,add_to_cart,12/08/2025 17:23
498,37,click,12/08/2025 17:28
498,8,click,12/08/2025 18:28
498,37,remove_cart,12/08/2025 20:44
498,25,search,12/08/2025 23:41
498,8,view,12/09/2025 1:33
498,49,view,12/09/2025 2:25
498,26,search,12/09/2025 4:06
498,8,view,12/09/2025 6:30
498,15,view,12/09/2025 7:15
498,26,view,12/09/2025 7:36
498,49,add_to_cart,12/09/2025 10:03
498,49,purchase,12/09/2025 11:17
498,26,view,12/09/2025 12:44
498,48,view,12/09/2025 12:49
498,28,search,12/09/2025 14:14
498,42,view,12/09/2025 16:15
498,2,view,12/09/2025 16:32
498,50,view,12/09/2025 17:07
498,49,click,12/09/2025 19:02
498,26,click,12/09/2025 20:47
498,24,add_to_cart,12/09/2025 22:15
498,42,click,12/09/2025 23:51
498,19,search,12/10/2025 1:21
498,50,click,12/10/2025 2:43
498,24,remove_cart,12/10/2025 4:54
498,24,search,12/10/2025 6:41
498,41,add_to_cart,12/10/2025 8:20
498,4,click,12/10/2025 8:56
498,39,view,12/10/2025 10:34
498,25,click,12/10/2025 13:26
498,18,view,12/10/2025 15:42
498,11,view,12/10/2025 16:36
498,19,search,12/10/2025 19:06
498,41,update_quantity,12/10/2025 20:29
498,41,remove_cart,12/10/2025 22:32
498,15,view,12/11/2025 1:14
498,41,add_to_cart,12/11/2025 2:31
498,11,click,12/11/2025 4:54
498,19,view,12/11/2025 6:09
498,49,rate,12/11/2025 7:49
498,33,click,12/11/2025 8:53
498,11,click,12/11/2025 9:59
498,41,remove_cart,12/11/2025 10:52
498,37,add_to_cart,12/11/2025 13:27
498,45,view,12/11/2025 16:21
498,37,view,12/11/2025 16:43
498,37,click,12/11/2025 19:34
498,27,add_to_cart,12/11/2025 20:06
498,27,search,12/11/2025 22:09
498,24,click,12/12/2025 0:12
498,41,view,12/12/2025 2:48
498,24,search,12/12/2025 5:13
498,43,click,12/12/2025 6:49
498,27,add_to_cart,12/12/2025 8:59
498,8,add_to_cart,12/12/2025 10:57
498,45,view,12/12/2025 11:12
498,27,click,12/12/2025 11:57
498,31,view,12/12/2025 14:45
498,8,update_quantity,12/12/2025 17:32
498,34,search,12/12/2025 18:03
498,17,view,12/12/2025 19:44
498,16,click,12/12/2025 21:01
498,45,view,12/12/2025 23:10
498,27,remove_cart,12/13/2025 0:27
499,17,add_to_cart,02/01/2026 4:13
499,17,view,02/01/2026 6:49
499,17,view,02/01/2026 7:56
499,17,purchase,02/01/2026 10:50
499,17,rate,02/01/2026 11:02
499,10,click,02/01/2026 12:16
499,10,view,02/01/2026 12:27
499,17,search,02/01/2026 13:54
499,17,view,02/01/2026 14:12
499,41,add_to_cart,02/01/2026 16:06
499,17,click,02/01/2026 16:58
499,9,click,02/01/2026 19:43
499,17,add_to_cart,02/01/2026 21:58
499,32,search,02/01/2026 23:43
499,41,purchase,02/02/2026 1:39
499,18,search,02/02/2026 3:13
499,17,view,02/02/2026 5:55
499,17,add_to_cart,02/02/2026 6:58
499,9,click,02/02/2026 9:22
499,9,add_to_cart,02/02/2026 11:19
499,35,add_to_cart,02/02/2026 11:27
499,17,view,02/02/2026 12:37
499,44,click,02/02/2026 12:52
499,17,update_quantity,02/02/2026 14:02
499,35,view,02/02/2026 15:31
499,14,search,02/02/2026 17:04
499,14,view,02/02/2026 19:13
499,17,search,02/02/2026 21:59
499,1,view,02/02/2026 23:30
499,9,search,02/03/2026 1:50
499,17,view,02/03/2026 3:26
499,41,rate,02/03/2026 5:10
499,35,update_quantity,02/03/2026 6:22
499,9,remove_cart,02/03/2026 7:11
499,17,click,02/03/2026 9:06
499,33,view,02/03/2026 11:29
499,17,update_quantity,02/03/2026 13:08
499,18,search,02/03/2026 13:11
499,9,view,02/03/2026 15:29
499,18,search,02/03/2026 16:20
499,35,click,02/03/2026 17:46
499,45,search,02/03/2026 20:06
499,20,view,02/03/2026 21:59
499,39,search,02/03/2026 22:52
499,17,purchase,02/03/2026 23:03
499,5,click,02/04/2026 1:25
499,5,click,02/04/2026 3:50
499,39,view,02/04/2026 5:29
499,20,click,02/04/2026 6:40
499,35,update_quantity,02/04/2026 8:32
499,35,purchase,02/04/2026 8:43
499,35,view,02/04/2026 9:19
499,20,view,02/04/2026 9:26
499,49,add_to_cart,02/04/2026 10:31
499,5,click,02/04/2026 11:32
499,5,view,02/04/2026 12:03
500,32,add_to_cart,02/18/2026 22:47
500,32,remove_cart,02/19/2026 1:24
500,27,search,02/19/2026 4:22
500,12,search,02/19/2026 5:21
500,7,click,02/19/2026 7:22
500,32,click,02/19/2026 7:53
500,26,search,02/19/2026 10:32
500,27,click,02/19/2026 12:53
500,32,click,02/19/2026 14:27
500,26,view,02/19/2026 14:34
500,27,view,02/19/2026 15:08
500,32,view,02/19/2026 16:27
500,33,add_to_cart,02/19/2026 18:13
500,7,search,02/19/2026 19:38
500,50,search,02/19/2026 21:23
500,33,update_quantity,02/19/2026 23:13
500,3,search,02/20/2026 1:47
500,36,search,02/20/2026 4:07
500,7,click,02/20/2026 7:01
500,33,purchase,02/20/2026 7:10
500,7,view,02/20/2026 9:16
500,33,add_to_cart,02/20/2026 11:13
500,13,search,02/20/2026 11:42
500,36,view,02/20/2026 12:48
500,7,add_to_cart,02/20/2026 15:22
500,30,click,02/20/2026 16:57
500,33,remove_cart,02/20/2026 19:36
500,24,add_to_cart,02/20/2026 21:11
500,33,click,02/21/2026 0:07
500,7,remove_cart,02/21/2026 2:29
500,24,update_quantity,02/21/2026 3:32
500,24,view,02/21/2026 5:45
500,47,view,02/21/2026 6:00
500,23,click,02/21/2026 8:58
500,1,search,02/21/2026 11:40
500,7,view,02/21/2026 13:48
500,46,view,02/21/2026 16:24
500,1,click,02/21/2026 17:58
500,46,click,02/21/2026 18:46
500,24,update_quantity,02/21/2026 19:38
500,1,view,02/21/2026 20:57
500,1,view,02/21/2026 21:45
500,46,view,02/22/2026 0:03
500,1,view,02/22/2026 1:33
500,18,click,02/22/2026 4:13
500,1,add_to_cart,02/22/2026 6:08
500,24,update_quantity,02/22/2026 6:45
500,1,remove_cart,02/22/2026 8:04
500,33,rate,02/22/2026 9:29
500,23,search,02/22/2026 10:54
